
 ----------Output Vector----------

    x         theta         y          phi           l        delta      System       Transport
  ( cm )      ( rad)      ( cm )      ( rad)       ( cm )     ( rad)    Length( cm )  Element #

 0.50000E-02  0.0000     0.50000E-02 0.10000E-02 0.10000     0.10000E-01  0.0000         0 ____            
 0.10247E-01 0.75850E-02 0.10247E-01 0.84295E-02 0.24520E-01 0.19984E-02  0.0000         1 ____            
 0.10212E-01 0.75850E-02 0.10208E-01 0.84295E-02 0.24520E-01 0.19984E-02 0.49751E-02     2 .               
 0.10177E-01 0.75850E-02 0.10168E-01 0.84295E-02 0.24520E-01 0.19984E-02 0.99502E-02     3 .               
 0.10143E-01 0.75850E-02 0.10129E-01 0.84295E-02 0.24520E-01 0.19984E-02 0.14925E-01     4 .               
 0.10108E-01 0.75850E-02 0.10090E-01 0.84295E-02 0.24520E-01 0.19984E-02 0.19900E-01     5 .               
 0.10073E-01 0.75850E-02 0.10051E-01 0.84295E-02 0.24520E-01 0.19984E-02 0.24876E-01     6 .               
 0.10038E-01 0.75850E-02 0.10011E-01 0.84295E-02 0.24520E-01 0.19984E-02 0.29851E-01     7 .               
 0.10004E-01 0.75850E-02 0.99722E-02 0.84295E-02 0.24520E-01 0.19984E-02 0.34826E-01     8 .               
 0.99691E-02 0.75850E-02 0.99330E-02 0.84295E-02 0.24520E-01 0.19984E-02 0.39801E-01     9 .               
 0.99345E-02 0.75850E-02 0.98939E-02 0.84295E-02 0.24520E-01 0.19984E-02 0.44776E-01    10 .               
 0.98999E-02 0.75850E-02 0.98548E-02 0.84295E-02 0.24520E-01 0.19984E-02 0.49751E-01    11 .               
 0.98653E-02 0.75850E-02 0.98157E-02 0.84295E-02 0.24520E-01 0.19984E-02 0.54726E-01    12 .               
 0.98308E-02 0.75850E-02 0.97766E-02 0.84295E-02 0.24520E-01 0.19984E-02 0.59701E-01    13 .               
 0.97962E-02 0.75850E-02 0.97375E-02 0.84295E-02 0.24520E-01 0.19984E-02 0.64677E-01    14 .               
 0.97617E-02 0.75850E-02 0.96985E-02 0.84295E-02 0.24520E-01 0.19984E-02 0.69652E-01    15 .               
 0.97272E-02 0.75850E-02 0.96595E-02 0.84295E-02 0.24520E-01 0.19984E-02 0.74627E-01    16 .               
 0.96928E-02 0.75850E-02 0.96205E-02 0.84295E-02 0.24520E-01 0.19984E-02 0.79602E-01    17 .               
 0.96583E-02 0.75850E-02 0.95816E-02 0.84295E-02 0.24520E-01 0.19984E-02 0.84577E-01    18 .               
 0.96239E-02 0.75850E-02 0.95427E-02 0.84295E-02 0.24520E-01 0.19984E-02 0.89552E-01    19 .               
 0.95895E-02 0.75850E-02 0.95038E-02 0.84295E-02 0.24521E-01 0.19984E-02 0.94527E-01    20 .               
 0.95552E-02 0.75850E-02 0.94649E-02 0.84295E-02 0.24521E-01 0.19984E-02 0.99502E-01    21 .               
 0.95208E-02 0.75850E-02 0.94260E-02 0.84295E-02 0.24521E-01 0.19984E-02 0.10448        22 .               
 0.94865E-02 0.75850E-02 0.93872E-02 0.84295E-02 0.24521E-01 0.19984E-02 0.10945        23 .               
 0.94522E-02 0.75850E-02 0.93484E-02 0.84295E-02 0.24521E-01 0.19984E-02 0.11443        24 .               
 0.94180E-02 0.75850E-02 0.93097E-02 0.84295E-02 0.24521E-01 0.19984E-02 0.11940        25 .               
 0.93837E-02 0.75850E-02 0.92709E-02 0.84295E-02 0.24521E-01 0.19984E-02 0.12438        26 .               
 0.93495E-02 0.75850E-02 0.92322E-02 0.84295E-02 0.24521E-01 0.19984E-02 0.12935        27 .               
 0.93153E-02 0.75850E-02 0.91935E-02 0.84295E-02 0.24521E-01 0.19984E-02 0.13433        28 .               
 0.92812E-02 0.75850E-02 0.91549E-02 0.84295E-02 0.24521E-01 0.19984E-02 0.13930        29 .               
 0.92471E-02 0.75850E-02 0.91163E-02 0.84295E-02 0.24521E-01 0.19984E-02 0.14428        30 .               
 0.92130E-02 0.75850E-02 0.90777E-02 0.84295E-02 0.24522E-01 0.19984E-02 0.14925        31 .               
 0.91789E-02 0.75850E-02 0.90391E-02 0.84295E-02 0.24522E-01 0.19984E-02 0.15423        32 .               
 0.91449E-02 0.75850E-02 0.90006E-02 0.84295E-02 0.24522E-01 0.19984E-02 0.15920        33 .               
 0.91108E-02 0.75850E-02 0.89620E-02 0.84295E-02 0.24522E-01 0.19984E-02 0.16418        34 .               
 0.90769E-02 0.75850E-02 0.89236E-02 0.84295E-02 0.24522E-01 0.19984E-02 0.16915        35 .               
 0.90429E-02 0.75850E-02 0.88851E-02 0.84295E-02 0.24522E-01 0.19984E-02 0.17413        36 .               
 0.90090E-02 0.75850E-02 0.88467E-02 0.84295E-02 0.24522E-01 0.19984E-02 0.17910        37 .               
 0.89751E-02 0.75850E-02 0.88083E-02 0.84295E-02 0.24522E-01 0.19984E-02 0.18408        38 .               
 0.89412E-02 0.75850E-02 0.87700E-02 0.84295E-02 0.24523E-01 0.19984E-02 0.18905        39 .               
 0.89074E-02 0.75850E-02 0.87317E-02 0.84295E-02 0.24523E-01 0.19984E-02 0.19403        40 .               
 0.88736E-02 0.75850E-02 0.86934E-02 0.84295E-02 0.24523E-01 0.19984E-02 0.19901        41 .               
 0.88399E-02 0.75850E-02 0.86552E-02 0.84295E-02 0.24523E-01 0.19984E-02 0.20398        42 .               
 0.88061E-02 0.75850E-02 0.86169E-02 0.84295E-02 0.24523E-01 0.19984E-02 0.20896        43 .               
 0.87724E-02 0.75850E-02 0.85788E-02 0.84295E-02 0.24523E-01 0.19984E-02 0.21393        44 .               
 0.87388E-02 0.75850E-02 0.85406E-02 0.84295E-02 0.24523E-01 0.19984E-02 0.21891        45 .               
 0.87051E-02 0.75850E-02 0.85025E-02 0.84295E-02 0.24524E-01 0.19984E-02 0.22388        46 .               
 0.86715E-02 0.75850E-02 0.84645E-02 0.84295E-02 0.24524E-01 0.19984E-02 0.22886        47 .               
 0.86380E-02 0.75850E-02 0.84264E-02 0.84295E-02 0.24524E-01 0.19984E-02 0.23383        48 .               
 0.86044E-02 0.75850E-02 0.83884E-02 0.84295E-02 0.24524E-01 0.19984E-02 0.23881        49 .               
 0.85709E-02 0.75850E-02 0.83505E-02 0.84295E-02 0.24524E-01 0.19984E-02 0.24378        50 .               
 0.85375E-02 0.75850E-02 0.83125E-02 0.84295E-02 0.24525E-01 0.19984E-02 0.24876        51 .               
 0.85040E-02 0.75850E-02 0.82747E-02 0.84295E-02 0.24525E-01 0.19984E-02 0.25373        52 .               
 0.84707E-02 0.75850E-02 0.82368E-02 0.84295E-02 0.24525E-01 0.19984E-02 0.25871        53 .               
 0.84373E-02 0.75850E-02 0.81990E-02 0.84295E-02 0.24525E-01 0.19984E-02 0.26368        54 .               
 0.84040E-02 0.75850E-02 0.81613E-02 0.84295E-02 0.24525E-01 0.19984E-02 0.26866        55 .               
 0.83707E-02 0.75850E-02 0.81235E-02 0.84295E-02 0.24526E-01 0.19984E-02 0.27363        56 .               
 0.83375E-02 0.75850E-02 0.80859E-02 0.84295E-02 0.24526E-01 0.19984E-02 0.27861        57 .               
 0.83043E-02 0.75850E-02 0.80482E-02 0.84295E-02 0.24526E-01 0.19984E-02 0.28358        58 .               
 0.82711E-02 0.75850E-02 0.80106E-02 0.84295E-02 0.24526E-01 0.19984E-02 0.28856        59 .               
 0.82380E-02 0.75850E-02 0.79731E-02 0.84295E-02 0.24526E-01 0.19984E-02 0.29353        60 .               
 0.82049E-02 0.75850E-02 0.79356E-02 0.84295E-02 0.24527E-01 0.19984E-02 0.29851        61 .               
 0.81719E-02 0.75850E-02 0.78981E-02 0.84295E-02 0.24527E-01 0.19984E-02 0.30348        62 .               
 0.81389E-02 0.75850E-02 0.78607E-02 0.84295E-02 0.24527E-01 0.19984E-02 0.30846        63 .               
 0.81059E-02 0.75850E-02 0.78233E-02 0.84295E-02 0.24527E-01 0.19984E-02 0.31343        64 .               
 0.80730E-02 0.75850E-02 0.77860E-02 0.84295E-02 0.24528E-01 0.19984E-02 0.31841        65 .               
 0.80401E-02 0.75850E-02 0.77487E-02 0.84295E-02 0.24528E-01 0.19984E-02 0.32338        66 .               
 0.80073E-02 0.75850E-02 0.77115E-02 0.84295E-02 0.24528E-01 0.19984E-02 0.32836        67 .               
 0.79745E-02 0.75850E-02 0.76743E-02 0.84295E-02 0.24528E-01 0.19984E-02 0.33333        68 .               
 0.79417E-02 0.75850E-02 0.76372E-02 0.84295E-02 0.24529E-01 0.19984E-02 0.33831        69 .               
 0.79090E-02 0.75850E-02 0.76001E-02 0.84295E-02 0.24529E-01 0.19984E-02 0.34328        70 .               
 0.78764E-02 0.75850E-02 0.75631E-02 0.84295E-02 0.24529E-01 0.19984E-02 0.34826        71 .               
 0.78438E-02 0.75850E-02 0.75261E-02 0.84295E-02 0.24529E-01 0.19984E-02 0.35323        72 .               
 0.78112E-02 0.75850E-02 0.74892E-02 0.84295E-02 0.24530E-01 0.19984E-02 0.35821        73 .               
 0.77787E-02 0.75850E-02 0.74523E-02 0.84295E-02 0.24530E-01 0.19984E-02 0.36318        74 .               
 0.77462E-02 0.75850E-02 0.74155E-02 0.84295E-02 0.24530E-01 0.19984E-02 0.36816        75 .               
 0.77138E-02 0.75850E-02 0.73787E-02 0.84295E-02 0.24531E-01 0.19984E-02 0.37314        76 .               
 0.76814E-02 0.75850E-02 0.73420E-02 0.84295E-02 0.24531E-01 0.19984E-02 0.37811        77 .               
 0.76491E-02 0.75850E-02 0.73054E-02 0.84295E-02 0.24531E-01 0.19984E-02 0.38309        78 .               
 0.76168E-02 0.75850E-02 0.72688E-02 0.84295E-02 0.24531E-01 0.19984E-02 0.38806        79 .               
 0.75846E-02 0.75850E-02 0.72322E-02 0.84295E-02 0.24532E-01 0.19984E-02 0.39304        80 .               
 0.75524E-02 0.75850E-02 0.71957E-02 0.84295E-02 0.24532E-01 0.19984E-02 0.39801        81 .               
 0.75203E-02 0.75850E-02 0.71593E-02 0.84295E-02 0.24532E-01 0.19984E-02 0.40299        82 .               
 0.74882E-02 0.75850E-02 0.71230E-02 0.84295E-02 0.24533E-01 0.19984E-02 0.40796        83 .               
 0.74562E-02 0.75850E-02 0.70867E-02 0.84295E-02 0.24533E-01 0.19984E-02 0.41294        84 .               
 0.74243E-02 0.75850E-02 0.70504E-02 0.84295E-02 0.24533E-01 0.19984E-02 0.41791        85 .               
 0.73923E-02 0.75850E-02 0.70143E-02 0.84295E-02 0.24534E-01 0.19984E-02 0.42289        86 .               
 0.73605E-02 0.75850E-02 0.69782E-02 0.84295E-02 0.24534E-01 0.19984E-02 0.42786        87 .               
 0.73287E-02 0.75850E-02 0.69421E-02 0.84295E-02 0.24534E-01 0.19984E-02 0.43284        88 .               
 0.72970E-02 0.75850E-02 0.69061E-02 0.84295E-02 0.24535E-01 0.19984E-02 0.43781        89 .               
 0.72653E-02 0.75850E-02 0.68702E-02 0.84295E-02 0.24535E-01 0.19984E-02 0.44279        90 .               
 0.72337E-02 0.75850E-02 0.68344E-02 0.84295E-02 0.24535E-01 0.19984E-02 0.44776        91 .               
 0.72021E-02 0.75850E-02 0.67986E-02 0.84295E-02 0.24536E-01 0.19984E-02 0.45274        92 .               
 0.71706E-02 0.75850E-02 0.67629E-02 0.84295E-02 0.24536E-01 0.19984E-02 0.45771        93 .               
 0.71391E-02 0.75850E-02 0.67273E-02 0.84295E-02 0.24536E-01 0.19984E-02 0.46269        94 .               
 0.71077E-02 0.75850E-02 0.66918E-02 0.84295E-02 0.24537E-01 0.19984E-02 0.46766        95 .               
 0.70764E-02 0.75850E-02 0.66563E-02 0.84295E-02 0.24537E-01 0.19984E-02 0.47264        96 .               
 0.70452E-02 0.75850E-02 0.66209E-02 0.84295E-02 0.24538E-01 0.19984E-02 0.47761        97 .               
 0.70140E-02 0.75850E-02 0.65855E-02 0.84295E-02 0.24538E-01 0.19984E-02 0.48259        98 .               
 0.69828E-02 0.75850E-02 0.65503E-02 0.84295E-02 0.24538E-01 0.19984E-02 0.48756        99 .               
 0.69518E-02 0.75850E-02 0.65151E-02 0.84295E-02 0.24539E-01 0.19984E-02 0.49254       100 .               
 0.69208E-02 0.75850E-02 0.64800E-02 0.84295E-02 0.24539E-01 0.19984E-02 0.49751       101 .               
 0.68898E-02 0.75850E-02 0.64450E-02 0.84295E-02 0.24540E-01 0.19984E-02 0.50249       102 .               
 0.68590E-02 0.75850E-02 0.64101E-02 0.84295E-02 0.24540E-01 0.19984E-02 0.50746       103 .               
 0.68282E-02 0.75850E-02 0.63753E-02 0.84295E-02 0.24540E-01 0.19984E-02 0.51244       104 .               
 0.67974E-02 0.75850E-02 0.63405E-02 0.84295E-02 0.24541E-01 0.19984E-02 0.51741       105 .               
 0.67668E-02 0.75850E-02 0.63059E-02 0.84295E-02 0.24541E-01 0.19984E-02 0.52239       106 .               
 0.67362E-02 0.75850E-02 0.62713E-02 0.84295E-02 0.24542E-01 0.19984E-02 0.52736       107 .               
 0.67057E-02 0.75850E-02 0.62368E-02 0.84295E-02 0.24542E-01 0.19984E-02 0.53234       108 .               
 0.66753E-02 0.75850E-02 0.62024E-02 0.84295E-02 0.24542E-01 0.19984E-02 0.53731       109 .               
 0.66449E-02 0.75850E-02 0.61681E-02 0.84295E-02 0.24543E-01 0.19984E-02 0.54229       110 .               
 0.66146E-02 0.75850E-02 0.61339E-02 0.84295E-02 0.24543E-01 0.19984E-02 0.54726       111 .               
 0.65844E-02 0.75850E-02 0.60998E-02 0.84295E-02 0.24544E-01 0.19984E-02 0.55224       112 .               
 0.65543E-02 0.75850E-02 0.60658E-02 0.84295E-02 0.24544E-01 0.19984E-02 0.55721       113 .               
 0.65242E-02 0.75850E-02 0.60319E-02 0.84295E-02 0.24545E-01 0.19984E-02 0.56219       114 .               
 0.64943E-02 0.75850E-02 0.59981E-02 0.84295E-02 0.24545E-01 0.19984E-02 0.56716       115 .               
 0.64644E-02 0.75850E-02 0.59644E-02 0.84295E-02 0.24545E-01 0.19984E-02 0.57214       116 .               
 0.64346E-02 0.75850E-02 0.59308E-02 0.84295E-02 0.24546E-01 0.19984E-02 0.57711       117 .               
 0.64048E-02 0.75850E-02 0.58973E-02 0.84295E-02 0.24546E-01 0.19984E-02 0.58209       118 .               
 0.63752E-02 0.75850E-02 0.58639E-02 0.84295E-02 0.24547E-01 0.19984E-02 0.58707       119 .               
 0.63456E-02 0.75850E-02 0.58306E-02 0.84295E-02 0.24547E-01 0.19984E-02 0.59204       120 .               
 0.63162E-02 0.75850E-02 0.57974E-02 0.84295E-02 0.24548E-01 0.19984E-02 0.59702       121 .               
 0.62868E-02 0.75850E-02 0.57644E-02 0.84295E-02 0.24548E-01 0.19984E-02 0.60199       122 .               
 0.62575E-02 0.75850E-02 0.57315E-02 0.84295E-02 0.24549E-01 0.19984E-02 0.60697       123 .               
 0.62283E-02 0.75850E-02 0.56986E-02 0.84295E-02 0.24549E-01 0.19984E-02 0.61194       124 .               
 0.61992E-02 0.75850E-02 0.56659E-02 0.84295E-02 0.24550E-01 0.19984E-02 0.61692       125 .               
 0.61702E-02 0.75850E-02 0.56334E-02 0.84295E-02 0.24550E-01 0.19984E-02 0.62189       126 .               
 0.61413E-02 0.75850E-02 0.56009E-02 0.84295E-02 0.24551E-01 0.19984E-02 0.62687       127 .               
 0.61125E-02 0.75850E-02 0.55686E-02 0.84295E-02 0.24551E-01 0.19984E-02 0.63184       128 .               
 0.60837E-02 0.75850E-02 0.55364E-02 0.84295E-02 0.24552E-01 0.19984E-02 0.63682       129 .               
 0.60551E-02 0.75850E-02 0.55044E-02 0.84295E-02 0.24552E-01 0.19984E-02 0.64179       130 .               
 0.60266E-02 0.75850E-02 0.54724E-02 0.84295E-02 0.24553E-01 0.19984E-02 0.64677       131 .               
 0.59982E-02 0.75850E-02 0.54406E-02 0.84295E-02 0.24553E-01 0.19984E-02 0.65174       132 .               
 0.59698E-02 0.75850E-02 0.54090E-02 0.84295E-02 0.24554E-01 0.19984E-02 0.65672       133 .               
 0.59416E-02 0.75850E-02 0.53775E-02 0.84295E-02 0.24554E-01 0.19984E-02 0.66169       134 .               
 0.59135E-02 0.75850E-02 0.53461E-02 0.84295E-02 0.24555E-01 0.19984E-02 0.66667       135 .               
 0.58855E-02 0.75850E-02 0.53149E-02 0.84295E-02 0.24555E-01 0.19984E-02 0.67164       136 .               
 0.58576E-02 0.75850E-02 0.52838E-02 0.84295E-02 0.24556E-01 0.19984E-02 0.67662       137 .               
 0.58299E-02 0.75850E-02 0.52529E-02 0.84295E-02 0.24556E-01 0.19984E-02 0.68159       138 .               
 0.58022E-02 0.75850E-02 0.52221E-02 0.84295E-02 0.24557E-01 0.19984E-02 0.68657       139 .               
 0.57746E-02 0.75850E-02 0.51915E-02 0.84295E-02 0.24558E-01 0.19984E-02 0.69154       140 .               
 0.57472E-02 0.75850E-02 0.51611E-02 0.84295E-02 0.24558E-01 0.19984E-02 0.69652       141 .               
 0.57199E-02 0.75850E-02 0.51308E-02 0.84295E-02 0.24559E-01 0.19984E-02 0.70149       142 .               
 0.56927E-02 0.75850E-02 0.51006E-02 0.84295E-02 0.24559E-01 0.19984E-02 0.70647       143 .               
 0.56656E-02 0.75850E-02 0.50707E-02 0.84295E-02 0.24560E-01 0.19984E-02 0.71144       144 .               
 0.56386E-02 0.75850E-02 0.50409E-02 0.84295E-02 0.24560E-01 0.19984E-02 0.71642       145 .               
 0.56118E-02 0.75850E-02 0.50113E-02 0.84295E-02 0.24561E-01 0.19984E-02 0.72139       146 .               
 0.55851E-02 0.75850E-02 0.49818E-02 0.84295E-02 0.24561E-01 0.19984E-02 0.72637       147 .               
 0.55585E-02 0.75850E-02 0.49526E-02 0.84295E-02 0.24562E-01 0.19984E-02 0.73134       148 .               
 0.55321E-02 0.75850E-02 0.49235E-02 0.84295E-02 0.24563E-01 0.19984E-02 0.73632       149 .               
 0.55058E-02 0.75850E-02 0.48946E-02 0.84295E-02 0.24563E-01 0.19984E-02 0.74129       150 .               
 0.54796E-02 0.75850E-02 0.48659E-02 0.84295E-02 0.24564E-01 0.19984E-02 0.74627       151 .               
 0.54535E-02 0.75850E-02 0.48374E-02 0.84295E-02 0.24564E-01 0.19984E-02 0.75124       152 .               
 0.54276E-02 0.75850E-02 0.48091E-02 0.84295E-02 0.24565E-01 0.19984E-02 0.75622       153 .               
 0.54018E-02 0.75850E-02 0.47810E-02 0.84295E-02 0.24566E-01 0.19984E-02 0.76119       154 .               
 0.53762E-02 0.75850E-02 0.47531E-02 0.84295E-02 0.24566E-01 0.19984E-02 0.76617       155 .               
 0.53507E-02 0.75850E-02 0.47254E-02 0.84295E-02 0.24567E-01 0.19984E-02 0.77114       156 .               
 0.53254E-02 0.75850E-02 0.46979E-02 0.84295E-02 0.24567E-01 0.19984E-02 0.77612       157 .               
 0.53002E-02 0.75850E-02 0.46707E-02 0.84295E-02 0.24568E-01 0.19984E-02 0.78109       158 .               
 0.52751E-02 0.75850E-02 0.46436E-02 0.84295E-02 0.24569E-01 0.19984E-02 0.78607       159 .               
 0.52502E-02 0.75850E-02 0.46168E-02 0.84295E-02 0.24569E-01 0.19984E-02 0.79104       160 .               
 0.52255E-02 0.75850E-02 0.45902E-02 0.84295E-02 0.24570E-01 0.19984E-02 0.79602       161 .               
 0.52009E-02 0.75850E-02 0.45638E-02 0.84295E-02 0.24571E-01 0.19984E-02 0.80099       162 .               
 0.51765E-02 0.75850E-02 0.45377E-02 0.84295E-02 0.24571E-01 0.19984E-02 0.80597       163 .               
 0.51522E-02 0.75850E-02 0.45118E-02 0.84295E-02 0.24572E-01 0.19984E-02 0.81094       164 .               
 0.51281E-02 0.75850E-02 0.44861E-02 0.84295E-02 0.24573E-01 0.19984E-02 0.81592       165 .               
 0.51042E-02 0.75850E-02 0.44607E-02 0.84295E-02 0.24573E-01 0.19984E-02 0.82089       166 .               
 0.50804E-02 0.75850E-02 0.44356E-02 0.84295E-02 0.24574E-01 0.19984E-02 0.82587       167 .               
 0.50568E-02 0.75850E-02 0.44107E-02 0.84295E-02 0.24574E-01 0.19984E-02 0.83084       168 .               
 0.50334E-02 0.75850E-02 0.43860E-02 0.84295E-02 0.24575E-01 0.19984E-02 0.83582       169 .               
 0.50101E-02 0.75850E-02 0.43616E-02 0.84295E-02 0.24576E-01 0.19984E-02 0.84079       170 .               
 0.49871E-02 0.75850E-02 0.43375E-02 0.84295E-02 0.24576E-01 0.19984E-02 0.84577       171 .               
 0.49642E-02 0.75850E-02 0.43137E-02 0.84295E-02 0.24577E-01 0.19984E-02 0.85074       172 .               
 0.49415E-02 0.75850E-02 0.42901E-02 0.84295E-02 0.24578E-01 0.19984E-02 0.85572       173 .               
 0.49189E-02 0.75850E-02 0.42669E-02 0.84295E-02 0.24579E-01 0.19984E-02 0.86069       174 .               
 0.48966E-02 0.75850E-02 0.42439E-02 0.84295E-02 0.24579E-01 0.19984E-02 0.86567       175 .               
 0.48744E-02 0.75850E-02 0.42212E-02 0.84295E-02 0.24580E-01 0.19984E-02 0.87064       176 .               
 0.48525E-02 0.75850E-02 0.41988E-02 0.84295E-02 0.24581E-01 0.19984E-02 0.87562       177 .               
 0.48307E-02 0.75850E-02 0.41767E-02 0.84295E-02 0.24581E-01 0.19984E-02 0.88059       178 .               
 0.48091E-02 0.75850E-02 0.41549E-02 0.84295E-02 0.24582E-01 0.19984E-02 0.88557       179 .               
 0.47878E-02 0.75850E-02 0.41334E-02 0.84295E-02 0.24583E-01 0.19984E-02 0.89055       180 .               
 0.47666E-02 0.75850E-02 0.41122E-02 0.84295E-02 0.24583E-01 0.19984E-02 0.89552       181 .               
 0.47457E-02 0.75850E-02 0.40914E-02 0.84295E-02 0.24584E-01 0.19984E-02 0.90050       182 .               
 0.47249E-02 0.75850E-02 0.40708E-02 0.84295E-02 0.24585E-01 0.19984E-02 0.90547       183 .               
 0.47044E-02 0.75850E-02 0.40506E-02 0.84295E-02 0.24586E-01 0.19984E-02 0.91045       184 .               
 0.46840E-02 0.75850E-02 0.40308E-02 0.84295E-02 0.24586E-01 0.19984E-02 0.91542       185 .               
 0.46639E-02 0.75850E-02 0.40113E-02 0.84295E-02 0.24587E-01 0.19984E-02 0.92040       186 .               
 0.46440E-02 0.75850E-02 0.39921E-02 0.84295E-02 0.24588E-01 0.19984E-02 0.92537       187 .               
 0.46244E-02 0.75850E-02 0.39733E-02 0.84295E-02 0.24589E-01 0.19984E-02 0.93035       188 .               
 0.46049E-02 0.75850E-02 0.39548E-02 0.84295E-02 0.24589E-01 0.19984E-02 0.93532       189 .               
 0.45857E-02 0.75850E-02 0.39367E-02 0.84295E-02 0.24590E-01 0.19984E-02 0.94030       190 .               
 0.45667E-02 0.75850E-02 0.39189E-02 0.84295E-02 0.24591E-01 0.19984E-02 0.94527       191 .               
 0.45480E-02 0.75850E-02 0.39016E-02 0.84295E-02 0.24592E-01 0.19984E-02 0.95025       192 .               
 0.45295E-02 0.75850E-02 0.38846E-02 0.84295E-02 0.24592E-01 0.19984E-02 0.95522       193 .               
 0.45112E-02 0.75850E-02 0.38680E-02 0.84295E-02 0.24593E-01 0.19984E-02 0.96020       194 .               
 0.44932E-02 0.75850E-02 0.38517E-02 0.84295E-02 0.24594E-01 0.19984E-02 0.96517       195 .               
 0.44754E-02 0.75850E-02 0.38359E-02 0.84295E-02 0.24595E-01 0.19984E-02 0.97015       196 .               
 0.44579E-02 0.75850E-02 0.38204E-02 0.84295E-02 0.24595E-01 0.19984E-02 0.97512       197 .               
 0.44406E-02 0.75850E-02 0.38054E-02 0.84295E-02 0.24596E-01 0.19984E-02 0.98010       198 .               
 0.44236E-02 0.75850E-02 0.37907E-02 0.84295E-02 0.24597E-01 0.19984E-02 0.98507       199 .               
 0.44068E-02 0.75850E-02 0.37765E-02 0.84295E-02 0.24598E-01 0.19984E-02 0.99005       200 .               
 0.43903E-02 0.75850E-02 0.37627E-02 0.84295E-02 0.24598E-01 0.19984E-02 0.99502       201 .               
 0.43740E-02 0.75850E-02 0.37493E-02 0.84295E-02 0.24599E-01 0.19984E-02  1.0000       202    .            
 0.43580E-02 0.75795E-02 0.37362E-02 0.84330E-02 0.24600E-01 0.19984E-02  1.0050       203 entr            
 0.43423E-02 0.75692E-02 0.37235E-02 0.84395E-02 0.24601E-01 0.19984E-02  1.0100       204    .            
 0.43271E-02 0.75515E-02 0.37111E-02 0.84505E-02 0.24602E-01 0.19984E-02  1.0150       205    .            
 0.43125E-02 0.75271E-02 0.36989E-02 0.84661E-02 0.24603E-01 0.19984E-02  1.0200       206    .            
 0.42984E-02 0.74981E-02 0.36868E-02 0.84850E-02 0.24603E-01 0.19984E-02  1.0250       207    .            
 0.42851E-02 0.74667E-02 0.36748E-02 0.85064E-02 0.24604E-01 0.19984E-02  1.0300       208    .            
 0.42725E-02 0.74342E-02 0.36629E-02 0.85294E-02 0.24605E-01 0.19984E-02  1.0350       209    .            
 0.42607E-02 0.74017E-02 0.36510E-02 0.85538E-02 0.24606E-01 0.19984E-02  1.0400       210    .            
 0.42497E-02 0.73700E-02 0.36391E-02 0.85791E-02 0.24607E-01 0.19984E-02  1.0450       211    .            
 0.42395E-02 0.73399E-02 0.36272E-02 0.86048E-02 0.24608E-01 0.19984E-02  1.0500       212    .            
 0.42302E-02 0.73123E-02 0.36154E-02 0.86303E-02 0.24608E-01 0.19984E-02  1.0550       213    .            
 0.42217E-02 0.72879E-02 0.36035E-02 0.86549E-02 0.24609E-01 0.19984E-02  1.0600       214    .            
 0.42140E-02 0.72672E-02 0.35917E-02 0.86776E-02 0.24610E-01 0.19984E-02  1.0650       215    .            
 0.42071E-02 0.72504E-02 0.35800E-02 0.86979E-02 0.24611E-01 0.19984E-02  1.0700       216    .            
 0.42009E-02 0.72375E-02 0.35685E-02 0.87149E-02 0.24612E-01 0.19984E-02  1.0750       217    .            
 0.41953E-02 0.72283E-02 0.35571E-02 0.87279E-02 0.24613E-01 0.19984E-02  1.0800       218    .            
 0.41903E-02 0.72228E-02 0.35460E-02 0.87366E-02 0.24613E-01 0.19984E-02  1.0850       219    .            
 0.41857E-02 0.72205E-02 0.35353E-02 0.87403E-02 0.24614E-01 0.19984E-02  1.0900       220    .            
 0.41815E-02 0.72212E-02 0.35251E-02 0.87390E-02 0.24615E-01 0.19984E-02  1.0950       221    .            
 0.41775E-02 0.72250E-02 0.35155E-02 0.87328E-02 0.24616E-01 0.19984E-02  1.1000       222    .            
 0.41735E-02 0.72319E-02 0.35066E-02 0.87220E-02 0.24617E-01 0.19984E-02  1.1050       223    .            
 0.41695E-02 0.72424E-02 0.34986E-02 0.87074E-02 0.24618E-01 0.19984E-02  1.1100       224    .            
 0.41652E-02 0.72575E-02 0.34915E-02 0.86901E-02 0.24619E-01 0.19984E-02  1.1150       225    .            
 0.41605E-02 0.72784E-02 0.34856E-02 0.86718E-02 0.24620E-01 0.19984E-02  1.1200       226    .            
 0.41552E-02 0.73069E-02 0.34810E-02 0.86542E-02 0.24621E-01 0.19984E-02  1.1250       227    .            
 0.41492E-02 0.73451E-02 0.34778E-02 0.86399E-02 0.24621E-01 0.19984E-02  1.1300       228    .            
 0.41422E-02 0.73956E-02 0.34762E-02 0.86316E-02 0.24622E-01 0.19984E-02  1.1350       229    .            
 0.41342E-02 0.74610E-02 0.34763E-02 0.86323E-02 0.24623E-01 0.19984E-02  1.1400       230    .            
 0.41248E-02 0.75442E-02 0.34782E-02 0.86452E-02 0.24624E-01 0.19984E-02  1.1450       231    .            
 0.41141E-02 0.76477E-02 0.34822E-02 0.86737E-02 0.24625E-01 0.19984E-02  1.1500       232    .            
 0.41017E-02 0.77739E-02 0.34883E-02 0.87208E-02 0.24626E-01 0.19984E-02  1.1549       233    .            
 0.40877E-02 0.79244E-02 0.34967E-02 0.87895E-02 0.24627E-01 0.19984E-02  1.1599       234    .            
 0.40718E-02 0.81001E-02 0.35075E-02 0.88822E-02 0.24628E-01 0.19984E-02  1.1649       235    .            
 0.40540E-02 0.83010E-02 0.35207E-02 0.90006E-02 0.24629E-01 0.19984E-02  1.1699       236    .            
 0.40342E-02 0.85261E-02 0.35365E-02 0.91456E-02 0.24630E-01 0.19984E-02  1.1749       237    .            
 0.40123E-02 0.87733E-02 0.35549E-02 0.93172E-02 0.24631E-01 0.19984E-02  1.1799       238    .            
 0.39883E-02 0.90395E-02 0.35760E-02 0.95145E-02 0.24632E-01 0.19984E-02  1.1849       239    .            
 0.39622E-02 0.93211E-02 0.35997E-02 0.97353E-02 0.24633E-01 0.19984E-02  1.1899       240    .            
 0.39340E-02 0.96135E-02 0.36263E-02 0.99768E-02 0.24634E-01 0.19984E-02  1.1949       241    .            
 0.39037E-02 0.99118E-02 0.36555E-02 0.10235E-01 0.24635E-01 0.19984E-02  1.1999       242    .            
 0.38714E-02 0.10211E-01 0.36874E-02 0.10506E-01 0.24636E-01 0.19984E-02  1.2049       243    .            
 0.38373E-02 0.10505E-01 0.37219E-02 0.10784E-01 0.24636E-01 0.19984E-02  1.2099       244    .            
 0.38013E-02 0.10788E-01 0.37590E-02 0.11063E-01 0.24637E-01 0.19984E-02  1.2149       245    .            
 0.37638E-02 0.11057E-01 0.37985E-02 0.11338E-01 0.24638E-01 0.19984E-02  1.2199       246    .            
 0.37248E-02 0.11304E-01 0.38402E-02 0.11602E-01 0.24639E-01 0.19984E-02  1.2249       247    .            
 0.36846E-02 0.11527E-01 0.38841E-02 0.11848E-01 0.24640E-01 0.19984E-02  1.2299       248    .            
 0.36433E-02 0.11722E-01 0.39300E-02 0.12072E-01 0.24641E-01 0.19984E-02  1.2349       249    .            
 0.36012E-02 0.11883E-01 0.39776E-02 0.12266E-01 0.24642E-01 0.19984E-02  1.2399       250    .            
 0.35587E-02 0.12010E-01 0.40266E-02 0.12424E-01 0.24643E-01 0.19984E-02  1.2449       251    .            
 0.35158E-02 0.12100E-01 0.40768E-02 0.12540E-01 0.24644E-01 0.19984E-02  1.2499       252    .            
 0.34730E-02 0.12152E-01 0.41280E-02 0.12610E-01 0.24645E-01 0.19984E-02  1.2549       253    .            
 0.34305E-02 0.12165E-01 0.41798E-02 0.12628E-01 0.24646E-01 0.19984E-02  1.2599       254    .            
 0.33885E-02 0.12139E-01 0.42318E-02 0.12590E-01 0.24647E-01 0.19984E-02  1.2649       255    .            
 0.33475E-02 0.12077E-01 0.42836E-02 0.12493E-01 0.24648E-01 0.19984E-02  1.2699       256    .            
 0.33077E-02 0.11979E-01 0.43350E-02 0.12334E-01 0.24649E-01 0.19984E-02  1.2749       257    .            
 0.32694E-02 0.11848E-01 0.43856E-02 0.12112E-01 0.24650E-01 0.19984E-02  1.2799       258    .            
 0.32329E-02 0.11690E-01 0.44348E-02 0.11826E-01 0.24651E-01 0.19984E-02  1.2849       259    .            
 0.31984E-02 0.11507E-01 0.44824E-02 0.11478E-01 0.24653E-01 0.19984E-02  1.2899       260    .            
 0.31663E-02 0.11307E-01 0.45279E-02 0.11070E-01 0.24654E-01 0.19984E-02  1.2949       261    .            
 0.31368E-02 0.11094E-01 0.45709E-02 0.10608E-01 0.24655E-01 0.19984E-02  1.2999       262    .            
 0.31102E-02 0.10877E-01 0.46111E-02 0.10097E-01 0.24656E-01 0.19984E-02  1.3049       263    .            
 0.30867E-02 0.10664E-01 0.46480E-02 0.95488E-02 0.24657E-01 0.19984E-02  1.3099       264    .            
 0.30664E-02 0.10462E-01 0.46813E-02 0.89752E-02 0.24658E-01 0.19984E-02  1.3149       265    .            
 0.30497E-02 0.10281E-01 0.47107E-02 0.83935E-02 0.24659E-01 0.19984E-02  1.3199       266    .            
 0.30366E-02 0.10130E-01 0.47359E-02 0.78256E-02 0.24660E-01 0.19984E-02  1.3249       267    .            
 0.30273E-02 0.10017E-01 0.47566E-02 0.72990E-02 0.24661E-01 0.19984E-02  1.3299       268    .            
 0.30220E-02 0.99495E-02 0.47726E-02 0.68462E-02 0.24662E-01 0.19984E-02  1.3349       269    .            
 0.30207E-02 0.99326E-02 0.47837E-02 0.65030E-02 0.24663E-01 0.19984E-02  1.3399       270    .            
 0.30235E-02 0.99705E-02 0.47897E-02 0.63032E-02 0.24664E-01 0.19984E-02  1.3449       271    .            
 0.30305E-02 0.10064E-01 0.47907E-02 0.62701E-02 0.24665E-01 0.19984E-02  1.3499       272    .            
 0.30416E-02 0.10213E-01 0.47866E-02 0.64090E-02 0.24666E-01 0.19984E-02  1.3549       273    .            
 0.30570E-02 0.10412E-01 0.47773E-02 0.67053E-02 0.24667E-01 0.19984E-02  1.3599       274    .            
 0.30764E-02 0.10657E-01 0.47631E-02 0.71292E-02 0.24668E-01 0.19984E-02  1.3649       275    .            
 0.30999E-02 0.10939E-01 0.47440E-02 0.76446E-02 0.24670E-01 0.19984E-02  1.3699       276    .            
 0.31273E-02 0.11249E-01 0.47202E-02 0.82160E-02 0.24671E-01 0.19984E-02  1.3749       277    .            
 0.31586E-02 0.11578E-01 0.46920E-02 0.88116E-02 0.24672E-01 0.19984E-02  1.3799       278    .            
 0.31935E-02 0.11915E-01 0.46597E-02 0.94050E-02 0.24673E-01 0.19984E-02  1.3849       279    .            
 0.32318E-02 0.12251E-01 0.46236E-02 0.99744E-02 0.24674E-01 0.19984E-02  1.3899       280    .            
 0.32733E-02 0.12574E-01 0.45841E-02 0.10502E-01 0.24675E-01 0.19984E-02  1.3949       281    .            
 0.33178E-02 0.12875E-01 0.45417E-02 0.10975E-01 0.24676E-01 0.19984E-02  1.3999       282    .            
 0.33648E-02 0.13146E-01 0.44967E-02 0.11382E-01 0.24677E-01 0.19984E-02  1.4049       283    .            
 0.34142E-02 0.13375E-01 0.44496E-02 0.11714E-01 0.24679E-01 0.19984E-02  1.4099       284    .            
 0.34655E-02 0.13557E-01 0.44011E-02 0.11965E-01 0.24680E-01 0.19984E-02  1.4149       285    .            
 0.35184E-02 0.13682E-01 0.43515E-02 0.12131E-01 0.24681E-01 0.19984E-02  1.4199       286    .            
 0.35723E-02 0.13744E-01 0.43015E-02 0.12211E-01 0.24682E-01 0.19984E-02  1.4249       287    .            
 0.36270E-02 0.13738E-01 0.42515E-02 0.12204E-01 0.24683E-01 0.19984E-02  1.4299       288    .            
 0.36818E-02 0.13660E-01 0.42021E-02 0.12112E-01 0.24684E-01 0.19984E-02  1.4349       289    .            
 0.37364E-02 0.13504E-01 0.41538E-02 0.11938E-01 0.24685E-01 0.19984E-02  1.4399       290    .            
 0.37902E-02 0.13271E-01 0.41072E-02 0.11687E-01 0.24687E-01 0.19984E-02  1.4449       291    .            
 0.38427E-02 0.12960E-01 0.40628E-02 0.11366E-01 0.24688E-01 0.19984E-02  1.4499       292    .            
 0.38935E-02 0.12572E-01 0.40210E-02 0.10985E-01 0.24689E-01 0.19984E-02  1.4549       293    .            
 0.39419E-02 0.12111E-01 0.39824E-02 0.10555E-01 0.24690E-01 0.19984E-02  1.4599       294    .            
 0.39875E-02 0.11585E-01 0.39473E-02 0.10090E-01 0.24691E-01 0.19984E-02  1.4649       295    .            
 0.40298E-02 0.11003E-01 0.39161E-02 0.96092E-02 0.24692E-01 0.19984E-02  1.4699       296    .            
 0.40683E-02 0.10378E-01 0.38894E-02 0.91329E-02 0.24694E-01 0.19984E-02  1.4748       297    .            
 0.41027E-02 0.97304E-02 0.38674E-02 0.86878E-02 0.24695E-01 0.19984E-02  1.4798       298    .            
 0.41324E-02 0.90828E-02 0.38504E-02 0.83042E-02 0.24696E-01 0.19984E-02  1.4848       299    .            
 0.41571E-02 0.84670E-02 0.38387E-02 0.80152E-02 0.24697E-01 0.19984E-02  1.4898       300    .            
 0.41765E-02 0.79214E-02 0.38327E-02 0.78536E-02 0.24698E-01 0.19984E-02  1.4948       301    .            
 0.41904E-02 0.74905E-02 0.38324E-02 0.78463E-02 0.24699E-01 0.19984E-02  1.4998       302    .            
 0.41985E-02 0.72193E-02 0.38381E-02 0.80085E-02 0.24701E-01 0.19984E-02  1.5048       303    .            
 0.42007E-02 0.71436E-02 0.38499E-02 0.83406E-02 0.24702E-01 0.19984E-02  1.5098       304    .            
 0.41968E-02 0.72790E-02 0.38678E-02 0.88286E-02 0.24703E-01 0.19984E-02  1.5148       305    .            
 0.41869E-02 0.76150E-02 0.38920E-02 0.94492E-02 0.24704E-01 0.19984E-02  1.5198       306    .            
 0.41711E-02 0.81194E-02 0.39225E-02 0.10174E-01 0.24706E-01 0.19984E-02  1.5248       307    .            
 0.41493E-02 0.87493E-02 0.39591E-02 0.10976E-01 0.24707E-01 0.19984E-02  1.5298       308    .            
 0.41219E-02 0.94610E-02 0.40018E-02 0.11828E-01 0.24708E-01 0.19984E-02  1.5348       309    .            
 0.40890E-02 0.10215E-01 0.40505E-02 0.12706E-01 0.24709E-01 0.19984E-02  1.5398       310    .            
 0.40509E-02 0.10979E-01 0.41049E-02 0.13588E-01 0.24710E-01 0.19984E-02  1.5448       311    .            
 0.40081E-02 0.11725E-01 0.41649E-02 0.14456E-01 0.24712E-01 0.19984E-02  1.5498       312    .            
 0.39609E-02 0.12432E-01 0.42301E-02 0.15291E-01 0.24713E-01 0.19984E-02  1.5548       313    .            
 0.39097E-02 0.13084E-01 0.43002E-02 0.16078E-01 0.24714E-01 0.19984E-02  1.5598       314    .            
 0.38551E-02 0.13667E-01 0.43748E-02 0.16801E-01 0.24715E-01 0.19984E-02  1.5648       315    .            
 0.37976E-02 0.14170E-01 0.44534E-02 0.17446E-01 0.24717E-01 0.19984E-02  1.5698       316    .            
 0.37377E-02 0.14588E-01 0.45355E-02 0.18000E-01 0.24718E-01 0.19984E-02  1.5748       317    .            
 0.36760E-02 0.14915E-01 0.46205E-02 0.18450E-01 0.24719E-01 0.19984E-02  1.5798       318    .            
 0.36131E-02 0.15148E-01 0.47079E-02 0.18784E-01 0.24721E-01 0.19984E-02  1.5848       319    .            
 0.35495E-02 0.15287E-01 0.47970E-02 0.18991E-01 0.24722E-01 0.19984E-02  1.5898       320    .            
 0.34859E-02 0.15333E-01 0.48869E-02 0.19063E-01 0.24723E-01 0.19984E-02  1.5948       321    .            
 0.34229E-02 0.15289E-01 0.49771E-02 0.18990E-01 0.24724E-01 0.19984E-02  1.5998       322    .            
 0.33609E-02 0.15160E-01 0.50667E-02 0.18767E-01 0.24726E-01 0.19984E-02  1.6048       323    .            
 0.33005E-02 0.14952E-01 0.51549E-02 0.18388E-01 0.24727E-01 0.19984E-02  1.6098       324    .            
 0.32424E-02 0.14672E-01 0.52408E-02 0.17852E-01 0.24728E-01 0.19984E-02  1.6148       325    .            
 0.31869E-02 0.14330E-01 0.53236E-02 0.17157E-01 0.24729E-01 0.19984E-02  1.6198       326    .            
 0.31345E-02 0.13937E-01 0.54025E-02 0.16306E-01 0.24731E-01 0.19984E-02  1.6248       327    .            
 0.30857E-02 0.13503E-01 0.54766E-02 0.15305E-01 0.24732E-01 0.19984E-02  1.6298       328    .            
 0.30410E-02 0.13043E-01 0.55451E-02 0.14164E-01 0.24733E-01 0.19984E-02  1.6348       329    .            
 0.30006E-02 0.12571E-01 0.56072E-02 0.12897E-01 0.24735E-01 0.19984E-02  1.6398       330    .            
 0.29649E-02 0.12105E-01 0.56622E-02 0.11527E-01 0.24736E-01 0.19984E-02  1.6448       331    .            
 0.29342E-02 0.11663E-01 0.57093E-02 0.10084E-01 0.24737E-01 0.19984E-02  1.6498       332    .            
 0.29089E-02 0.11264E-01 0.57480E-02 0.86190E-02 0.24739E-01 0.19984E-02  1.6548       333    .            
 0.28890E-02 0.10927E-01 0.57777E-02 0.72159E-02 0.24740E-01 0.19984E-02  1.6598       334    .            
 0.28749E-02 0.10673E-01 0.57980E-02 0.60215E-02 0.24741E-01 0.19984E-02  1.6648       335    .            
 0.28667E-02 0.10518E-01 0.58084E-02 0.52778E-02 0.24743E-01 0.19984E-02  1.6698       336    .            
 0.28644E-02 0.10474E-01 0.58088E-02 0.52514E-02 0.24744E-01 0.19984E-02  1.6748       337    .            
 0.28682E-02 0.10549E-01 0.57989E-02 0.59844E-02 0.24745E-01 0.19984E-02  1.6798       338    .            
 0.28781E-02 0.10741E-01 0.57787E-02 0.72522E-02 0.24747E-01 0.19984E-02  1.6848       339    .            
 0.28941E-02 0.11043E-01 0.57483E-02 0.88086E-02 0.24748E-01 0.19984E-02  1.6898       340    .            
 0.29162E-02 0.11443E-01 0.57078E-02 0.10494E-01 0.24749E-01 0.19984E-02  1.6948       341    .            
 0.29442E-02 0.11924E-01 0.56576E-02 0.12214E-01 0.24751E-01 0.19984E-02  1.6998       342    .            
 0.29781E-02 0.12467E-01 0.55980E-02 0.13911E-01 0.24752E-01 0.19984E-02  1.7048       343    .            
 0.30176E-02 0.13052E-01 0.55294E-02 0.15544E-01 0.24753E-01 0.19984E-02  1.7098       344    .            
 0.30625E-02 0.13661E-01 0.54526E-02 0.17084E-01 0.24755E-01 0.19984E-02  1.7148       345    .            
 0.31127E-02 0.14275E-01 0.53680E-02 0.18508E-01 0.24756E-01 0.19984E-02  1.7198       346    .            
 0.31677E-02 0.14877E-01 0.52764E-02 0.19801E-01 0.24758E-01 0.19984E-02  1.7248       347    .            
 0.32272E-02 0.15450E-01 0.51786E-02 0.20947E-01 0.24759E-01 0.19984E-02  1.7298       348    .            
 0.32909E-02 0.15980E-01 0.50755E-02 0.21938E-01 0.24760E-01 0.19984E-02  1.7348       349    .            
 0.33583E-02 0.16453E-01 0.49677E-02 0.22766E-01 0.24762E-01 0.19984E-02  1.7398       350    .            
 0.34289E-02 0.16854E-01 0.48563E-02 0.23429E-01 0.24763E-01 0.19984E-02  1.7448       351    .            
 0.35021E-02 0.17174E-01 0.47421E-02 0.23925E-01 0.24765E-01 0.19984E-02  1.7498       352    .            
 0.35775E-02 0.17399E-01 0.46259E-02 0.24256E-01 0.24766E-01 0.19984E-02  1.7548       353    .            
 0.36543E-02 0.17521E-01 0.45087E-02 0.24425E-01 0.24767E-01 0.19984E-02  1.7598       354    .            
 0.37320E-02 0.17532E-01 0.43913E-02 0.24439E-01 0.24769E-01 0.19984E-02  1.7648       355    .            
 0.38098E-02 0.17423E-01 0.42744E-02 0.24306E-01 0.24770E-01 0.19984E-02  1.7698       356    .            
 0.38871E-02 0.17190E-01 0.41589E-02 0.24033E-01 0.24772E-01 0.19984E-02  1.7748       357    .            
 0.39631E-02 0.16830E-01 0.40455E-02 0.23633E-01 0.24773E-01 0.19984E-02  1.7798       358    .            
 0.40371E-02 0.16342E-01 0.39348E-02 0.23117E-01 0.24774E-01 0.19984E-02  1.7848       359    .            
 0.41084E-02 0.15726E-01 0.38275E-02 0.22496E-01 0.24776E-01 0.19984E-02  1.7898       360    .            
 0.41761E-02 0.14989E-01 0.37242E-02 0.21785E-01 0.24777E-01 0.19984E-02  1.7947       361    .            
 0.42397E-02 0.14137E-01 0.36253E-02 0.20997E-01 0.24779E-01 0.19984E-02  1.7997       362    .            
 0.42983E-02 0.13183E-01 0.35314E-02 0.20146E-01 0.24780E-01 0.19984E-02  1.8047       363    .            
 0.43513E-02 0.12146E-01 0.34428E-02 0.19248E-01 0.24782E-01 0.19984E-02  1.8097       364    .            
 0.43980E-02 0.11052E-01 0.33599E-02 0.18316E-01 0.24783E-01 0.19984E-02  1.8147       365    .            
 0.44380E-02 0.99365E-02 0.32830E-02 0.17367E-01 0.24785E-01 0.19984E-02  1.8197       366    .            
 0.44707E-02 0.88535E-02 0.32124E-02 0.16417E-01 0.24786E-01 0.19984E-02  1.8247       367    .            
 0.44956E-02 0.78787E-02 0.31481E-02 0.15481E-01 0.24787E-01 0.19984E-02  1.8297       368    .            
 0.45124E-02 0.71164E-02 0.30904E-02 0.14578E-01 0.24789E-01 0.19984E-02  1.8347       369    .            
 0.45209E-02 0.66892E-02 0.30394E-02 0.13725E-01 0.24790E-01 0.19984E-02  1.8397       370    .            
 0.45208E-02 0.66938E-02 0.29951E-02 0.12940E-01 0.24792E-01 0.19984E-02  1.8447       371    .            
 0.45121E-02 0.71418E-02 0.29575E-02 0.12240E-01 0.24793E-01 0.19984E-02  1.8497       372    .            
 0.44948E-02 0.79531E-02 0.29266E-02 0.11642E-01 0.24795E-01 0.19984E-02  1.8547       373    .            
 0.44689E-02 0.90111E-02 0.29023E-02 0.11161E-01 0.24796E-01 0.19984E-02  1.8597       374    .            
 0.44348E-02 0.10210E-01 0.28845E-02 0.10804E-01 0.24798E-01 0.19984E-02  1.8647       375    .            
 0.43926E-02 0.11472E-01 0.28730E-02 0.10576E-01 0.24799E-01 0.19984E-02  1.8697       376    .            
 0.43428E-02 0.12739E-01 0.28676E-02 0.10473E-01 0.24801E-01 0.19984E-02  1.8747       377    .            
 0.42857E-02 0.13970E-01 0.28681E-02 0.10481E-01 0.24802E-01 0.19984E-02  1.8797       378    .            
 0.42221E-02 0.15136E-01 0.28742E-02 0.10585E-01 0.24804E-01 0.19984E-02  1.8847       379    .            
 0.41524E-02 0.16214E-01 0.28856E-02 0.10762E-01 0.24805E-01 0.19984E-02  1.8897       380    .            
 0.40772E-02 0.17187E-01 0.29019E-02 0.10990E-01 0.24807E-01 0.19984E-02  1.8947       381    .            
 0.39973E-02 0.18044E-01 0.29227E-02 0.11245E-01 0.24808E-01 0.19984E-02  1.8997       382    .            
 0.39134E-02 0.18776E-01 0.29476E-02 0.11505E-01 0.24810E-01 0.19984E-02  1.9047       383    .            
 0.38262E-02 0.19377E-01 0.29762E-02 0.11752E-01 0.24811E-01 0.19984E-02  1.9097       384    .            
 0.37365E-02 0.19846E-01 0.30079E-02 0.11968E-01 0.24813E-01 0.19984E-02  1.9147       385    .            
 0.36450E-02 0.20182E-01 0.30421E-02 0.12139E-01 0.24814E-01 0.19984E-02  1.9197       386    .            
 0.35525E-02 0.20389E-01 0.30784E-02 0.12253E-01 0.24816E-01 0.19984E-02  1.9247       387    .            
 0.34598E-02 0.20470E-01 0.31162E-02 0.12302E-01 0.24818E-01 0.19984E-02  1.9297       388    .            
 0.33674E-02 0.20433E-01 0.31548E-02 0.12278E-01 0.24819E-01 0.19984E-02  1.9347       389    .            
 0.32761E-02 0.20285E-01 0.31936E-02 0.12177E-01 0.24821E-01 0.19984E-02  1.9397       390    .            
 0.31867E-02 0.20035E-01 0.32321E-02 0.11999E-01 0.24822E-01 0.19984E-02  1.9447       391    .            
 0.30996E-02 0.19693E-01 0.32694E-02 0.11745E-01 0.24824E-01 0.19984E-02  1.9497       392    .            
 0.30154E-02 0.19272E-01 0.33051E-02 0.11422E-01 0.24825E-01 0.19984E-02  1.9547       393    .            
 0.29347E-02 0.18783E-01 0.33385E-02 0.11039E-01 0.24827E-01 0.19984E-02  1.9597       394    .            
 0.28580E-02 0.18240E-01 0.33690E-02 0.10611E-01 0.24828E-01 0.19984E-02  1.9647       395    .            
 0.27857E-02 0.17655E-01 0.33960E-02 0.10158E-01 0.24830E-01 0.19984E-02  1.9697       396    .            
 0.27183E-02 0.17043E-01 0.34190E-02 0.97082E-02 0.24832E-01 0.19984E-02  1.9747       397    .            
 0.26560E-02 0.16419E-01 0.34374E-02 0.92941E-02 0.24833E-01 0.19984E-02  1.9797       398    .            
 0.25993E-02 0.15798E-01 0.34508E-02 0.89555E-02 0.24835E-01 0.19984E-02  1.9847       399    .            
 0.25483E-02 0.15195E-01 0.34588E-02 0.87344E-02 0.24836E-01 0.19984E-02  1.9897       400    .            
 0.25033E-02 0.14626E-01 0.34610E-02 0.86695E-02 0.24838E-01 0.19984E-02  1.9947       401    .            
 0.24645E-02 0.14106E-01 0.34571E-02 0.87881E-02 0.24840E-01 0.19984E-02  1.9997       402    .            
 0.24321E-02 0.13650E-01 0.34470E-02 0.90991E-02 0.24841E-01 0.19984E-02  2.0047       403    .            
 0.24061E-02 0.13271E-01 0.34305E-02 0.95917E-02 0.24843E-01 0.19984E-02  2.0097       404    .            
 0.23867E-02 0.12980E-01 0.34076E-02 0.10239E-01 0.24844E-01 0.19984E-02  2.0147       405    .            
 0.23738E-02 0.12784E-01 0.33783E-02 0.11007E-01 0.24846E-01 0.19984E-02  2.0197       406    .            
 0.23674E-02 0.12688E-01 0.33427E-02 0.11859E-01 0.24848E-01 0.19984E-02  2.0247       407    .            
 0.23675E-02 0.12689E-01 0.33009E-02 0.12760E-01 0.24849E-01 0.19984E-02  2.0297       408    .            
 0.23739E-02 0.12782E-01 0.32532E-02 0.13679E-01 0.24851E-01 0.19984E-02  2.0347       409    .            
 0.23866E-02 0.12957E-01 0.32000E-02 0.14590E-01 0.24852E-01 0.19984E-02  2.0397       410    .            
 0.24053E-02 0.13202E-01 0.31416E-02 0.15471E-01 0.24854E-01 0.19984E-02  2.0447       411    .            
 0.24298E-02 0.13501E-01 0.30785E-02 0.16305E-01 0.24856E-01 0.19984E-02  2.0497       412    .            
 0.24598E-02 0.13838E-01 0.30111E-02 0.17077E-01 0.24857E-01 0.19984E-02  2.0547       413    .            
 0.24950E-02 0.14196E-01 0.29400E-02 0.17776E-01 0.24859E-01 0.19984E-02  2.0597       414    .            
 0.25351E-02 0.14559E-01 0.28658E-02 0.18394E-01 0.24861E-01 0.19984E-02  2.0647       415    .            
 0.25796E-02 0.14912E-01 0.27890E-02 0.18925E-01 0.24862E-01 0.19984E-02  2.0697       416    .            
 0.26282E-02 0.15239E-01 0.27103E-02 0.19366E-01 0.24864E-01 0.19984E-02  2.0747       417    .            
 0.26804E-02 0.15528E-01 0.26303E-02 0.19717E-01 0.24866E-01 0.19984E-02  2.0797       418    .            
 0.27357E-02 0.15765E-01 0.25497E-02 0.19979E-01 0.24867E-01 0.19984E-02  2.0847       419    .            
 0.27935E-02 0.15939E-01 0.24691E-02 0.20154E-01 0.24869E-01 0.19984E-02  2.0897       420    .            
 0.28532E-02 0.16042E-01 0.23892E-02 0.20248E-01 0.24871E-01 0.19984E-02  2.0947       421    .            
 0.29144E-02 0.16064E-01 0.23106E-02 0.20267E-01 0.24872E-01 0.19984E-02  2.0996       422    .            
 0.29763E-02 0.15999E-01 0.22338E-02 0.20218E-01 0.24874E-01 0.19984E-02  2.1046       423    .            
 0.30384E-02 0.15842E-01 0.21597E-02 0.20110E-01 0.24876E-01 0.19984E-02  2.1096       424    .            
 0.30999E-02 0.15589E-01 0.20887E-02 0.19952E-01 0.24877E-01 0.19984E-02  2.1146       425    .            
 0.31603E-02 0.15241E-01 0.20214E-02 0.19755E-01 0.24879E-01 0.19984E-02  2.1196       426    .            
 0.32189E-02 0.14799E-01 0.19585E-02 0.19529E-01 0.24881E-01 0.19984E-02  2.1246       427    .            
 0.32750E-02 0.14267E-01 0.19005E-02 0.19285E-01 0.24882E-01 0.19984E-02  2.1296       428    .            
 0.33280E-02 0.13654E-01 0.18479E-02 0.19034E-01 0.24884E-01 0.19984E-02  2.1346       429    .            
 0.33774E-02 0.12972E-01 0.18013E-02 0.18787E-01 0.24886E-01 0.19984E-02  2.1396       430    .            
 0.34224E-02 0.12238E-01 0.17612E-02 0.18555E-01 0.24887E-01 0.19984E-02  2.1446       431    .            
 0.34625E-02 0.11473E-01 0.17279E-02 0.18349E-01 0.24889E-01 0.19984E-02  2.1496       432    .            
 0.34974E-02 0.10707E-01 0.17020E-02 0.18178E-01 0.24891E-01 0.19984E-02  2.1546       433    .            
 0.35265E-02 0.99773E-02 0.16836E-02 0.18052E-01 0.24893E-01 0.19984E-02  2.1596       434    .            
 0.35494E-02 0.93293E-02 0.16731E-02 0.17977E-01 0.24894E-01 0.19984E-02  2.1646       435    .            
 0.35659E-02 0.88149E-02 0.16707E-02 0.17959E-01 0.24896E-01 0.19984E-02  2.1696       436    .            
 0.35756E-02 0.84862E-02 0.16765E-02 0.18003E-01 0.24898E-01 0.19984E-02  2.1746       437    .            
 0.35786E-02 0.83839E-02 0.16906E-02 0.18111E-01 0.24900E-01 0.19984E-02  2.1796       438    .            
 0.35745E-02 0.85250E-02 0.17127E-02 0.18284E-01 0.24901E-01 0.19984E-02  2.1846       439    .            
 0.35636E-02 0.88959E-02 0.17429E-02 0.18519E-01 0.24903E-01 0.19984E-02  2.1896       440    .            
 0.35458E-02 0.94586E-02 0.17809E-02 0.18812E-01 0.24905E-01 0.19984E-02  2.1946       441    .            
 0.35214E-02 0.10163E-01 0.18266E-02 0.19159E-01 0.24906E-01 0.19984E-02  2.1996       442    .            
 0.34905E-02 0.10957E-01 0.18795E-02 0.19552E-01 0.24908E-01 0.19984E-02  2.2046       443    .            
 0.34536E-02 0.11797E-01 0.19393E-02 0.19982E-01 0.24910E-01 0.19984E-02  2.2096       444    .            
 0.34109E-02 0.12644E-01 0.20058E-02 0.20440E-01 0.24912E-01 0.19984E-02  2.2146       445    .            
 0.33629E-02 0.13468E-01 0.20785E-02 0.20916E-01 0.24914E-01 0.19984E-02  2.2196       446    .            
 0.33102E-02 0.14246E-01 0.21570E-02 0.21397E-01 0.24915E-01 0.19984E-02  2.2246       447    .            
 0.32532E-02 0.14959E-01 0.22409E-02 0.21872E-01 0.24917E-01 0.19984E-02  2.2296       448    .            
 0.31926E-02 0.15595E-01 0.23297E-02 0.22329E-01 0.24919E-01 0.19984E-02  2.2346       449    .            
 0.31290E-02 0.16144E-01 0.24231E-02 0.22754E-01 0.24921E-01 0.19984E-02  2.2396       450    .            
 0.30630E-02 0.16599E-01 0.25204E-02 0.23136E-01 0.24922E-01 0.19984E-02  2.2446       451    .            
 0.29953E-02 0.16958E-01 0.26212E-02 0.23462E-01 0.24924E-01 0.19984E-02  2.2496       452    .            
 0.29264E-02 0.17219E-01 0.27250E-02 0.23719E-01 0.24926E-01 0.19984E-02  2.2546       453    .            
 0.28572E-02 0.17385E-01 0.28310E-02 0.23896E-01 0.24928E-01 0.19984E-02  2.2596       454    .            
 0.27881E-02 0.17459E-01 0.29389E-02 0.23981E-01 0.24930E-01 0.19984E-02  2.2646       455    .            
 0.27199E-02 0.17447E-01 0.30477E-02 0.23965E-01 0.24931E-01 0.19984E-02  2.2696       456    .            
 0.26532E-02 0.17355E-01 0.31571E-02 0.23837E-01 0.24933E-01 0.19984E-02  2.2746       457    .            
 0.25885E-02 0.17192E-01 0.32661E-02 0.23591E-01 0.24935E-01 0.19984E-02  2.2796       458    .            
 0.25264E-02 0.16967E-01 0.33740E-02 0.23220E-01 0.24937E-01 0.19984E-02  2.2846       459    .            
 0.24675E-02 0.16692E-01 0.34802E-02 0.22720E-01 0.24939E-01 0.19984E-02  2.2896       460    .            
 0.24123E-02 0.16377E-01 0.35839E-02 0.22089E-01 0.24941E-01 0.19984E-02  2.2946       461    .            
 0.23611E-02 0.16036E-01 0.36843E-02 0.21327E-01 0.24942E-01 0.19984E-02  2.2996       462    .            
 0.23146E-02 0.15682E-01 0.37807E-02 0.20437E-01 0.24944E-01 0.19984E-02  2.3046       463    .            
 0.22730E-02 0.15329E-01 0.38724E-02 0.19425E-01 0.24946E-01 0.19984E-02  2.3096       464    .            
 0.22368E-02 0.14990E-01 0.39586E-02 0.18300E-01 0.24948E-01 0.19984E-02  2.3146       465    .            
 0.22062E-02 0.14680E-01 0.40387E-02 0.17073E-01 0.24950E-01 0.19984E-02  2.3196       466    .            
 0.21816E-02 0.14413E-01 0.41121E-02 0.15763E-01 0.24952E-01 0.19984E-02  2.3246       467    .            
 0.21631E-02 0.14202E-01 0.41782E-02 0.14389E-01 0.24953E-01 0.19984E-02  2.3296       468    .            
 0.21511E-02 0.14057E-01 0.42366E-02 0.12980E-01 0.24955E-01 0.19984E-02  2.3346       469    .            
 0.21455E-02 0.13989E-01 0.42868E-02 0.11571E-01 0.24957E-01 0.19984E-02  2.3396       470    .            
 0.21467E-02 0.14004E-01 0.43286E-02 0.10211E-01 0.24959E-01 0.19984E-02  2.3446       471    .            
 0.21545E-02 0.14104E-01 0.43617E-02 0.89629E-02 0.24961E-01 0.19984E-02  2.3496       472    .            
 0.21691E-02 0.14289E-01 0.43860E-02 0.79135E-02 0.24963E-01 0.19984E-02  2.3546       473    .            
 0.21904E-02 0.14554E-01 0.44015E-02 0.71676E-02 0.24965E-01 0.19984E-02  2.3596       474    .            
 0.22183E-02 0.14894E-01 0.44083E-02 0.68223E-02 0.24966E-01 0.19984E-02  2.3646       475    .            
 0.22527E-02 0.15297E-01 0.44064E-02 0.69154E-02 0.24968E-01 0.19984E-02  2.3696       476    .            
 0.22935E-02 0.15754E-01 0.43962E-02 0.73924E-02 0.24970E-01 0.19984E-02  2.3746       477    .            
 0.23404E-02 0.16250E-01 0.43781E-02 0.81389E-02 0.24972E-01 0.19984E-02  2.3795       478    .            
 0.23933E-02 0.16772E-01 0.43525E-02 0.90362E-02 0.24974E-01 0.19984E-02  2.3845       479    .            
 0.24517E-02 0.17306E-01 0.43199E-02 0.99911E-02 0.24976E-01 0.19984E-02  2.3895       480    .            
 0.25155E-02 0.17839E-01 0.42809E-02 0.10937E-01 0.24978E-01 0.19984E-02  2.3945       481    .            
 0.25842E-02 0.18355E-01 0.42362E-02 0.11829E-01 0.24980E-01 0.19984E-02  2.3995       482    .            
 0.26575E-02 0.18841E-01 0.41864E-02 0.12636E-01 0.24982E-01 0.19984E-02  2.4045       483    .            
 0.27349E-02 0.19284E-01 0.41324E-02 0.13337E-01 0.24984E-01 0.19984E-02  2.4095       484    .            
 0.28159E-02 0.19671E-01 0.40748E-02 0.13918E-01 0.24985E-01 0.19984E-02  2.4145       485    .            
 0.29000E-02 0.19990E-01 0.40146E-02 0.14371E-01 0.24987E-01 0.19984E-02  2.4195       486    .            
 0.29867E-02 0.20228E-01 0.39524E-02 0.14692E-01 0.24989E-01 0.19984E-02  2.4245       487    .            
 0.30753E-02 0.20375E-01 0.38891E-02 0.14879E-01 0.24991E-01 0.19984E-02  2.4295       488    .            
 0.31653E-02 0.20421E-01 0.38255E-02 0.14934E-01 0.24993E-01 0.19984E-02  2.4345       489    .            
 0.32559E-02 0.20357E-01 0.37623E-02 0.14864E-01 0.24995E-01 0.19984E-02  2.4395       490    .            
 0.33465E-02 0.20178E-01 0.37003E-02 0.14673E-01 0.24997E-01 0.19984E-02  2.4445       491    .            
 0.34364E-02 0.19876E-01 0.36403E-02 0.14373E-01 0.24999E-01 0.19984E-02  2.4495       492    .            
 0.35248E-02 0.19449E-01 0.35828E-02 0.13975E-01 0.25001E-01 0.19983E-02  2.4545       493    .            
 0.36110E-02 0.18896E-01 0.35286E-02 0.13491E-01 0.25003E-01 0.19983E-02  2.4595       494    .            
 0.36942E-02 0.18217E-01 0.34783E-02 0.12939E-01 0.25005E-01 0.19983E-02  2.4645       495    .            
 0.37737E-02 0.17417E-01 0.34324E-02 0.12337E-01 0.25007E-01 0.19982E-02  2.4695       496    .            
 0.38489E-02 0.16503E-01 0.33914E-02 0.11708E-01 0.25009E-01 0.19981E-02  2.4745       497    .            
 0.39189E-02 0.15485E-01 0.33558E-02 0.11079E-01 0.25011E-01 0.19980E-02  2.4795       498    .            
 0.39832E-02 0.14380E-01 0.33261E-02 0.10481E-01 0.25013E-01 0.19978E-02  2.4845       499    .            
 0.40412E-02 0.13208E-01 0.33026E-02 0.99507E-02 0.25015E-01 0.19976E-02  2.4895       500    .            
 0.40923E-02 0.11997E-01 0.32856E-02 0.95289E-02 0.25016E-01 0.19974E-02  2.4945       501    .            
 0.41360E-02 0.10784E-01 0.32754E-02 0.92562E-02 0.25018E-01 0.19971E-02  2.4995       502    .            
 0.41719E-02 0.96210E-02 0.32723E-02 0.91682E-02 0.25020E-01 0.19968E-02  2.5045       503    .            
 0.41998E-02 0.85772E-02 0.32764E-02 0.92870E-02 0.25022E-01 0.19964E-02  2.5095       504    .            
 0.42193E-02 0.77434E-02 0.32879E-02 0.96167E-02 0.25024E-01 0.19961E-02  2.5145       505    .            
 0.42304E-02 0.72222E-02 0.33068E-02 0.10143E-01 0.25026E-01 0.19957E-02  2.5195       506    .            
 0.42330E-02 0.70947E-02 0.33332E-02 0.10837E-01 0.25028E-01 0.19953E-02  2.5245       507    .            
 0.42272E-02 0.73753E-02 0.33671E-02 0.11667E-01 0.25030E-01 0.19949E-02  2.5295       508    .            
 0.42130E-02 0.79996E-02 0.34085E-02 0.12596E-01 0.25032E-01 0.19945E-02  2.5345       509    .            
 0.41908E-02 0.88633E-02 0.34572E-02 0.13593E-01 0.25034E-01 0.19941E-02  2.5395       510    .            
 0.41609E-02 0.98646E-02 0.35130E-02 0.14629E-01 0.25036E-01 0.19938E-02  2.5445       511    .            
 0.41237E-02 0.10923E-01 0.35758E-02 0.15677E-01 0.25038E-01 0.19934E-02  2.5495       512    .            
 0.40796E-02 0.11981E-01 0.36453E-02 0.16717E-01 0.25039E-01 0.19931E-02  2.5545       513    .            
 0.40293E-02 0.12997E-01 0.37212E-02 0.17725E-01 0.25041E-01 0.19929E-02  2.5595       514    .            
 0.39733E-02 0.13940E-01 0.38030E-02 0.18685E-01 0.25043E-01 0.19927E-02  2.5645       515    .            
 0.39124E-02 0.14790E-01 0.38903E-02 0.19577E-01 0.25045E-01 0.19925E-02  2.5695       516    .            
 0.38471E-02 0.15531E-01 0.39827E-02 0.20385E-01 0.25047E-01 0.19924E-02  2.5745       517    .            
 0.37783E-02 0.16155E-01 0.40795E-02 0.21093E-01 0.25049E-01 0.19923E-02  2.5795       518    .            
 0.37067E-02 0.16654E-01 0.41801E-02 0.21686E-01 0.25051E-01 0.19922E-02  2.5845       519    .            
 0.36331E-02 0.17027E-01 0.42838E-02 0.22150E-01 0.25052E-01 0.19922E-02  2.5895       520    .            
 0.35581E-02 0.17272E-01 0.43899E-02 0.22472E-01 0.25054E-01 0.19922E-02  2.5945       521    .            
 0.34826E-02 0.17394E-01 0.44976E-02 0.22640E-01 0.25056E-01 0.19922E-02  2.5995       522    .            
 0.34073E-02 0.17397E-01 0.46059E-02 0.22643E-01 0.25058E-01 0.19922E-02  2.6045       523    .            
 0.33329E-02 0.17286E-01 0.47140E-02 0.22472E-01 0.25060E-01 0.19922E-02  2.6095       524    .            
 0.32600E-02 0.17072E-01 0.48210E-02 0.22121E-01 0.25062E-01 0.19922E-02  2.6145       525    .            
 0.31893E-02 0.16764E-01 0.49259E-02 0.21585E-01 0.25064E-01 0.19921E-02  2.6195       526    .            
 0.31215E-02 0.16373E-01 0.50277E-02 0.20862E-01 0.25066E-01 0.19919E-02  2.6245       527    .            
 0.30570E-02 0.15912E-01 0.51254E-02 0.19953E-01 0.25067E-01 0.19917E-02  2.6295       528    .            
 0.29964E-02 0.15395E-01 0.52181E-02 0.18862E-01 0.25069E-01 0.19914E-02  2.6345       529    .            
 0.29403E-02 0.14837E-01 0.53047E-02 0.17598E-01 0.25071E-01 0.19910E-02  2.6395       530    .            
 0.28889E-02 0.14255E-01 0.53844E-02 0.16174E-01 0.25073E-01 0.19905E-02  2.6445       531    .            
 0.28427E-02 0.13668E-01 0.54562E-02 0.14606E-01 0.25075E-01 0.19900E-02  2.6495       532    .            
 0.28022E-02 0.13096E-01 0.55194E-02 0.12922E-01 0.25077E-01 0.19893E-02  2.6545       533    .            
 0.27674E-02 0.12559E-01 0.55732E-02 0.11159E-01 0.25079E-01 0.19886E-02  2.6594       534    .            
 0.27388E-02 0.12080E-01 0.56169E-02 0.93740E-02 0.25080E-01 0.19877E-02  2.6644       535    .            
 0.27166E-02 0.11682E-01 0.56500E-02 0.76678E-02 0.25082E-01 0.19868E-02  2.6694       536    .            
 0.27008E-02 0.11384E-01 0.56721E-02 0.62246E-02 0.25084E-01 0.19859E-02  2.6744       537    .            
 0.26917E-02 0.11205E-01 0.56827E-02 0.53689E-02 0.25086E-01 0.19849E-02  2.6794       538    .            
 0.26892E-02 0.11157E-01 0.56818E-02 0.54510E-02 0.25087E-01 0.19840E-02  2.6844       539    .            
 0.26936E-02 0.11243E-01 0.56692E-02 0.64521E-02 0.25089E-01 0.19830E-02  2.6894       540    .            
 0.27046E-02 0.11461E-01 0.56449E-02 0.80196E-02 0.25091E-01 0.19820E-02  2.6944       541    .            
 0.27224E-02 0.11799E-01 0.56092E-02 0.98514E-02 0.25092E-01 0.19811E-02  2.6994       542    .            
 0.27467E-02 0.12239E-01 0.55623E-02 0.11777E-01 0.25094E-01 0.19802E-02  2.7044       543    .            
 0.27776E-02 0.12763E-01 0.55047E-02 0.13701E-01 0.25096E-01 0.19794E-02  2.7094       544    .            
 0.28147E-02 0.13348E-01 0.54369E-02 0.15567E-01 0.25097E-01 0.19787E-02  2.7144       545    .            
 0.28578E-02 0.13972E-01 0.53594E-02 0.17337E-01 0.25099E-01 0.19781E-02  2.7194       546    .            
 0.29067E-02 0.14614E-01 0.52731E-02 0.18982E-01 0.25100E-01 0.19775E-02  2.7244       547    .            
 0.29611E-02 0.15255E-01 0.51787E-02 0.20481E-01 0.25102E-01 0.19771E-02  2.7294       548    .            
 0.30206E-02 0.15876E-01 0.50770E-02 0.21820E-01 0.25103E-01 0.19767E-02  2.7344       549    .            
 0.30848E-02 0.16460E-01 0.49690E-02 0.22987E-01 0.25105E-01 0.19765E-02  2.7394       550    .            
 0.31532E-02 0.16991E-01 0.48556E-02 0.23976E-01 0.25106E-01 0.19763E-02  2.7444       551    .            
 0.32253E-02 0.17455E-01 0.47377E-02 0.24782E-01 0.25108E-01 0.19761E-02  2.7494       552    .            
 0.33007E-02 0.17838E-01 0.46164E-02 0.25404E-01 0.25109E-01 0.19761E-02  2.7544       553    .            
 0.33786E-02 0.18128E-01 0.44925E-02 0.25847E-01 0.25111E-01 0.19761E-02  2.7594       554    .            
 0.34584E-02 0.18314E-01 0.43671E-02 0.26113E-01 0.25112E-01 0.19761E-02  2.7644       555    .            
 0.35396E-02 0.18386E-01 0.42410E-02 0.26211E-01 0.25114E-01 0.19761E-02  2.7694       556    .            
 0.36213E-02 0.18337E-01 0.41151E-02 0.26150E-01 0.25115E-01 0.19761E-02  2.7744       557    .            
 0.37029E-02 0.18159E-01 0.39902E-02 0.25939E-01 0.25117E-01 0.19760E-02  2.7794       558    .            
 0.37835E-02 0.17849E-01 0.38671E-02 0.25593E-01 0.25118E-01 0.19759E-02  2.7844       559    .            
 0.38625E-02 0.17404E-01 0.37466E-02 0.25123E-01 0.25120E-01 0.19758E-02  2.7894       560    .            
 0.39390E-02 0.16824E-01 0.36293E-02 0.24543E-01 0.25121E-01 0.19755E-02  2.7944       561    .            
 0.40122E-02 0.16113E-01 0.35158E-02 0.23869E-01 0.25123E-01 0.19751E-02  2.7994       562    .            
 0.40814E-02 0.15277E-01 0.34066E-02 0.23115E-01 0.25124E-01 0.19746E-02  2.8044       563    .            
 0.41458E-02 0.14327E-01 0.33023E-02 0.22297E-01 0.25126E-01 0.19740E-02  2.8094       564    .            
 0.42048E-02 0.13278E-01 0.32032E-02 0.21429E-01 0.25127E-01 0.19732E-02  2.8144       565    .            
 0.42575E-02 0.12154E-01 0.31097E-02 0.20528E-01 0.25129E-01 0.19724E-02  2.8194       566    .            
 0.43036E-02 0.10984E-01 0.30221E-02 0.19608E-01 0.25130E-01 0.19714E-02  2.8244       567    .            
 0.43422E-02 0.98143E-02 0.29407E-02 0.18685E-01 0.25131E-01 0.19704E-02  2.8294       568    .            
 0.43731E-02 0.87080E-02 0.28657E-02 0.17773E-01 0.25133E-01 0.19692E-02  2.8344       569    .            
 0.43957E-02 0.77560E-02 0.27972E-02 0.16888E-01 0.25134E-01 0.19681E-02  2.8394       570    .            
 0.44098E-02 0.70776E-02 0.27353E-02 0.16044E-01 0.25135E-01 0.19669E-02  2.8444       571    .            
 0.44152E-02 0.67972E-02 0.26801E-02 0.15256E-01 0.25137E-01 0.19657E-02  2.8494       572    .            
 0.44117E-02 0.69851E-02 0.26317E-02 0.14538E-01 0.25138E-01 0.19645E-02  2.8544       573    .            
 0.43992E-02 0.76080E-02 0.25899E-02 0.13901E-01 0.25139E-01 0.19634E-02  2.8594       574    .            
 0.43780E-02 0.85567E-02 0.25548E-02 0.13355E-01 0.25140E-01 0.19623E-02  2.8644       575    .            
 0.43481E-02 0.97093E-02 0.25263E-02 0.12909E-01 0.25141E-01 0.19614E-02  2.8694       576    .            
 0.43098E-02 0.10967E-01 0.25042E-02 0.12566E-01 0.25142E-01 0.19605E-02  2.8744       577    .            
 0.42635E-02 0.12258E-01 0.24883E-02 0.12325E-01 0.25143E-01 0.19597E-02  2.8794       578    .            
 0.42096E-02 0.13533E-01 0.24785E-02 0.12182E-01 0.25144E-01 0.19590E-02  2.8844       579    .            
 0.41487E-02 0.14753E-01 0.24746E-02 0.12126E-01 0.25145E-01 0.19584E-02  2.8894       580    .            
 0.40813E-02 0.15894E-01 0.24761E-02 0.12146E-01 0.25146E-01 0.19580E-02  2.8944       581    .            
 0.40080E-02 0.16934E-01 0.24829E-02 0.12225E-01 0.25147E-01 0.19576E-02  2.8994       582    .            
 0.39296E-02 0.17861E-01 0.24945E-02 0.12347E-01 0.25147E-01 0.19573E-02  2.9044       583    .            
 0.38469E-02 0.18663E-01 0.25106E-02 0.12495E-01 0.25148E-01 0.19571E-02  2.9094       584    .            
 0.37604E-02 0.19335E-01 0.25308E-02 0.12652E-01 0.25149E-01 0.19570E-02  2.9144       585    .            
 0.36711E-02 0.19873E-01 0.25547E-02 0.12802E-01 0.25150E-01 0.19569E-02  2.9194       586    .            
 0.35796E-02 0.20277E-01 0.25816E-02 0.12934E-01 0.25151E-01 0.19569E-02  2.9244       587    .            
 0.34867E-02 0.20549E-01 0.26112E-02 0.13034E-01 0.25152E-01 0.19569E-02  2.9294       588    .            
 0.33933E-02 0.20693E-01 0.26429E-02 0.13092E-01 0.25152E-01 0.19569E-02  2.9344       589    .            
 0.32999E-02 0.20716E-01 0.26762E-02 0.13102E-01 0.25153E-01 0.19569E-02  2.9393       590    .            
 0.32074E-02 0.20624E-01 0.27105E-02 0.13057E-01 0.25154E-01 0.19569E-02  2.9443       591    .            
 0.31164E-02 0.20428E-01 0.27453E-02 0.12955E-01 0.25155E-01 0.19568E-02  2.9493       592    .            
 0.30275E-02 0.20137E-01 0.27799E-02 0.12794E-01 0.25156E-01 0.19567E-02  2.9543       593    .            
 0.29414E-02 0.19762E-01 0.28137E-02 0.12577E-01 0.25156E-01 0.19565E-02  2.9593       594    .            
 0.28585E-02 0.19317E-01 0.28463E-02 0.12309E-01 0.25157E-01 0.19562E-02  2.9643       595    .            
 0.27794E-02 0.18814E-01 0.28771E-02 0.11997E-01 0.25158E-01 0.19559E-02  2.9693       596    .            
 0.27046E-02 0.18266E-01 0.29055E-02 0.11654E-01 0.25159E-01 0.19554E-02  2.9743       597    .            
 0.26345E-02 0.17688E-01 0.29309E-02 0.11295E-01 0.25160E-01 0.19549E-02  2.9793       598    .            
 0.25694E-02 0.17093E-01 0.29530E-02 0.10938E-01 0.25160E-01 0.19542E-02  2.9843       599    .            
 0.25098E-02 0.16497E-01 0.29713E-02 0.10606E-01 0.25161E-01 0.19535E-02  2.9893       600    .            
 0.24558E-02 0.15915E-01 0.29854E-02 0.10325E-01 0.25162E-01 0.19528E-02  2.9943       601    .            
 0.24079E-02 0.15360E-01 0.29949E-02 0.10118E-01 0.25162E-01 0.19520E-02  2.9993       602    .            
 0.23661E-02 0.14848E-01 0.29995E-02 0.10011E-01 0.25163E-01 0.19513E-02  3.0043       603    .            
 0.23307E-02 0.14393E-01 0.29991E-02 0.10021E-01 0.25163E-01 0.19505E-02  3.0093       604    .            
 0.23018E-02 0.14007E-01 0.29935E-02 0.10158E-01 0.25164E-01 0.19499E-02  3.0143       605    .            
 0.22794E-02 0.13701E-01 0.29825E-02 0.10421E-01 0.25164E-01 0.19493E-02  3.0193       606    .            
 0.22637E-02 0.13483E-01 0.29663E-02 0.10801E-01 0.25165E-01 0.19487E-02  3.0243       607    .            
 0.22546E-02 0.13356E-01 0.29447E-02 0.11279E-01 0.25165E-01 0.19483E-02  3.0293       608    .            
 0.22522E-02 0.13322E-01 0.29179E-02 0.11833E-01 0.25165E-01 0.19479E-02  3.0343       609    .            
 0.22562E-02 0.13377E-01 0.28862E-02 0.12439E-01 0.25165E-01 0.19477E-02  3.0393       610    .            
 0.22667E-02 0.13513E-01 0.28497E-02 0.13073E-01 0.25165E-01 0.19475E-02  3.0443       611    .            
 0.22833E-02 0.13719E-01 0.28088E-02 0.13713E-01 0.25165E-01 0.19474E-02  3.0493       612    .            
 0.23060E-02 0.13984E-01 0.27639E-02 0.14341E-01 0.25165E-01 0.19474E-02  3.0543       613    .            
 0.23345E-02 0.14292E-01 0.27153E-02 0.14940E-01 0.25165E-01 0.19474E-02  3.0593       614    .            
 0.23684E-02 0.14627E-01 0.26635E-02 0.15496E-01 0.25165E-01 0.19474E-02  3.0643       615    .            
 0.24075E-02 0.14976E-01 0.26091E-02 0.16000E-01 0.25165E-01 0.19475E-02  3.0693       616    .            
 0.24513E-02 0.15321E-01 0.25525E-02 0.16443E-01 0.25165E-01 0.19475E-02  3.0743       617    .            
 0.24994E-02 0.15651E-01 0.24943E-02 0.16821E-01 0.25165E-01 0.19476E-02  3.0793       618    .            
 0.25515E-02 0.15949E-01 0.24352E-02 0.17130E-01 0.25165E-01 0.19476E-02  3.0843       619    .            
 0.26070E-02 0.16205E-01 0.23756E-02 0.17369E-01 0.25164E-01 0.19476E-02  3.0893       620    .            
 0.26654E-02 0.16406E-01 0.23162E-02 0.17539E-01 0.25164E-01 0.19477E-02  3.0943       621    .            
 0.27261E-02 0.16542E-01 0.22576E-02 0.17644E-01 0.25164E-01 0.19477E-02  3.0993       622    .            
 0.27886E-02 0.16604E-01 0.22004E-02 0.17688E-01 0.25164E-01 0.19477E-02  3.1043       623    .            
 0.28523E-02 0.16584E-01 0.21452E-02 0.17676E-01 0.25164E-01 0.19477E-02  3.1093       624    .            
 0.29166E-02 0.16477E-01 0.20926E-02 0.17616E-01 0.25164E-01 0.19477E-02  3.1143       625    .            
 0.29807E-02 0.16278E-01 0.20431E-02 0.17516E-01 0.25163E-01 0.19477E-02  3.1193       626    .            
 0.30442E-02 0.15984E-01 0.19973E-02 0.17385E-01 0.25163E-01 0.19477E-02  3.1243       627    .            
 0.31063E-02 0.15596E-01 0.19558E-02 0.17233E-01 0.25163E-01 0.19477E-02  3.1293       628    .            
 0.31664E-02 0.15116E-01 0.19190E-02 0.17070E-01 0.25163E-01 0.19477E-02  3.1343       629    .            
 0.32238E-02 0.14550E-01 0.18875E-02 0.16909E-01 0.25163E-01 0.19478E-02  3.1393       630    .            
 0.32780E-02 0.13906E-01 0.18616E-02 0.16758E-01 0.25162E-01 0.19478E-02  3.1443       631    .            
 0.33283E-02 0.13197E-01 0.18417E-02 0.16631E-01 0.25162E-01 0.19480E-02  3.1493       632    .            
 0.33742E-02 0.12439E-01 0.18283E-02 0.16537E-01 0.25162E-01 0.19481E-02  3.1543       633    .            
 0.34151E-02 0.11656E-01 0.18215E-02 0.16486E-01 0.25162E-01 0.19484E-02  3.1593       634    .            
 0.34506E-02 0.10876E-01 0.18216E-02 0.16487E-01 0.25161E-01 0.19488E-02  3.1643       635    .            
 0.34803E-02 0.10136E-01 0.18288E-02 0.16547E-01 0.25161E-01 0.19493E-02  3.1693       636    .            
 0.35038E-02 0.94791E-02 0.18432E-02 0.16673E-01 0.25160E-01 0.19500E-02  3.1743       637    .            
 0.35209E-02 0.89548E-02 0.18649E-02 0.16867E-01 0.25159E-01 0.19509E-02  3.1793       638    .            
 0.35313E-02 0.86117E-02 0.18939E-02 0.17130E-01 0.25159E-01 0.19519E-02  3.1843       639    .            
 0.35349E-02 0.84877E-02 0.19301E-02 0.17463E-01 0.25158E-01 0.19530E-02  3.1893       640    .            
 0.35317E-02 0.85976E-02 0.19734E-02 0.17861E-01 0.25157E-01 0.19543E-02  3.1943       641    .            
 0.35217E-02 0.89286E-02 0.20237E-02 0.18320E-01 0.25156E-01 0.19557E-02  3.1993       642    .            
 0.35050E-02 0.94443E-02 0.20809E-02 0.18832E-01 0.25155E-01 0.19572E-02  3.2043       643    .            
 0.34819E-02 0.10096E-01 0.21448E-02 0.19389E-01 0.25154E-01 0.19587E-02  3.2093       644    .            
 0.34525E-02 0.10835E-01 0.22150E-02 0.19982E-01 0.25153E-01 0.19601E-02  3.2143       645    .            
 0.34173E-02 0.11617E-01 0.22915E-02 0.20600E-01 0.25152E-01 0.19616E-02  3.2192       646    .            
 0.33766E-02 0.12405E-01 0.23739E-02 0.21230E-01 0.25150E-01 0.19629E-02  3.2242       647    .            
 0.33309E-02 0.13169E-01 0.24619E-02 0.21861E-01 0.25149E-01 0.19640E-02  3.2292       648    .            
 0.32808E-02 0.13887E-01 0.25552E-02 0.22479E-01 0.25148E-01 0.19650E-02  3.2342       649    .            
 0.32267E-02 0.14540E-01 0.26534E-02 0.23072E-01 0.25146E-01 0.19658E-02  3.2392       650    .            
 0.31692E-02 0.15117E-01 0.27561E-02 0.23627E-01 0.25145E-01 0.19665E-02  3.2442       651    .            
 0.31091E-02 0.15608E-01 0.28629E-02 0.24128E-01 0.25143E-01 0.19669E-02  3.2492       652    .            
 0.30468E-02 0.16007E-01 0.29732E-02 0.24563E-01 0.25142E-01 0.19672E-02  3.2542       653    .            
 0.29832E-02 0.16312E-01 0.30866E-02 0.24919E-01 0.25141E-01 0.19674E-02  3.2592       654    .            
 0.29187E-02 0.16522E-01 0.32024E-02 0.25183E-01 0.25139E-01 0.19675E-02  3.2642       655    .            
 0.28541E-02 0.16640E-01 0.33200E-02 0.25342E-01 0.25138E-01 0.19675E-02  3.2692       656    .            
 0.27900E-02 0.16670E-01 0.34388E-02 0.25384E-01 0.25136E-01 0.19675E-02  3.2742       657    .            
 0.27270E-02 0.16618E-01 0.35581E-02 0.25301E-01 0.25135E-01 0.19675E-02  3.2792       658    .            
 0.26657E-02 0.16490E-01 0.36770E-02 0.25082E-01 0.25133E-01 0.19677E-02  3.2842       659    .            
 0.26067E-02 0.16297E-01 0.37949E-02 0.24721E-01 0.25132E-01 0.19679E-02  3.2892       660    .            
 0.25505E-02 0.16048E-01 0.39109E-02 0.24211E-01 0.25130E-01 0.19683E-02  3.2942       661    .            
 0.24978E-02 0.15754E-01 0.40242E-02 0.23552E-01 0.25129E-01 0.19688E-02  3.2992       662    .            
 0.24488E-02 0.15428E-01 0.41340E-02 0.22740E-01 0.25127E-01 0.19696E-02  3.3042       663    .            
 0.24042E-02 0.15084E-01 0.42394E-02 0.21780E-01 0.25126E-01 0.19707E-02  3.3092       664    .            
 0.23643E-02 0.14736E-01 0.43396E-02 0.20675E-01 0.25124E-01 0.19721E-02  3.3142       665    .            
 0.23295E-02 0.14398E-01 0.44339E-02 0.19435E-01 0.25123E-01 0.19737E-02  3.3192       666    .            
 0.23001E-02 0.14086E-01 0.45215E-02 0.18071E-01 0.25121E-01 0.19758E-02  3.3242       667    .            
 0.22764E-02 0.13815E-01 0.46017E-02 0.16599E-01 0.25119E-01 0.19782E-02  3.3292       668    .            
 0.22588E-02 0.13600E-01 0.46739E-02 0.15040E-01 0.25118E-01 0.19810E-02  3.3342       669    .            
 0.22473E-02 0.13453E-01 0.47375E-02 0.13423E-01 0.25116E-01 0.19841E-02  3.3392       670    .            
 0.22423E-02 0.13386E-01 0.47921E-02 0.11784E-01 0.25114E-01 0.19876E-02  3.3442       671    .            
 0.22437E-02 0.13406E-01 0.48372E-02 0.10173E-01 0.25112E-01 0.19915E-02  3.3492       672    .            
 0.22518E-02 0.13518E-01 0.48726E-02 0.86666E-02 0.25109E-01 0.19956E-02  3.3542       673    .            
 0.22665E-02 0.13721E-01 0.48981E-02 0.73761E-02 0.25107E-01 0.19999E-02  3.3592       674    .            
 0.22878E-02 0.14011E-01 0.49137E-02 0.64627E-02 0.25105E-01 0.20044E-02  3.3642       675    .            
 0.23158E-02 0.14383E-01 0.49193E-02 0.61012E-02 0.25102E-01 0.20089E-02  3.3692       676    .            
 0.23502E-02 0.14824E-01 0.49152E-02 0.63612E-02 0.25100E-01 0.20134E-02  3.3742       677    .            
 0.23910E-02 0.15324E-01 0.49015E-02 0.71309E-02 0.25097E-01 0.20177E-02  3.3792       678    .            
 0.24381E-02 0.15868E-01 0.48788E-02 0.82132E-02 0.25094E-01 0.20217E-02  3.3842       679    .            
 0.24911E-02 0.16443E-01 0.48473E-02 0.94409E-02 0.25092E-01 0.20254E-02  3.3892       680    .            
 0.25499E-02 0.17033E-01 0.48077E-02 0.10703E-01 0.25089E-01 0.20287E-02  3.3942       681    .            
 0.26141E-02 0.17623E-01 0.47606E-02 0.11929E-01 0.25086E-01 0.20316E-02  3.3992       682    .            
 0.26834E-02 0.18199E-01 0.47067E-02 0.13074E-01 0.25083E-01 0.20339E-02  3.4042       683    .            
 0.27575E-02 0.18747E-01 0.46468E-02 0.14108E-01 0.25080E-01 0.20358E-02  3.4092       684    .            
 0.28359E-02 0.19253E-01 0.45816E-02 0.15012E-01 0.25077E-01 0.20371E-02  3.4142       685    .            
 0.29181E-02 0.19702E-01 0.45120E-02 0.15772E-01 0.25074E-01 0.20381E-02  3.4192       686    .            
 0.30037E-02 0.20083E-01 0.44389E-02 0.16380E-01 0.25071E-01 0.20386E-02  3.4242       687    .            
 0.30921E-02 0.20382E-01 0.43632E-02 0.16831E-01 0.25068E-01 0.20389E-02  3.4292       688    .            
 0.31827E-02 0.20589E-01 0.42856E-02 0.17126E-01 0.25065E-01 0.20390E-02  3.4342       689    .            
 0.32748E-02 0.20692E-01 0.42072E-02 0.17266E-01 0.25062E-01 0.20390E-02  3.4392       690    .            
 0.33679E-02 0.20683E-01 0.41287E-02 0.17255E-01 0.25059E-01 0.20390E-02  3.4442       691    .            
 0.34612E-02 0.20554E-01 0.40510E-02 0.17101E-01 0.25056E-01 0.20392E-02  3.4492       692    .            
 0.35539E-02 0.20298E-01 0.39749E-02 0.16813E-01 0.25053E-01 0.20396E-02  3.4542       693    .            
 0.36454E-02 0.19912E-01 0.39011E-02 0.16400E-01 0.25050E-01 0.20403E-02  3.4592       694    .            
 0.37349E-02 0.19392E-01 0.38304E-02 0.15876E-01 0.25047E-01 0.20414E-02  3.4642       695    .            
 0.38216E-02 0.18739E-01 0.37633E-02 0.15254E-01 0.25043E-01 0.20431E-02  3.4692       696    .            
 0.39048E-02 0.17956E-01 0.37006E-02 0.14551E-01 0.25040E-01 0.20454E-02  3.4742       697    .            
 0.39836E-02 0.17049E-01 0.36427E-02 0.13784E-01 0.25037E-01 0.20483E-02  3.4792       698    .            
 0.40574E-02 0.16027E-01 0.35902E-02 0.12976E-01 0.25034E-01 0.20519E-02  3.4842       699    .            
 0.41255E-02 0.14904E-01 0.35436E-02 0.12150E-01 0.25031E-01 0.20563E-02  3.4892       700    .            
 0.41872E-02 0.13698E-01 0.35033E-02 0.11335E-01 0.25027E-01 0.20613E-02  3.4941       701    .            
 0.42420E-02 0.12436E-01 0.34695E-02 0.10566E-01 0.25024E-01 0.20672E-02  3.4991       702    .            
 0.42893E-02 0.11152E-01 0.34427E-02 0.98842E-02 0.25020E-01 0.20737E-02  3.5041       703    .            
 0.43287E-02 0.98939E-02 0.34230E-02 0.93346E-02 0.25017E-01 0.20809E-02  3.5091       704    .            
 0.43598E-02 0.87290E-02 0.34107E-02 0.89643E-02 0.25013E-01 0.20887E-02  3.5141       705    .            
 0.43823E-02 0.77508E-02 0.34059E-02 0.88128E-02 0.25009E-01 0.20970E-02  3.5191       706    .            
 0.43961E-02 0.70767E-02 0.34086E-02 0.89019E-02 0.25005E-01 0.21056E-02  3.5241       707    .            
 0.44010E-02 0.68190E-02 0.34191E-02 0.92288E-02 0.25001E-01 0.21144E-02  3.5291       708    .            
 0.43970E-02 0.70247E-02 0.34372E-02 0.97680E-02 0.24997E-01 0.21232E-02  3.5341       709    .            
 0.43844E-02 0.76391E-02 0.34629E-02 0.10480E-01 0.24993E-01 0.21319E-02  3.5391       710    .            
 0.43632E-02 0.85442E-02 0.34960E-02 0.11319E-01 0.24988E-01 0.21403E-02  3.5441       711    .            
 0.43338E-02 0.96193E-02 0.35366E-02 0.12246E-01 0.24984E-01 0.21481E-02  3.5491       712    .            
 0.42966E-02 0.10770E-01 0.35842E-02 0.13221E-01 0.24979E-01 0.21554E-02  3.5541       713    .            
 0.42520E-02 0.11929E-01 0.36388E-02 0.14215E-01 0.24975E-01 0.21619E-02  3.5591       714    .            
 0.42006E-02 0.13050E-01 0.36998E-02 0.15199E-01 0.24970E-01 0.21676E-02  3.5641       715    .            
 0.41431E-02 0.14100E-01 0.37671E-02 0.16151E-01 0.24965E-01 0.21723E-02  3.5691       716    .            
 0.40799E-02 0.15055E-01 0.38401E-02 0.17049E-01 0.24960E-01 0.21761E-02  3.5741       717    .            
 0.40120E-02 0.15898E-01 0.39184E-02 0.17876E-01 0.24955E-01 0.21790E-02  3.5791       718    .            
 0.39400E-02 0.16619E-01 0.40014E-02 0.18613E-01 0.24950E-01 0.21811E-02  3.5841       719    .            
 0.38646E-02 0.17210E-01 0.40885E-02 0.19245E-01 0.24946E-01 0.21825E-02  3.5891       720    .            
 0.37867E-02 0.17667E-01 0.41790E-02 0.19758E-01 0.24941E-01 0.21832E-02  3.5941       721    .            
 0.37070E-02 0.17990E-01 0.42723E-02 0.20139E-01 0.24936E-01 0.21835E-02  3.5991       722    .            
 0.36263E-02 0.18181E-01 0.43674E-02 0.20375E-01 0.24931E-01 0.21836E-02  3.6041       723    .            
 0.35454E-02 0.18243E-01 0.44637E-02 0.20455E-01 0.24926E-01 0.21836E-02  3.6091       724    .            
 0.34650E-02 0.18183E-01 0.45603E-02 0.20372E-01 0.24921E-01 0.21837E-02  3.6141       725    .            
 0.33859E-02 0.18009E-01 0.46561E-02 0.20118E-01 0.24916E-01 0.21841E-02  3.6191       726    .            
 0.33086E-02 0.17730E-01 0.47504E-02 0.19688E-01 0.24911E-01 0.21851E-02  3.6241       727    .            
 0.32338E-02 0.17357E-01 0.48422E-02 0.19080E-01 0.24906E-01 0.21867E-02  3.6291       728    .            
 0.31621E-02 0.16902E-01 0.49305E-02 0.18296E-01 0.24901E-01 0.21891E-02  3.6341       729    .            
 0.30942E-02 0.16379E-01 0.50144E-02 0.17339E-01 0.24896E-01 0.21925E-02  3.6391       730    .            
 0.30304E-02 0.15801E-01 0.50929E-02 0.16217E-01 0.24891E-01 0.21970E-02  3.6441       731    .            
 0.29712E-02 0.15186E-01 0.51651E-02 0.14942E-01 0.24886E-01 0.22026E-02  3.6491       732    .            
 0.29171E-02 0.14550E-01 0.52302E-02 0.13533E-01 0.24881E-01 0.22094E-02  3.6541       733    .            
 0.28685E-02 0.13911E-01 0.52874E-02 0.12017E-01 0.24876E-01 0.22174E-02  3.6591       734    .            
 0.28256E-02 0.13289E-01 0.53359E-02 0.10434E-01 0.24870E-01 0.22266E-02  3.6641       735    .            
 0.27887E-02 0.12707E-01 0.53750E-02 0.88456E-02 0.24865E-01 0.22370E-02  3.6691       736    .            
 0.27581E-02 0.12184E-01 0.54043E-02 0.73599E-02 0.24859E-01 0.22484E-02  3.6741       737    .            
 0.27340E-02 0.11745E-01 0.54232E-02 0.61649E-02 0.24854E-01 0.22607E-02  3.6791       738    .            
 0.27164E-02 0.11409E-01 0.54314E-02 0.55521E-02 0.24848E-01 0.22738E-02  3.6841       739    .            
 0.27055E-02 0.11193E-01 0.54286E-02 0.57730E-02 0.24842E-01 0.22874E-02  3.6891       740    .            
 0.27014E-02 0.11110E-01 0.54147E-02 0.67677E-02 0.24836E-01 0.23014E-02  3.6941       741    .            
 0.27040E-02 0.11163E-01 0.53898E-02 0.82531E-02 0.24830E-01 0.23154E-02  3.6991       742    .            
 0.27134E-02 0.11348E-01 0.53539E-02 0.99851E-02 0.24824E-01 0.23292E-02  3.7041       743    .            
 0.27294E-02 0.11653E-01 0.53073E-02 0.11816E-01 0.24817E-01 0.23426E-02  3.7091       744    .            
 0.27519E-02 0.12060E-01 0.52503E-02 0.13658E-01 0.24811E-01 0.23552E-02  3.7141       745    .            
 0.27808E-02 0.12548E-01 0.51834E-02 0.15456E-01 0.24804E-01 0.23669E-02  3.7191       746    .            
 0.28158E-02 0.13095E-01 0.51072E-02 0.17172E-01 0.24797E-01 0.23775E-02  3.7241       747    .            
 0.28567E-02 0.13679E-01 0.50224E-02 0.18778E-01 0.24790E-01 0.23869E-02  3.7291       748    .            
 0.29032E-02 0.14277E-01 0.49295E-02 0.20254E-01 0.24784E-01 0.23948E-02  3.7341       749    .            
 0.29550E-02 0.14871E-01 0.48295E-02 0.21582E-01 0.24777E-01 0.24013E-02  3.7391       750    .            
 0.30117E-02 0.15441E-01 0.47232E-02 0.22752E-01 0.24770E-01 0.24065E-02  3.7441       751    .            
 0.30728E-02 0.15970E-01 0.46114E-02 0.23755E-01 0.24762E-01 0.24103E-02  3.7491       752    .            
 0.31378E-02 0.16444E-01 0.44951E-02 0.24587E-01 0.24755E-01 0.24129E-02  3.7541       753    .            
 0.32063E-02 0.16847E-01 0.43752E-02 0.25247E-01 0.24748E-01 0.24145E-02  3.7591       754    .            
 0.32776E-02 0.17167E-01 0.42525E-02 0.25736E-01 0.24741E-01 0.24153E-02  3.7641       755    .            
 0.33512E-02 0.17393E-01 0.41281E-02 0.26059E-01 0.24734E-01 0.24156E-02  3.7691       756    .            
 0.34264E-02 0.17514E-01 0.40027E-02 0.26222E-01 0.24727E-01 0.24156E-02  3.7740       757    .            
 0.35026E-02 0.17521E-01 0.38772E-02 0.26232E-01 0.24720E-01 0.24156E-02  3.7790       758    .            
 0.35790E-02 0.17409E-01 0.37524E-02 0.26101E-01 0.24713E-01 0.24159E-02  3.7840       759    .            
 0.36548E-02 0.17171E-01 0.36291E-02 0.25839E-01 0.24706E-01 0.24168E-02  3.7890       760    .            
 0.37295E-02 0.16806E-01 0.35079E-02 0.25459E-01 0.24699E-01 0.24186E-02  3.7940       761    .            
 0.38021E-02 0.16312E-01 0.33896E-02 0.24975E-01 0.24692E-01 0.24215E-02  3.7990       762    .            
 0.38719E-02 0.15693E-01 0.32746E-02 0.24400E-01 0.24684E-01 0.24257E-02  3.8040       763    .            
 0.39382E-02 0.14953E-01 0.31637E-02 0.23749E-01 0.24677E-01 0.24314E-02  3.8090       764    .            
 0.40003E-02 0.14102E-01 0.30572E-02 0.23037E-01 0.24670E-01 0.24387E-02  3.8140       765    .            
 0.40573E-02 0.13156E-01 0.29555E-02 0.22278E-01 0.24663E-01 0.24476E-02  3.8190       766    .            
 0.41088E-02 0.12133E-01 0.28590E-02 0.21487E-01 0.24655E-01 0.24583E-02  3.8240       767    .            
 0.41540E-02 0.11062E-01 0.27682E-02 0.20678E-01 0.24648E-01 0.24707E-02  3.8290       768    .            
 0.41924E-02 0.99851E-02 0.26831E-02 0.19865E-01 0.24640E-01 0.24848E-02  3.8340       769    .            
 0.42234E-02 0.89569E-02 0.26041E-02 0.19063E-01 0.24632E-01 0.25003E-02  3.8390       770    .            
 0.42467E-02 0.80564E-02 0.25314E-02 0.18284E-01 0.24625E-01 0.25171E-02  3.8440       771    .            
 0.42620E-02 0.73849E-02 0.24650E-02 0.17541E-01 0.24617E-01 0.25351E-02  3.8490       772    .            
 0.42689E-02 0.70514E-02 0.24052E-02 0.16847E-01 0.24609E-01 0.25538E-02  3.8540       773    .            
 0.42673E-02 0.71296E-02 0.23519E-02 0.16211E-01 0.24600E-01 0.25731E-02  3.8590       774    .            
 0.42572E-02 0.76147E-02 0.23052E-02 0.15644E-01 0.24592E-01 0.25925E-02  3.8640       775    .            
 0.42386E-02 0.84280E-02 0.22652E-02 0.15152E-01 0.24583E-01 0.26118E-02  3.8690       776    .            
 0.42116E-02 0.94646E-02 0.22317E-02 0.14742E-01 0.24575E-01 0.26305E-02  3.8740       777    .            
 0.41764E-02 0.10630E-01 0.22048E-02 0.14416E-01 0.24566E-01 0.26484E-02  3.8790       778    .            
 0.41334E-02 0.11851E-01 0.21843E-02 0.14174E-01 0.24557E-01 0.26651E-02  3.8840       779    .            
 0.40829E-02 0.13074E-01 0.21700E-02 0.14012E-01 0.24548E-01 0.26803E-02  3.8890       780    .            
 0.40255E-02 0.14260E-01 0.21619E-02 0.13924E-01 0.24538E-01 0.26938E-02  3.8940       781    .            
 0.39616E-02 0.15381E-01 0.21596E-02 0.13901E-01 0.24529E-01 0.27056E-02  3.8990       782    .            
 0.38919E-02 0.16415E-01 0.21630E-02 0.13932E-01 0.24520E-01 0.27154E-02  3.9040       783    .            
 0.38170E-02 0.17346E-01 0.21717E-02 0.14006E-01 0.24510E-01 0.27233E-02  3.9090       784    .            
 0.37376E-02 0.18163E-01 0.21853E-02 0.14109E-01 0.24501E-01 0.27294E-02  3.9140       785    .            
 0.36544E-02 0.18858E-01 0.22036E-02 0.14227E-01 0.24491E-01 0.27338E-02  3.9190       786    .            
 0.35681E-02 0.19427E-01 0.22262E-02 0.14349E-01 0.24482E-01 0.27366E-02  3.9240       787    .            
 0.34796E-02 0.19867E-01 0.22525E-02 0.14463E-01 0.24472E-01 0.27383E-02  3.9290       788    .            
 0.33895E-02 0.20181E-01 0.22821E-02 0.14556E-01 0.24463E-01 0.27390E-02  3.9340       789    .            
 0.32986E-02 0.20371E-01 0.23145E-02 0.14621E-01 0.24453E-01 0.27392E-02  3.9390       790    .            
 0.32075E-02 0.20443E-01 0.23493E-02 0.14648E-01 0.24444E-01 0.27391E-02  3.9440       791    .            
 0.31171E-02 0.20404E-01 0.23859E-02 0.14631E-01 0.24434E-01 0.27393E-02  3.9490       792    .            
 0.30279E-02 0.20261E-01 0.24237E-02 0.14565E-01 0.24425E-01 0.27400E-02  3.9540       793    .            
 0.29407E-02 0.20024E-01 0.24623E-02 0.14446E-01 0.24415E-01 0.27417E-02  3.9590       794    .            
 0.28559E-02 0.19706E-01 0.25010E-02 0.14273E-01 0.24405E-01 0.27446E-02  3.9640       795    .            
 0.27743E-02 0.19316E-01 0.25393E-02 0.14048E-01 0.24396E-01 0.27491E-02  3.9690       796    .            
 0.26962E-02 0.18868E-01 0.25766E-02 0.13773E-01 0.24386E-01 0.27555E-02  3.9740       797    .            
 0.26221E-02 0.18374E-01 0.26125E-02 0.13454E-01 0.24377E-01 0.27638E-02  3.9790       798    .            
 0.25526E-02 0.17848E-01 0.26464E-02 0.13099E-01 0.24367E-01 0.27743E-02  3.9840       799    .            
 0.24881E-02 0.17304E-01 0.26778E-02 0.12719E-01 0.24357E-01 0.27871E-02  3.9890       800    .            
 0.24288E-02 0.16756E-01 0.27063E-02 0.12328E-01 0.24347E-01 0.28020E-02  3.9940       801    .            
 0.23751E-02 0.16219E-01 0.27315E-02 0.11943E-01 0.24337E-01 0.28190E-02  3.9990       802    .            
 0.23272E-02 0.15707E-01 0.27529E-02 0.11580E-01 0.24327E-01 0.28381E-02  4.0040       803    .            
 0.22855E-02 0.15233E-01 0.27703E-02 0.11260E-01 0.24317E-01 0.28589E-02  4.0090       804    .            
 0.22502E-02 0.14811E-01 0.27834E-02 0.11002E-01 0.24306E-01 0.28811E-02  4.0140       805    .            
 0.22213E-02 0.14453E-01 0.27921E-02 0.10825E-01 0.24296E-01 0.29046E-02  4.0190       806    .            
 0.21990E-02 0.14169E-01 0.27960E-02 0.10740E-01 0.24285E-01 0.29288E-02  4.0240       807    .            
 0.21833E-02 0.13966E-01 0.27952E-02 0.10758E-01 0.24274E-01 0.29534E-02  4.0290       808    .            
 0.21744E-02 0.13850E-01 0.27897E-02 0.10876E-01 0.24263E-01 0.29779E-02  4.0340       809    .            
 0.21722E-02 0.13821E-01 0.27794E-02 0.11089E-01 0.24252E-01 0.30019E-02  4.0390       810    .            
 0.21765E-02 0.13877E-01 0.27646E-02 0.11385E-01 0.24240E-01 0.30250E-02  4.0440       811    .            
 0.21874E-02 0.14011E-01 0.27453E-02 0.11744E-01 0.24229E-01 0.30467E-02  4.0490       812    .            
 0.22047E-02 0.14215E-01 0.27218E-02 0.12150E-01 0.24217E-01 0.30667E-02  4.0539       813    .            
 0.22281E-02 0.14476E-01 0.26945E-02 0.12581E-01 0.24205E-01 0.30848E-02  4.0589       814    .            
 0.22575E-02 0.14782E-01 0.26636E-02 0.13019E-01 0.24193E-01 0.31006E-02  4.0639       815    .            
 0.22925E-02 0.15119E-01 0.26295E-02 0.13448E-01 0.24181E-01 0.31142E-02  4.0689       816    .            
 0.23329E-02 0.15471E-01 0.25927E-02 0.13854E-01 0.24169E-01 0.31253E-02  4.0739       817    .            
 0.23782E-02 0.15826E-01 0.25536E-02 0.14225E-01 0.24157E-01 0.31341E-02  4.0789       818    .            
 0.24282E-02 0.16167E-01 0.25128E-02 0.14553E-01 0.24145E-01 0.31406E-02  4.0839       819    .            
 0.24822E-02 0.16483E-01 0.24708E-02 0.14830E-01 0.24133E-01 0.31452E-02  4.0889       820    .            
 0.25399E-02 0.16761E-01 0.24280E-02 0.15053E-01 0.24120E-01 0.31480E-02  4.0939       821    .            
 0.26008E-02 0.16988E-01 0.23852E-02 0.15220E-01 0.24108E-01 0.31495E-02  4.0989       822    .            
 0.26643E-02 0.17153E-01 0.23427E-02 0.15332E-01 0.24096E-01 0.31500E-02  4.1039       823    .            
 0.27299E-02 0.17248E-01 0.23013E-02 0.15390E-01 0.24084E-01 0.31501E-02  4.1089       824    .            
 0.27969E-02 0.17264E-01 0.22614E-02 0.15399E-01 0.24071E-01 0.31501E-02  4.1139       825    .            
 0.28648E-02 0.17194E-01 0.22235E-02 0.15365E-01 0.24059E-01 0.31505E-02  4.1189       826    .            
 0.29329E-02 0.17032E-01 0.21883E-02 0.15294E-01 0.24047E-01 0.31519E-02  4.1239       827    .            
 0.30007E-02 0.16774E-01 0.21562E-02 0.15195E-01 0.24035E-01 0.31545E-02  4.1289       828    .            
 0.30673E-02 0.16421E-01 0.21277E-02 0.15078E-01 0.24022E-01 0.31589E-02  4.1339       829    .            
 0.31322E-02 0.15971E-01 0.21033E-02 0.14953E-01 0.24010E-01 0.31654E-02  4.1389       830    .            
 0.31948E-02 0.15429E-01 0.20834E-02 0.14833E-01 0.23998E-01 0.31741E-02  4.1439       831    .            
 0.32543E-02 0.14801E-01 0.20684E-02 0.14728E-01 0.23985E-01 0.31854E-02  4.1489       832    .            
 0.33103E-02 0.14097E-01 0.20587E-02 0.14652E-01 0.23973E-01 0.31994E-02  4.1539       833    .            
 0.33620E-02 0.13330E-01 0.20546E-02 0.14616E-01 0.23960E-01 0.32159E-02  4.1589       834    .            
 0.34090E-02 0.12518E-01 0.20563E-02 0.14632E-01 0.23948E-01 0.32351E-02  4.1639       835    .            
 0.34508E-02 0.11686E-01 0.20641E-02 0.14709E-01 0.23935E-01 0.32568E-02  4.1689       836    .            
 0.34869E-02 0.10863E-01 0.20782E-02 0.14856E-01 0.23922E-01 0.32807E-02  4.1739       837    .            
 0.35169E-02 0.10088E-01 0.20988E-02 0.15079E-01 0.23909E-01 0.33065E-02  4.1789       838    .            
 0.35405E-02 0.94062E-02 0.21259E-02 0.15380E-01 0.23895E-01 0.33338E-02  4.1839       839    .            
 0.35576E-02 0.88682E-02 0.21597E-02 0.15761E-01 0.23882E-01 0.33623E-02  4.1889       840    .            
 0.35678E-02 0.85231E-02 0.22002E-02 0.16218E-01 0.23868E-01 0.33914E-02  4.1939       841    .            
 0.35711E-02 0.84071E-02 0.22473E-02 0.16747E-01 0.23855E-01 0.34206E-02  4.1989       842    .            
 0.35675E-02 0.85311E-02 0.23011E-02 0.17342E-01 0.23841E-01 0.34495E-02  4.2039       843    .            
 0.35571E-02 0.88769E-02 0.23615E-02 0.17994E-01 0.23826E-01 0.34774E-02  4.2089       844    .            
 0.35401E-02 0.94035E-02 0.24284E-02 0.18691E-01 0.23812E-01 0.35040E-02  4.2139       845    .            
 0.35166E-02 0.10059E-01 0.25016E-02 0.19424E-01 0.23798E-01 0.35287E-02  4.2189       846    .            
 0.34870E-02 0.10794E-01 0.25810E-02 0.20181E-01 0.23783E-01 0.35513E-02  4.2239       847    .            
 0.34517E-02 0.11562E-01 0.26664E-02 0.20947E-01 0.23768E-01 0.35714E-02  4.2289       848    .            
 0.34110E-02 0.12329E-01 0.27575E-02 0.21710E-01 0.23753E-01 0.35888E-02  4.2339       849    .            
 0.33656E-02 0.13065E-01 0.28540E-02 0.22456E-01 0.23738E-01 0.36034E-02  4.2389       850    .            
 0.33158E-02 0.13747E-01 0.29557E-02 0.23171E-01 0.23723E-01 0.36152E-02  4.2439       851    .            
 0.32624E-02 0.14361E-01 0.30621E-02 0.23840E-01 0.23708E-01 0.36243E-02  4.2489       852    .            
 0.32058E-02 0.14893E-01 0.31728E-02 0.24449E-01 0.23693E-01 0.36310E-02  4.2539       853    .            
 0.31469E-02 0.15336E-01 0.32873E-02 0.24985E-01 0.23678E-01 0.36354E-02  4.2589       854    .            
 0.30861E-02 0.15685E-01 0.34051E-02 0.25431E-01 0.23663E-01 0.36380E-02  4.2639       855    .            
 0.30241E-02 0.15938E-01 0.35255E-02 0.25776E-01 0.23647E-01 0.36392E-02  4.2689       856    .            
 0.29617E-02 0.16097E-01 0.36481E-02 0.26005E-01 0.23632E-01 0.36395E-02  4.2739       857    .            
 0.28994E-02 0.16162E-01 0.37719E-02 0.26107E-01 0.23617E-01 0.36395E-02  4.2789       858    .            
 0.28378E-02 0.16141E-01 0.38964E-02 0.26070E-01 0.23602E-01 0.36396E-02  4.2839       859    .            
 0.27777E-02 0.16039E-01 0.40206E-02 0.25885E-01 0.23587E-01 0.36405E-02  4.2889       860    .            
 0.27196E-02 0.15864E-01 0.41438E-02 0.25543E-01 0.23572E-01 0.36427E-02  4.2939       861    .            
 0.26641E-02 0.15627E-01 0.42652E-02 0.25039E-01 0.23556E-01 0.36466E-02  4.2989       862    .            
 0.26116E-02 0.15338E-01 0.43838E-02 0.24369E-01 0.23541E-01 0.36527E-02  4.3039       863    .            
 0.25628E-02 0.15011E-01 0.44987E-02 0.23533E-01 0.23526E-01 0.36613E-02  4.3089       864    .            
 0.25180E-02 0.14658E-01 0.46091E-02 0.22530E-01 0.23511E-01 0.36726E-02  4.3139       865    .            
 0.24777E-02 0.14294E-01 0.47140E-02 0.21367E-01 0.23495E-01 0.36870E-02  4.3189       866    .            
 0.24424E-02 0.13936E-01 0.48127E-02 0.20052E-01 0.23480E-01 0.37044E-02  4.3239       867    .            
 0.24123E-02 0.13599E-01 0.49043E-02 0.18596E-01 0.23464E-01 0.37248E-02  4.3289       868    .            
 0.23877E-02 0.13301E-01 0.49880E-02 0.17016E-01 0.23448E-01 0.37481E-02  4.3338       869    .            
 0.23691E-02 0.13057E-01 0.50632E-02 0.15332E-01 0.23432E-01 0.37741E-02  4.3388       870    .            
 0.23565E-02 0.12883E-01 0.51292E-02 0.13574E-01 0.23416E-01 0.38025E-02  4.3438       871    .            
 0.23502E-02 0.12792E-01 0.51854E-02 0.11779E-01 0.23400E-01 0.38328E-02  4.3488       872    .            
 0.23503E-02 0.12793E-01 0.52316E-02 0.10001E-01 0.23384E-01 0.38646E-02  4.3538       873    .            
 0.23569E-02 0.12894E-01 0.52672E-02 0.83257E-02 0.23367E-01 0.38975E-02  4.3588       874    .            
 0.23702E-02 0.13094E-01 0.52922E-02 0.68925E-02 0.23350E-01 0.39307E-02  4.3638       875    .            
 0.23900E-02 0.13391E-01 0.53063E-02 0.59232E-02 0.23334E-01 0.39638E-02  4.3688       876    .            
 0.24165E-02 0.13777E-01 0.53097E-02 0.56692E-02 0.23316E-01 0.39961E-02  4.3738       877    .            
 0.24495E-02 0.14241E-01 0.53024E-02 0.61936E-02 0.23299E-01 0.40271E-02  4.3788       878    .            
 0.24889E-02 0.14771E-01 0.52847E-02 0.72833E-02 0.23282E-01 0.40563E-02  4.3838       879    .            
 0.25346E-02 0.15350E-01 0.52570E-02 0.86693E-02 0.23264E-01 0.40832E-02  4.3888       880    .            
 0.25864E-02 0.15965E-01 0.52197E-02 0.10167E-01 0.23246E-01 0.41075E-02  4.3938       881    .            
 0.26441E-02 0.16598E-01 0.51734E-02 0.11668E-01 0.23228E-01 0.41288E-02  4.3988       882    .            
 0.27073E-02 0.17235E-01 0.51188E-02 0.13107E-01 0.23210E-01 0.41471E-02  4.4038       883    .            
 0.27758E-02 0.17859E-01 0.50565E-02 0.14444E-01 0.23192E-01 0.41621E-02  4.4088       884    .            
 0.28492E-02 0.18457E-01 0.49874E-02 0.15652E-01 0.23174E-01 0.41741E-02  4.4138       885    .            
 0.29271E-02 0.19012E-01 0.49124E-02 0.16711E-01 0.23156E-01 0.41831E-02  4.4188       886    .            
 0.30091E-02 0.19512E-01 0.48322E-02 0.17610E-01 0.23137E-01 0.41894E-02  4.4238       887    .            
 0.30945E-02 0.19942E-01 0.47480E-02 0.18340E-01 0.23119E-01 0.41935E-02  4.4288       888    .            
 0.31830E-02 0.20291E-01 0.46605E-02 0.18897E-01 0.23101E-01 0.41956E-02  4.4338       889    .            
 0.32739E-02 0.20545E-01 0.45707E-02 0.19282E-01 0.23082E-01 0.41965E-02  4.4388       890    .            
 0.33666E-02 0.20694E-01 0.44795E-02 0.19496E-01 0.23064E-01 0.41966E-02  4.4438       891    .            
 0.34603E-02 0.20729E-01 0.43880E-02 0.19543E-01 0.23046E-01 0.41966E-02  4.4488       892    .            
 0.35545E-02 0.20640E-01 0.42968E-02 0.19431E-01 0.23027E-01 0.41971E-02  4.4538       893    .            
 0.36483E-02 0.20422E-01 0.42070E-02 0.19169E-01 0.23009E-01 0.41987E-02  4.4588       894    .            
 0.37411E-02 0.20068E-01 0.41193E-02 0.18767E-01 0.22991E-01 0.42019E-02  4.4638       895    .            
 0.38320E-02 0.19577E-01 0.40344E-02 0.18237E-01 0.22972E-01 0.42072E-02  4.4688       896    .            
 0.39202E-02 0.18947E-01 0.39531E-02 0.17593E-01 0.22954E-01 0.42152E-02  4.4738       897    .            
 0.40049E-02 0.18181E-01 0.38760E-02 0.16850E-01 0.22935E-01 0.42260E-02  4.4788       898    .            
 0.40855E-02 0.17284E-01 0.38037E-02 0.16024E-01 0.22917E-01 0.42401E-02  4.4838       899    .            
 0.41611E-02 0.16265E-01 0.37367E-02 0.15133E-01 0.22898E-01 0.42575E-02  4.4888       900    .            
 0.42310E-02 0.15137E-01 0.36756E-02 0.14197E-01 0.22880E-01 0.42783E-02  4.4938       901    .            
 0.42945E-02 0.13917E-01 0.36208E-02 0.13239E-01 0.22861E-01 0.43024E-02  4.4988       902    .            
 0.43511E-02 0.12630E-01 0.35726E-02 0.12286E-01 0.22842E-01 0.43296E-02  4.5038       903    .            
 0.44001E-02 0.11309E-01 0.35313E-02 0.11369E-01 0.22823E-01 0.43596E-02  4.5088       904    .            
 0.44411E-02 0.10001E-01 0.34972E-02 0.10524E-01 0.22803E-01 0.43919E-02  4.5138       905    .            
 0.44736E-02 0.87728E-02 0.34706E-02 0.97935E-02 0.22784E-01 0.44262E-02  4.5188       906    .            
 0.44974E-02 0.77198E-02 0.34514E-02 0.92251E-02 0.22764E-01 0.44619E-02  4.5238       907    .            
 0.45123E-02 0.69689E-02 0.34400E-02 0.88629E-02 0.22744E-01 0.44983E-02  4.5288       908    .            
 0.45181E-02 0.66515E-02 0.34362E-02 0.87399E-02 0.22724E-01 0.45349E-02  4.5338       909    .            
 0.45148E-02 0.68348E-02 0.34401E-02 0.88663E-02 0.22704E-01 0.45710E-02  4.5388       910    .            
 0.45024E-02 0.74680E-02 0.34516E-02 0.92262E-02 0.22683E-01 0.46059E-02  4.5438       911    .            
 0.44813E-02 0.84217E-02 0.34707E-02 0.97826E-02 0.22663E-01 0.46391E-02  4.5488       912    .            
 0.44515E-02 0.95623E-02 0.34972E-02 0.10489E-01 0.22642E-01 0.46701E-02  4.5538       913    .            
 0.44137E-02 0.10787E-01 0.35308E-02 0.11297E-01 0.22621E-01 0.46984E-02  4.5588       914    .            
 0.43680E-02 0.12023E-01 0.35714E-02 0.12165E-01 0.22600E-01 0.47236E-02  4.5638       915    .            
 0.43153E-02 0.13222E-01 0.36186E-02 0.13056E-01 0.22578E-01 0.47454E-02  4.5688       916    .            
 0.42559E-02 0.14350E-01 0.36720E-02 0.13940E-01 0.22557E-01 0.47639E-02  4.5738       917    .            
 0.41906E-02 0.15381E-01 0.37312E-02 0.14790E-01 0.22535E-01 0.47789E-02  4.5788       918    .            
 0.41201E-02 0.16298E-01 0.37958E-02 0.15586E-01 0.22514E-01 0.47905E-02  4.5838       919    .            
 0.40451E-02 0.17089E-01 0.38653E-02 0.16307E-01 0.22492E-01 0.47990E-02  4.5888       920    .            
 0.39665E-02 0.17747E-01 0.39390E-02 0.16936E-01 0.22471E-01 0.48048E-02  4.5938       921    .            
 0.38849E-02 0.18266E-01 0.40162E-02 0.17458E-01 0.22449E-01 0.48083E-02  4.5988       922    .            
 0.38013E-02 0.18646E-01 0.40964E-02 0.17859E-01 0.22427E-01 0.48100E-02  4.6038       923    .            
 0.37164E-02 0.18888E-01 0.41788E-02 0.18128E-01 0.22406E-01 0.48105E-02  4.6088       924    .            
 0.36309E-02 0.18995E-01 0.42625E-02 0.18253E-01 0.22384E-01 0.48105E-02  4.6137       925    .            
 0.35457E-02 0.18974E-01 0.43468E-02 0.18227E-01 0.22362E-01 0.48107E-02  4.6187       926    .            
 0.34614E-02 0.18832E-01 0.44308E-02 0.18042E-01 0.22341E-01 0.48116E-02  4.6237       927    .            
 0.33788E-02 0.18579E-01 0.45136E-02 0.17694E-01 0.22319E-01 0.48140E-02  4.6287       928    .            
 0.32986E-02 0.18225E-01 0.45944E-02 0.17181E-01 0.22297E-01 0.48185E-02  4.6337       929    .            
 0.32212E-02 0.17781E-01 0.46722E-02 0.16505E-01 0.22276E-01 0.48254E-02  4.6387       930    .            
 0.31474E-02 0.17261E-01 0.47461E-02 0.15669E-01 0.22254E-01 0.48354E-02  4.6437       931    .            
 0.30776E-02 0.16679E-01 0.48152E-02 0.14682E-01 0.22232E-01 0.48486E-02  4.6487       932    .            
 0.30124E-02 0.16050E-01 0.48786E-02 0.13557E-01 0.22210E-01 0.48654E-02  4.6537       933    .            
 0.29521E-02 0.15390E-01 0.49357E-02 0.12315E-01 0.22188E-01 0.48859E-02  4.6587       934    .            
 0.28971E-02 0.14716E-01 0.49854E-02 0.10985E-01 0.22166E-01 0.49099E-02  4.6637       935    .            
 0.28478E-02 0.14048E-01 0.50273E-02 0.96128E-02 0.22144E-01 0.49374E-02  4.6687       936    .            
 0.28044E-02 0.13405E-01 0.50605E-02 0.82683E-02 0.22122E-01 0.49681E-02  4.6737       937    .            
 0.27673E-02 0.12808E-01 0.50846E-02 0.70682E-02 0.22099E-01 0.50016E-02  4.6787       938    .            
 0.27365E-02 0.12278E-01 0.50992E-02 0.61970E-02 0.22076E-01 0.50374E-02  4.6837       939    .            
 0.27123E-02 0.11836E-01 0.51038E-02 0.58859E-02 0.22053E-01 0.50750E-02  4.6887       940    .            
 0.26948E-02 0.11502E-01 0.50982E-02 0.62706E-02 0.22030E-01 0.51138E-02  4.6937       941    .            
 0.26840E-02 0.11290E-01 0.50823E-02 0.72607E-02 0.22007E-01 0.51531E-02  4.6987       942    .            
 0.26799E-02 0.11209E-01 0.50560E-02 0.86455E-02 0.21983E-01 0.51922E-02  4.7037       943    .            
 0.26825E-02 0.11262E-01 0.50195E-02 0.10244E-01 0.21959E-01 0.52304E-02  4.7087       944    .            
 0.26919E-02 0.11441E-01 0.49730E-02 0.11937E-01 0.21935E-01 0.52671E-02  4.7137       945    .            
 0.27077E-02 0.11733E-01 0.49167E-02 0.13649E-01 0.21911E-01 0.53017E-02  4.7187       946    .            
 0.27300E-02 0.12120E-01 0.48511E-02 0.15328E-01 0.21887E-01 0.53336E-02  4.7237       947    .            
 0.27584E-02 0.12580E-01 0.47767E-02 0.16938E-01 0.21862E-01 0.53624E-02  4.7287       948    .            
 0.27928E-02 0.13092E-01 0.46941E-02 0.18452E-01 0.21838E-01 0.53878E-02  4.7337       949    .            
 0.28329E-02 0.13632E-01 0.46040E-02 0.19849E-01 0.21813E-01 0.54096E-02  4.7387       950    .            
 0.28783E-02 0.14180E-01 0.45070E-02 0.21114E-01 0.21788E-01 0.54277E-02  4.7437       951    .            
 0.29287E-02 0.14717E-01 0.44039E-02 0.22234E-01 0.21763E-01 0.54421E-02  4.7487       952    .            
 0.29837E-02 0.15224E-01 0.42957E-02 0.23201E-01 0.21738E-01 0.54530E-02  4.7537       953    .            
 0.30427E-02 0.15686E-01 0.41831E-02 0.24011E-01 0.21713E-01 0.54608E-02  4.7587       954    .            
 0.31053E-02 0.16087E-01 0.40669E-02 0.24663E-01 0.21688E-01 0.54659E-02  4.7637       955    .            
 0.31710E-02 0.16414E-01 0.39481E-02 0.25156E-01 0.21663E-01 0.54687E-02  4.7687       956    .            
 0.32391E-02 0.16655E-01 0.38275E-02 0.25496E-01 0.21637E-01 0.54699E-02  4.7737       957    .            
 0.33090E-02 0.16801E-01 0.37059E-02 0.25686E-01 0.21612E-01 0.54702E-02  4.7787       958    .            
 0.33801E-02 0.16840E-01 0.35841E-02 0.25736E-01 0.21587E-01 0.54702E-02  4.7837       959    .            
 0.34518E-02 0.16768E-01 0.34629E-02 0.25654E-01 0.21562E-01 0.54707E-02  4.7887       960    .            
 0.35232E-02 0.16578E-01 0.33430E-02 0.25451E-01 0.21537E-01 0.54723E-02  4.7937       961    .            
 0.35936E-02 0.16268E-01 0.32251E-02 0.25140E-01 0.21512E-01 0.54757E-02  4.7987       962    .            
 0.36624E-02 0.15836E-01 0.31098E-02 0.24732E-01 0.21487E-01 0.54815E-02  4.8037       963    .            
 0.37288E-02 0.15285E-01 0.29977E-02 0.24242E-01 0.21461E-01 0.54902E-02  4.8087       964    .            
 0.37920E-02 0.14620E-01 0.28893E-02 0.23683E-01 0.21436E-01 0.55023E-02  4.8137       965    .            
 0.38514E-02 0.13850E-01 0.27851E-02 0.23070E-01 0.21411E-01 0.55179E-02  4.8187       966    .            
 0.39062E-02 0.12988E-01 0.26856E-02 0.22415E-01 0.21385E-01 0.55374E-02  4.8237       967    .            
 0.39558E-02 0.12054E-01 0.25910E-02 0.21734E-01 0.21360E-01 0.55606E-02  4.8287       968    .            
 0.39996E-02 0.11074E-01 0.25019E-02 0.21040E-01 0.21334E-01 0.55877E-02  4.8337       969    .            
 0.40370E-02 0.10086E-01 0.24184E-02 0.20346E-01 0.21309E-01 0.56182E-02  4.8387       970    .            
 0.40675E-02 0.91420E-02 0.23409E-02 0.19665E-01 0.21283E-01 0.56519E-02  4.8437       971    .            
 0.40907E-02 0.83102E-02 0.22695E-02 0.19009E-01 0.21256E-01 0.56884E-02  4.8487       972    .            
 0.41062E-02 0.76781E-02 0.22046E-02 0.18389E-01 0.21230E-01 0.57271E-02  4.8537       973    .            
 0.41139E-02 0.73386E-02 0.21462E-02 0.17816E-01 0.21204E-01 0.57673E-02  4.8587       974    .            
 0.41135E-02 0.73589E-02 0.20944E-02 0.17299E-01 0.21177E-01 0.58085E-02  4.8637       975    .            
 0.41049E-02 0.77467E-02 0.20495E-02 0.16846E-01 0.21150E-01 0.58498E-02  4.8687       976    .            
 0.40881E-02 0.84467E-02 0.20115E-02 0.16461E-01 0.21123E-01 0.58906E-02  4.8737       977    .            
 0.40633E-02 0.93725E-02 0.19803E-02 0.16149E-01 0.21095E-01 0.59301E-02  4.8787       978    .            
 0.40306E-02 0.10439E-01 0.19561E-02 0.15911E-01 0.21068E-01 0.59677E-02  4.8837       979    .            
 0.39903E-02 0.11575E-01 0.19388E-02 0.15746E-01 0.21040E-01 0.60029E-02  4.8886       980    .            
 0.39428E-02 0.12729E-01 0.19283E-02 0.15649E-01 0.21012E-01 0.60350E-02  4.8936       981    .            
 0.38886E-02 0.13859E-01 0.19244E-02 0.15616E-01 0.20984E-01 0.60637E-02  4.8986       982    .            
 0.38280E-02 0.14936E-01 0.19270E-02 0.15638E-01 0.20955E-01 0.60887E-02  4.9036       983    .            
 0.37617E-02 0.15937E-01 0.19358E-02 0.15706E-01 0.20927E-01 0.61098E-02  4.9086       984    .            
 0.36904E-02 0.16845E-01 0.19506E-02 0.15809E-01 0.20898E-01 0.61270E-02  4.9136       985    .            
 0.36146E-02 0.17648E-01 0.19710E-02 0.15936E-01 0.20870E-01 0.61405E-02  4.9186       986    .            
 0.35350E-02 0.18337E-01 0.19967E-02 0.16075E-01 0.20841E-01 0.61505E-02  4.9236       987    .            
 0.34524E-02 0.18908E-01 0.20272E-02 0.16215E-01 0.20813E-01 0.61574E-02  4.9286       988    .            
 0.33674E-02 0.19357E-01 0.20621E-02 0.16346E-01 0.20784E-01 0.61616E-02  4.9336       989    .            
 0.32809E-02 0.19686E-01 0.21009E-02 0.16456E-01 0.20755E-01 0.61637E-02  4.9386       990    .            
 0.31935E-02 0.19896E-01 0.21432E-02 0.16536E-01 0.20726E-01 0.61645E-02  4.9436       991    .            
 0.31059E-02 0.19992E-01 0.21883E-02 0.16576E-01 0.20698E-01 0.61646E-02  4.9486       992    .            
 0.30188E-02 0.19982E-01 0.22357E-02 0.16571E-01 0.20669E-01 0.61648E-02  4.9536       993    .            
 0.29329E-02 0.19871E-01 0.22849E-02 0.16513E-01 0.20640E-01 0.61657E-02  4.9586       994    .            
 0.28489E-02 0.19670E-01 0.23353E-02 0.16397E-01 0.20612E-01 0.61681E-02  4.9636       995    .            
 0.27672E-02 0.19389E-01 0.23863E-02 0.16220E-01 0.20583E-01 0.61727E-02  4.9686       996    .            
 0.26885E-02 0.19040E-01 0.24372E-02 0.15981E-01 0.20554E-01 0.61800E-02  4.9736       997    .            
 0.26133E-02 0.18634E-01 0.24877E-02 0.15681E-01 0.20525E-01 0.61906E-02  4.9786       998    .            
 0.25421E-02 0.18184E-01 0.25370E-02 0.15321E-01 0.20497E-01 0.62047E-02  4.9836       999    .            
 0.24753E-02 0.17703E-01 0.25846E-02 0.14906E-01 0.20468E-01 0.62227E-02  4.9886      1000    .            
 0.24134E-02 0.17205E-01 0.26300E-02 0.14445E-01 0.20439E-01 0.62446E-02  4.9936      1001    .            
 0.23567E-02 0.16705E-01 0.26728E-02 0.13946E-01 0.20410E-01 0.62705E-02  4.9986      1002    .            
 0.23056E-02 0.16215E-01 0.27123E-02 0.13421E-01 0.20380E-01 0.63001E-02  5.0036      1003    .            
 0.22604E-02 0.15750E-01 0.27484E-02 0.12886E-01 0.20351E-01 0.63333E-02  5.0086      1004    .            
 0.22213E-02 0.15324E-01 0.27804E-02 0.12359E-01 0.20321E-01 0.63695E-02  5.0136      1005    .            
 0.21885E-02 0.14950E-01 0.28082E-02 0.11859E-01 0.20291E-01 0.64083E-02  5.0186      1006    .            
 0.21622E-02 0.14638E-01 0.28314E-02 0.11406E-01 0.20261E-01 0.64491E-02  5.0236      1007    .            
 0.21426E-02 0.14398E-01 0.28499E-02 0.11023E-01 0.20231E-01 0.64912E-02  5.0286      1008    .            
 0.21296E-02 0.14238E-01 0.28636E-02 0.10727E-01 0.20201E-01 0.65339E-02  5.0336      1009    .            
 0.21235E-02 0.14161E-01 0.28722E-02 0.10534E-01 0.20170E-01 0.65764E-02  5.0386      1010    .            
 0.21241E-02 0.14169E-01 0.28759E-02 0.10451E-01 0.20139E-01 0.66181E-02  5.0436      1011    .            
 0.21314E-02 0.14258E-01 0.28747E-02 0.10479E-01 0.20108E-01 0.66581E-02  5.0486      1012    .            
 0.21453E-02 0.14423E-01 0.28687E-02 0.10608E-01 0.20077E-01 0.66958E-02  5.0536      1013    .            
 0.21657E-02 0.14654E-01 0.28581E-02 0.10824E-01 0.20045E-01 0.67307E-02  5.0586      1014    .            
 0.21923E-02 0.14941E-01 0.28431E-02 0.11106E-01 0.20014E-01 0.67623E-02  5.0636      1015    .            
 0.22250E-02 0.15271E-01 0.28241E-02 0.11435E-01 0.19982E-01 0.67902E-02  5.0686      1016    .            
 0.22634E-02 0.15631E-01 0.28015E-02 0.11787E-01 0.19950E-01 0.68142E-02  5.0736      1017    .            
 0.23073E-02 0.16006E-01 0.27755E-02 0.12143E-01 0.19918E-01 0.68342E-02  5.0786      1018    .            
 0.23562E-02 0.16382E-01 0.27467E-02 0.12487E-01 0.19886E-01 0.68503E-02  5.0836      1019    .            
 0.24098E-02 0.16746E-01 0.27156E-02 0.12803E-01 0.19853E-01 0.68626E-02  5.0886      1020    .            
 0.24677E-02 0.17084E-01 0.26826E-02 0.13081E-01 0.19821E-01 0.68714E-02  5.0936      1021    .            
 0.25294E-02 0.17383E-01 0.26483E-02 0.13313E-01 0.19789E-01 0.68772E-02  5.0986      1022    .            
 0.25944E-02 0.17632E-01 0.26133E-02 0.13493E-01 0.19757E-01 0.68805E-02  5.1036      1023    .            
 0.26621E-02 0.17819E-01 0.25781E-02 0.13619E-01 0.19724E-01 0.68821E-02  5.1086      1024    .            
 0.27319E-02 0.17935E-01 0.25432E-02 0.13691E-01 0.19692E-01 0.68825E-02  5.1136      1025    .            
 0.28034E-02 0.17970E-01 0.25092E-02 0.13712E-01 0.19660E-01 0.68826E-02  5.1186      1026    .            
 0.28759E-02 0.17917E-01 0.24768E-02 0.13685E-01 0.19627E-01 0.68830E-02  5.1236      1027    .            
 0.29487E-02 0.17771E-01 0.24463E-02 0.13617E-01 0.19595E-01 0.68845E-02  5.1286      1028    .            
 0.30212E-02 0.17525E-01 0.24183E-02 0.13517E-01 0.19563E-01 0.68879E-02  5.1336      1029    .            
 0.30927E-02 0.17179E-01 0.23934E-02 0.13394E-01 0.19530E-01 0.68938E-02  5.1386      1030    .            
 0.31625E-02 0.16733E-01 0.23720E-02 0.13262E-01 0.19498E-01 0.69027E-02  5.1436      1031    .            
 0.32301E-02 0.16187E-01 0.23546E-02 0.13131E-01 0.19466E-01 0.69150E-02  5.1486      1032    .            
 0.32947E-02 0.15549E-01 0.23415E-02 0.13018E-01 0.19433E-01 0.69311E-02  5.1536      1033    .            
 0.33558E-02 0.14825E-01 0.23332E-02 0.12936E-01 0.19401E-01 0.69512E-02  5.1586      1034    .            
 0.34126E-02 0.14027E-01 0.23300E-02 0.12901E-01 0.19368E-01 0.69754E-02  5.1636      1035    .            
 0.34647E-02 0.13173E-01 0.23323E-02 0.12927E-01 0.19335E-01 0.70035E-02  5.1685      1036    .            
 0.35115E-02 0.12282E-01 0.23402E-02 0.13027E-01 0.19302E-01 0.70353E-02  5.1735      1037    .            
 0.35526E-02 0.11383E-01 0.23542E-02 0.13210E-01 0.19269E-01 0.70705E-02  5.1785      1038    .            
 0.35876E-02 0.10511E-01 0.23742E-02 0.13484E-01 0.19236E-01 0.71086E-02  5.1835      1039    .            
 0.36160E-02 0.97093E-02 0.24006E-02 0.13851E-01 0.19202E-01 0.71491E-02  5.1885      1040    .            
 0.36377E-02 0.90295E-02 0.24335E-02 0.14311E-01 0.19169E-01 0.71912E-02  5.1935      1041    .            
 0.36524E-02 0.85271E-02 0.24730E-02 0.14860E-01 0.19135E-01 0.72344E-02  5.1985      1042    .            
 0.36600E-02 0.82518E-02 0.25190E-02 0.15491E-01 0.19101E-01 0.72777E-02  5.2035      1043    .            
 0.36605E-02 0.82324E-02 0.25717E-02 0.16195E-01 0.19066E-01 0.73206E-02  5.2085      1044    .            
 0.36540E-02 0.84652E-02 0.26311E-02 0.16959E-01 0.19032E-01 0.73622E-02  5.2135      1045    .            
 0.36406E-02 0.89156E-02 0.26970E-02 0.17773E-01 0.18997E-01 0.74018E-02  5.2185      1046    .            
 0.36205E-02 0.95300E-02 0.27695E-02 0.18622E-01 0.18962E-01 0.74389E-02  5.2235      1047    .            
 0.35939E-02 0.10251E-01 0.28483E-02 0.19492E-01 0.18927E-01 0.74729E-02  5.2285      1048    .            
 0.35613E-02 0.11027E-01 0.29332E-02 0.20370E-01 0.18891E-01 0.75033E-02  5.2335      1049    .            
 0.35231E-02 0.11815E-01 0.30242E-02 0.21240E-01 0.18856E-01 0.75299E-02  5.2385      1050    .            
 0.34798E-02 0.12581E-01 0.31208E-02 0.22088E-01 0.18820E-01 0.75524E-02  5.2435      1051    .            
 0.34319E-02 0.13299E-01 0.32228E-02 0.22899E-01 0.18785E-01 0.75709E-02  5.2485      1052    .            
 0.33800E-02 0.13951E-01 0.33297E-02 0.23658E-01 0.18749E-01 0.75854E-02  5.2535      1053    .            
 0.33247E-02 0.14522E-01 0.34412E-02 0.24349E-01 0.18713E-01 0.75963E-02  5.2585      1054    .            
 0.32666E-02 0.15002E-01 0.35568E-02 0.24958E-01 0.18677E-01 0.76038E-02  5.2635      1055    .            
 0.32065E-02 0.15386E-01 0.36758E-02 0.25469E-01 0.18641E-01 0.76086E-02  5.2685      1056    .            
 0.31449E-02 0.15670E-01 0.37977E-02 0.25870E-01 0.18605E-01 0.76111E-02  5.2735      1057    .            
 0.30826E-02 0.15854E-01 0.39218E-02 0.26145E-01 0.18569E-01 0.76121E-02  5.2785      1058    .            
 0.30202E-02 0.15941E-01 0.40473E-02 0.26282E-01 0.18533E-01 0.76123E-02  5.2835      1059    .            
 0.29584E-02 0.15934E-01 0.41735E-02 0.26270E-01 0.18498E-01 0.76124E-02  5.2885      1060    .            
 0.28978E-02 0.15841E-01 0.42996E-02 0.26099E-01 0.18462E-01 0.76133E-02  5.2935      1061    .            
 0.28389E-02 0.15669E-01 0.44246E-02 0.25760E-01 0.18426E-01 0.76156E-02  5.2985      1062    .            
 0.27825E-02 0.15427E-01 0.45477E-02 0.25248E-01 0.18390E-01 0.76200E-02  5.3035      1063    .            
 0.27291E-02 0.15128E-01 0.46679E-02 0.24559E-01 0.18354E-01 0.76272E-02  5.3085      1064    .            
 0.26791E-02 0.14783E-01 0.47843E-02 0.23691E-01 0.18318E-01 0.76376E-02  5.3135      1065    .            
 0.26331E-02 0.14406E-01 0.48959E-02 0.22647E-01 0.18282E-01 0.76516E-02  5.3185      1066    .            
 0.25914E-02 0.14014E-01 0.50019E-02 0.21431E-01 0.18246E-01 0.76695E-02  5.3235      1067    .            
 0.25546E-02 0.13621E-01 0.51013E-02 0.20052E-01 0.18210E-01 0.76915E-02  5.3285      1068    .            
 0.25230E-02 0.13247E-01 0.51932E-02 0.18523E-01 0.18174E-01 0.77174E-02  5.3335      1069    .            
 0.24969E-02 0.12908E-01 0.52769E-02 0.16860E-01 0.18137E-01 0.77473E-02  5.3385      1070    .            
 0.24766E-02 0.12624E-01 0.53516E-02 0.15086E-01 0.18101E-01 0.77807E-02  5.3435      1071    .            
 0.24623E-02 0.12411E-01 0.54167E-02 0.13232E-01 0.18064E-01 0.78173E-02  5.3485      1072    .            
 0.24543E-02 0.12286E-01 0.54716E-02 0.11339E-01 0.18027E-01 0.78565E-02  5.3535      1073    .            
 0.24527E-02 0.12260E-01 0.55157E-02 0.94694E-02 0.17990E-01 0.78978E-02  5.3585      1074    .            
 0.24576E-02 0.12341E-01 0.55489E-02 0.77268E-02 0.17952E-01 0.79404E-02  5.3635      1075    .            
 0.24691E-02 0.12530E-01 0.55708E-02 0.62940E-02 0.17915E-01 0.79837E-02  5.3685      1076    .            
 0.24872E-02 0.12825E-01 0.55812E-02 0.54707E-02 0.17877E-01 0.80269E-02  5.3735      1077    .            
 0.25120E-02 0.13219E-01 0.55804E-02 0.55427E-02 0.17839E-01 0.80692E-02  5.3785      1078    .            
 0.25433E-02 0.13698E-01 0.55683E-02 0.64515E-02 0.17801E-01 0.81099E-02  5.3835      1079    .            
 0.25812E-02 0.14248E-01 0.55452E-02 0.78635E-02 0.17762E-01 0.81484E-02  5.3885      1080    .            
 0.26253E-02 0.14853E-01 0.55115E-02 0.94963E-02 0.17724E-01 0.81841E-02  5.3935      1081    .            
 0.26757E-02 0.15497E-01 0.54676E-02 0.11188E-01 0.17685E-01 0.82164E-02  5.3985      1082    .            
 0.27319E-02 0.16161E-01 0.54143E-02 0.12848E-01 0.17646E-01 0.82450E-02  5.4035      1083    .            
 0.27939E-02 0.16831E-01 0.53520E-02 0.14423E-01 0.17607E-01 0.82698E-02  5.4085      1084    .            
 0.28612E-02 0.17488E-01 0.52817E-02 0.15878E-01 0.17568E-01 0.82904E-02  5.4135      1085    .            
 0.29335E-02 0.18117E-01 0.52042E-02 0.17189E-01 0.17528E-01 0.83071E-02  5.4185      1086    .            
 0.30104E-02 0.18704E-01 0.51202E-02 0.18338E-01 0.17489E-01 0.83199E-02  5.4235      1087    .            
 0.30914E-02 0.19234E-01 0.50308E-02 0.19314E-01 0.17450E-01 0.83292E-02  5.4285      1088    .            
 0.31761E-02 0.19693E-01 0.49369E-02 0.20111E-01 0.17410E-01 0.83355E-02  5.4335      1089    .            
 0.32638E-02 0.20067E-01 0.48395E-02 0.20725E-01 0.17371E-01 0.83392E-02  5.4385      1090    .            
 0.33541E-02 0.20345E-01 0.47396E-02 0.21155E-01 0.17331E-01 0.83410E-02  5.4435      1091    .            
 0.34462E-02 0.20516E-01 0.46381E-02 0.21405E-01 0.17292E-01 0.83415E-02  5.4484      1092    .            
 0.35394E-02 0.20569E-01 0.45360E-02 0.21479E-01 0.17253E-01 0.83416E-02  5.4534      1093    .            
 0.36332E-02 0.20496E-01 0.44341E-02 0.21385E-01 0.17213E-01 0.83420E-02  5.4584      1094    .            
 0.37266E-02 0.20291E-01 0.43335E-02 0.21132E-01 0.17174E-01 0.83434E-02  5.4634      1095    .            
 0.38190E-02 0.19947E-01 0.42349E-02 0.20731E-01 0.17134E-01 0.83466E-02  5.4684      1096    .            
 0.39096E-02 0.19462E-01 0.41391E-02 0.20195E-01 0.17095E-01 0.83521E-02  5.4734      1097    .            
 0.39975E-02 0.18835E-01 0.40467E-02 0.19537E-01 0.17056E-01 0.83605E-02  5.4784      1098    .            
 0.40819E-02 0.18069E-01 0.39586E-02 0.18772E-01 0.17016E-01 0.83723E-02  5.4834      1099    .            
 0.41622E-02 0.17169E-01 0.38753E-02 0.17916E-01 0.16977E-01 0.83878E-02  5.4884      1100    .            
 0.42374E-02 0.16144E-01 0.37974E-02 0.16985E-01 0.16937E-01 0.84072E-02  5.4934      1101    .            
 0.43069E-02 0.15007E-01 0.37253E-02 0.15999E-01 0.16897E-01 0.84305E-02  5.4984      1102    .            
 0.43700E-02 0.13775E-01 0.36594E-02 0.14977E-01 0.16858E-01 0.84578E-02  5.5034      1103    .            
 0.44260E-02 0.12474E-01 0.36002E-02 0.13941E-01 0.16818E-01 0.84887E-02  5.5084      1104    .            
 0.44744E-02 0.11139E-01 0.35479E-02 0.12916E-01 0.16777E-01 0.85230E-02  5.5134      1105    .            
 0.45146E-02 0.98185E-02 0.35028E-02 0.11931E-01 0.16737E-01 0.85602E-02  5.5184      1106    .            
 0.45464E-02 0.85830E-02 0.34651E-02 0.11020E-01 0.16697E-01 0.85997E-02  5.5234      1107    .            
 0.45693E-02 0.75354E-02 0.34349E-02 0.10221E-01 0.16656E-01 0.86409E-02  5.5284      1108    .            
 0.45830E-02 0.68127E-02 0.34124E-02 0.95750E-02 0.16615E-01 0.86832E-02  5.5334      1109    .            
 0.45876E-02 0.65534E-02 0.33975E-02 0.91228E-02 0.16574E-01 0.87257E-02  5.5384      1110    .            
 0.45829E-02 0.68176E-02 0.33902E-02 0.88953E-02 0.16533E-01 0.87677E-02  5.5434      1111    .            
 0.45691E-02 0.75367E-02 0.33905E-02 0.89049E-02 0.16491E-01 0.88086E-02  5.5484      1112    .            
 0.45463E-02 0.85683E-02 0.33983E-02 0.91400E-02 0.16449E-01 0.88476E-02  5.5534      1113    .            
 0.45147E-02 0.97757E-02 0.34133E-02 0.95683E-02 0.16408E-01 0.88842E-02  5.5584      1114    .            
 0.44749E-02 0.11057E-01 0.34355E-02 0.10146E-01 0.16365E-01 0.89177E-02  5.5634      1115    .            
 0.44271E-02 0.12344E-01 0.34645E-02 0.10825E-01 0.16323E-01 0.89478E-02  5.5684      1116    .            
 0.43720E-02 0.13587E-01 0.35001E-02 0.11564E-01 0.16281E-01 0.89742E-02  5.5734      1117    .            
 0.43102E-02 0.14755E-01 0.35418E-02 0.12325E-01 0.16238E-01 0.89966E-02  5.5784      1118    .            
 0.42423E-02 0.15822E-01 0.35892E-02 0.13077E-01 0.16196E-01 0.90151E-02  5.5834      1119    .            
 0.41690E-02 0.16772E-01 0.36420E-02 0.13792E-01 0.16153E-01 0.90297E-02  5.5884      1120    .            
 0.40912E-02 0.17594E-01 0.36995E-02 0.14450E-01 0.16110E-01 0.90407E-02  5.5934      1121    .            
 0.40095E-02 0.18278E-01 0.37612E-02 0.15030E-01 0.16068E-01 0.90485E-02  5.5984      1122    .            
 0.39248E-02 0.18821E-01 0.38265E-02 0.15517E-01 0.16025E-01 0.90534E-02  5.6034      1123    .            
 0.38379E-02 0.19222E-01 0.38947E-02 0.15896E-01 0.15982E-01 0.90562E-02  5.6084      1124    .            
 0.37496E-02 0.19482E-01 0.39651E-02 0.16155E-01 0.15939E-01 0.90573E-02  5.6134      1125    .            
 0.36607E-02 0.19605E-01 0.40370E-02 0.16284E-01 0.15897E-01 0.90576E-02  5.6184      1126    .            
 0.35719E-02 0.19597E-01 0.41096E-02 0.16274E-01 0.15854E-01 0.90578E-02  5.6234      1127    .            
 0.34841E-02 0.19465E-01 0.41820E-02 0.16120E-01 0.15811E-01 0.90585E-02  5.6284      1128    .            
 0.33978E-02 0.19219E-01 0.42535E-02 0.15817E-01 0.15769E-01 0.90605E-02  5.6334      1129    .            
 0.33137E-02 0.18869E-01 0.43232E-02 0.15365E-01 0.15726E-01 0.90645E-02  5.6384      1130    .            
 0.32326E-02 0.18427E-01 0.43902E-02 0.14766E-01 0.15683E-01 0.90710E-02  5.6434      1131    .            
 0.31549E-02 0.17906E-01 0.44537E-02 0.14025E-01 0.15640E-01 0.90805E-02  5.6484      1132    .            
 0.30813E-02 0.17320E-01 0.45128E-02 0.13153E-01 0.15598E-01 0.90935E-02  5.6534      1133    .            
 0.30121E-02 0.16684E-01 0.45668E-02 0.12166E-01 0.15555E-01 0.91101E-02  5.6584      1134    .            
 0.29478E-02 0.16014E-01 0.46148E-02 0.11086E-01 0.15512E-01 0.91306E-02  5.6634      1135    .            
 0.28888E-02 0.15325E-01 0.46562E-02 0.99513E-02 0.15469E-01 0.91548E-02  5.6684      1136    .            
 0.28355E-02 0.14637E-01 0.46903E-02 0.88132E-02 0.15426E-01 0.91827E-02  5.6734      1137    .            
 0.27880E-02 0.13968E-01 0.47164E-02 0.77540E-02 0.15382E-01 0.92140E-02  5.6784      1138    .            
 0.27468E-02 0.13337E-01 0.47342E-02 0.68961E-02 0.15339E-01 0.92484E-02  5.6834      1139    .            
 0.27120E-02 0.12766E-01 0.47432E-02 0.64009E-02 0.15295E-01 0.92853E-02  5.6884      1140    .            
 0.26836E-02 0.12273E-01 0.47430E-02 0.64144E-02 0.15251E-01 0.93241E-02  5.6934      1141    .            
 0.26619E-02 0.11878E-01 0.47334E-02 0.69700E-02 0.15207E-01 0.93643E-02  5.6984      1142    .            
 0.26469E-02 0.11596E-01 0.47143E-02 0.79675E-02 0.15163E-01 0.94052E-02  5.7034      1143    .            
 0.26386E-02 0.11438E-01 0.46856E-02 0.92589E-02 0.15119E-01 0.94459E-02  5.7084      1144    .            
 0.26371E-02 0.11408E-01 0.46476E-02 0.10718E-01 0.15074E-01 0.94860E-02  5.7134      1145    .            
 0.26421E-02 0.11504E-01 0.46003E-02 0.12257E-01 0.15029E-01 0.95245E-02  5.7184      1146    .            
 0.26537E-02 0.11714E-01 0.45440E-02 0.13811E-01 0.14984E-01 0.95610E-02  5.7234      1147    .            
 0.26717E-02 0.12023E-01 0.44792E-02 0.15338E-01 0.14939E-01 0.95949E-02  5.7283      1148    .            
 0.26959E-02 0.12412E-01 0.44064E-02 0.16803E-01 0.14894E-01 0.96257E-02  5.7333      1149    .            
 0.27260E-02 0.12859E-01 0.43259E-02 0.18183E-01 0.14849E-01 0.96530E-02  5.7383      1150    .            
 0.27618E-02 0.13342E-01 0.42386E-02 0.19458E-01 0.14803E-01 0.96767E-02  5.7433      1151    .            
 0.28029E-02 0.13841E-01 0.41450E-02 0.20613E-01 0.14757E-01 0.96965E-02  5.7483      1152    .            
 0.28490E-02 0.14336E-01 0.40460E-02 0.21636E-01 0.14712E-01 0.97126E-02  5.7533      1153    .            
 0.28997E-02 0.14808E-01 0.39422E-02 0.22521E-01 0.14666E-01 0.97251E-02  5.7583      1154    .            
 0.29545E-02 0.15242E-01 0.38344E-02 0.23263E-01 0.14620E-01 0.97342E-02  5.7633      1155    .            
 0.30129E-02 0.15622E-01 0.37235E-02 0.23861E-01 0.14574E-01 0.97404E-02  5.7683      1156    .            
 0.30744E-02 0.15934E-01 0.36102E-02 0.24315E-01 0.14529E-01 0.97442E-02  5.7733      1157    .            
 0.31384E-02 0.16167E-01 0.34954E-02 0.24628E-01 0.14483E-01 0.97461E-02  5.7783      1158    .            
 0.32043E-02 0.16309E-01 0.33798E-02 0.24808E-01 0.14437E-01 0.97468E-02  5.7833      1159    .            
 0.32715E-02 0.16353E-01 0.32642E-02 0.24860E-01 0.14391E-01 0.97469E-02  5.7883      1160    .            
 0.33392E-02 0.16292E-01 0.31492E-02 0.24793E-01 0.14345E-01 0.97473E-02  5.7933      1161    .            
 0.34069E-02 0.16119E-01 0.30357E-02 0.24619E-01 0.14300E-01 0.97484E-02  5.7983      1162    .            
 0.34738E-02 0.15832E-01 0.29242E-02 0.24349E-01 0.14254E-01 0.97511E-02  5.8033      1163    .            
 0.35392E-02 0.15431E-01 0.28153E-02 0.23994E-01 0.14208E-01 0.97558E-02  5.8083      1164    .            
 0.36023E-02 0.14918E-01 0.27096E-02 0.23568E-01 0.14162E-01 0.97632E-02  5.8133      1165    .            
 0.36625E-02 0.14297E-01 0.26076E-02 0.23083E-01 0.14117E-01 0.97736E-02  5.8183      1166    .            
 0.37190E-02 0.13578E-01 0.25099E-02 0.22554E-01 0.14071E-01 0.97873E-02  5.8233      1167    .            
 0.37713E-02 0.12775E-01 0.24168E-02 0.21994E-01 0.14025E-01 0.98046E-02  5.8283      1168    .            
 0.38186E-02 0.11907E-01 0.23287E-02 0.21415E-01 0.13979E-01 0.98255E-02  5.8333      1169    .            
 0.38604E-02 0.11000E-01 0.22461E-02 0.20831E-01 0.13933E-01 0.98499E-02  5.8383      1170    .            
 0.38960E-02 0.10090E-01 0.21693E-02 0.20254E-01 0.13887E-01 0.98777E-02  5.8433      1171    .            
 0.39252E-02 0.92272E-02 0.20986E-02 0.19697E-01 0.13840E-01 0.99085E-02  5.8483      1172    .            
 0.39473E-02 0.84742E-02 0.20343E-02 0.19170E-01 0.13794E-01 0.99420E-02  5.8533      1173    .            
 0.39621E-02 0.79081E-02 0.19767E-02 0.18683E-01 0.13747E-01 0.99776E-02  5.8583      1174    .            
 0.39694E-02 0.76074E-02 0.19260E-02 0.18245E-01 0.13700E-01 0.10015E-01  5.8633      1175    .            
 0.39689E-02 0.76275E-02 0.18824E-02 0.17865E-01 0.13653E-01 0.10053E-01  5.8683      1176    .            
 0.39607E-02 0.79758E-02 0.18461E-02 0.17547E-01 0.13606E-01 0.10091E-01  5.8733      1177    .            
 0.39446E-02 0.86084E-02 0.18173E-02 0.17295E-01 0.13559E-01 0.10130E-01  5.8783      1178    .            
 0.39207E-02 0.94536E-02 0.17959E-02 0.17112E-01 0.13511E-01 0.10167E-01  5.8833      1179    .            
 0.38894E-02 0.10436E-01 0.17821E-02 0.16996E-01 0.13464E-01 0.10202E-01  5.8883      1180    .            
 0.38508E-02 0.11492E-01 0.17759E-02 0.16945E-01 0.13416E-01 0.10235E-01  5.8933      1181    .            
 0.38053E-02 0.12571E-01 0.17770E-02 0.16955E-01 0.13368E-01 0.10266E-01  5.8983      1182    .            
 0.37532E-02 0.13633E-01 0.17854E-02 0.17019E-01 0.13320E-01 0.10293E-01  5.9033      1183    .            
 0.36952E-02 0.14649E-01 0.18009E-02 0.17129E-01 0.13272E-01 0.10318E-01  5.9083      1184    .            
 0.36317E-02 0.15596E-01 0.18231E-02 0.17275E-01 0.13223E-01 0.10338E-01  5.9133      1185    .            
 0.35633E-02 0.16457E-01 0.18518E-02 0.17447E-01 0.13175E-01 0.10355E-01  5.9183      1186    .            
 0.34907E-02 0.17221E-01 0.18865E-02 0.17634E-01 0.13127E-01 0.10369E-01  5.9233      1187    .            
 0.34145E-02 0.17877E-01 0.19268E-02 0.17825E-01 0.13078E-01 0.10379E-01  5.9283      1188    .            
 0.33354E-02 0.18421E-01 0.19722E-02 0.18009E-01 0.13030E-01 0.10386E-01  5.9333      1189    .            
 0.32542E-02 0.18851E-01 0.20222E-02 0.18175E-01 0.12981E-01 0.10391E-01  5.9383      1190    .            
 0.31714E-02 0.19165E-01 0.20762E-02 0.18311E-01 0.12933E-01 0.10394E-01  5.9433      1191    .            
 0.30879E-02 0.19368E-01 0.21338E-02 0.18410E-01 0.12884E-01 0.10395E-01  5.9483      1192    .            
 0.30044E-02 0.19461E-01 0.21943E-02 0.18460E-01 0.12836E-01 0.10395E-01  5.9533      1193    .            
 0.29214E-02 0.19453E-01 0.22571E-02 0.18455E-01 0.12787E-01 0.10396E-01  5.9583      1194    .            
 0.28396E-02 0.19351E-01 0.23216E-02 0.18386E-01 0.12739E-01 0.10396E-01  5.9633      1195    .            
 0.27597E-02 0.19162E-01 0.23872E-02 0.18249E-01 0.12691E-01 0.10398E-01  5.9683      1196    .            
 0.26823E-02 0.18899E-01 0.24533E-02 0.18039E-01 0.12642E-01 0.10401E-01  5.9733      1197    .            
 0.26079E-02 0.18571E-01 0.25192E-02 0.17754E-01 0.12594E-01 0.10406E-01  5.9783      1198    .            
 0.25370E-02 0.18191E-01 0.25844E-02 0.17392E-01 0.12546E-01 0.10414E-01  5.9833      1199    .            
 0.24702E-02 0.17771E-01 0.26482E-02 0.16955E-01 0.12497E-01 0.10425E-01  5.9883      1200    .            
 0.24078E-02 0.17324E-01 0.27100E-02 0.16447E-01 0.12449E-01 0.10439E-01  5.9933      1201    .            
 0.23504E-02 0.16865E-01 0.27693E-02 0.15873E-01 0.12400E-01 0.10456E-01  5.9983      1202    .            
 0.22982E-02 0.16407E-01 0.28255E-02 0.15241E-01 0.12352E-01 0.10477E-01  6.0033      1203    .            
 0.22516E-02 0.15964E-01 0.28782E-02 0.14564E-01 0.12303E-01 0.10501E-01  6.0082      1204    .            
 0.22109E-02 0.15549E-01 0.29268E-02 0.13855E-01 0.12254E-01 0.10528E-01  6.0132      1205    .            
 0.21764E-02 0.15177E-01 0.29709E-02 0.13131E-01 0.12206E-01 0.10557E-01  6.0182      1206    .            
 0.21483E-02 0.14859E-01 0.30102E-02 0.12413E-01 0.12157E-01 0.10589E-01  6.0232      1207    .            
 0.21268E-02 0.14606E-01 0.30444E-02 0.11725E-01 0.12108E-01 0.10622E-01  6.0282      1208    .            
 0.21119E-02 0.14427E-01 0.30733E-02 0.11094E-01 0.12058E-01 0.10657E-01  6.0332      1209    .            
 0.21038E-02 0.14328E-01 0.30966E-02 0.10545E-01 0.12009E-01 0.10692E-01  6.0382      1210    .            
 0.21025E-02 0.14312E-01 0.31143E-02 0.10105E-01 0.11959E-01 0.10727E-01  6.0432      1211    .            
 0.21080E-02 0.14379E-01 0.31263E-02 0.97960E-02 0.11910E-01 0.10761E-01  6.0482      1212    .            
 0.21202E-02 0.14525E-01 0.31327E-02 0.96295E-02 0.11860E-01 0.10794E-01  6.0532      1213    .            
 0.21390E-02 0.14743E-01 0.31336E-02 0.96065E-02 0.11810E-01 0.10826E-01  6.0582      1214    .            
 0.21644E-02 0.15024E-01 0.31292E-02 0.97155E-02 0.11760E-01 0.10855E-01  6.0632      1215    .            
 0.21960E-02 0.15356E-01 0.31197E-02 0.99348E-02 0.11709E-01 0.10882E-01  6.0682      1216    .            
 0.22336E-02 0.15727E-01 0.31055E-02 0.10237E-01 0.11659E-01 0.10906E-01  6.0732      1217    .            
 0.22770E-02 0.16123E-01 0.30869E-02 0.10591E-01 0.11609E-01 0.10926E-01  6.0782      1218    .            
 0.23258E-02 0.16531E-01 0.30642E-02 0.10971E-01 0.11558E-01 0.10944E-01  6.0832      1219    .            
 0.23797E-02 0.16936E-01 0.30381E-02 0.11350E-01 0.11508E-01 0.10958E-01  6.0882      1220    .            
 0.24383E-02 0.17324E-01 0.30090E-02 0.11708E-01 0.11457E-01 0.10969E-01  6.0932      1221    .            
 0.25011E-02 0.17683E-01 0.29775E-02 0.12029E-01 0.11407E-01 0.10977E-01  6.0982      1222    .            
 0.25676E-02 0.17999E-01 0.29441E-02 0.12300E-01 0.11356E-01 0.10983E-01  6.1032      1223    .            
 0.26375E-02 0.18261E-01 0.29094E-02 0.12514E-01 0.11305E-01 0.10986E-01  6.1082      1224    .            
 0.27100E-02 0.18457E-01 0.28739E-02 0.12665E-01 0.11255E-01 0.10988E-01  6.1132      1225    .            
 0.27846E-02 0.18577E-01 0.28384E-02 0.12752E-01 0.11205E-01 0.10989E-01  6.1182      1226    .            
 0.28608E-02 0.18613E-01 0.28034E-02 0.12776E-01 0.11154E-01 0.10989E-01  6.1232      1227    .            
 0.29379E-02 0.18556E-01 0.27694E-02 0.12741E-01 0.11104E-01 0.10989E-01  6.1282      1228    .            
 0.30152E-02 0.18400E-01 0.27371E-02 0.12654E-01 0.11053E-01 0.10990E-01  6.1332      1229    .            
 0.30922E-02 0.18140E-01 0.27071E-02 0.12523E-01 0.11003E-01 0.10992E-01  6.1382      1230    .            
 0.31680E-02 0.17775E-01 0.26797E-02 0.12359E-01 0.10953E-01 0.10996E-01  6.1432      1231    .            
 0.32421E-02 0.17304E-01 0.26557E-02 0.12177E-01 0.10903E-01 0.11001E-01  6.1482      1232    .            
 0.33138E-02 0.16728E-01 0.26354E-02 0.11991E-01 0.10852E-01 0.11009E-01  6.1532      1233    .            
 0.33823E-02 0.16052E-01 0.26194E-02 0.11819E-01 0.10802E-01 0.11020E-01  6.1582      1234    .            
 0.34471E-02 0.15285E-01 0.26079E-02 0.11679E-01 0.10752E-01 0.11034E-01  6.1632      1235    .            
 0.35076E-02 0.14439E-01 0.26015E-02 0.11592E-01 0.10701E-01 0.11051E-01  6.1682      1236    .            
 0.35630E-02 0.13527E-01 0.26004E-02 0.11576E-01 0.10651E-01 0.11070E-01  6.1732      1237    .            
 0.36130E-02 0.12573E-01 0.26050E-02 0.11648E-01 0.10601E-01 0.11092E-01  6.1782      1238    .            
 0.36571E-02 0.11602E-01 0.26156E-02 0.11822E-01 0.10550E-01 0.11117E-01  6.1832      1239    .            
 0.36947E-02 0.10650E-01 0.26324E-02 0.12105E-01 0.10500E-01 0.11144E-01  6.1882      1240    .            
 0.37256E-02 0.97617E-02 0.26556E-02 0.12502E-01 0.10449E-01 0.11173E-01  6.1932      1241    .            
 0.37494E-02 0.89911E-02 0.26854E-02 0.13011E-01 0.10398E-01 0.11203E-01  6.1982      1242    .            
 0.37661E-02 0.83999E-02 0.27218E-02 0.13623E-01 0.10347E-01 0.11233E-01  6.2032      1243    .            
 0.37754E-02 0.80470E-02 0.27650E-02 0.14330E-01 0.10296E-01 0.11264E-01  6.2082      1244    .            
 0.37774E-02 0.79714E-02 0.28150E-02 0.15118E-01 0.10245E-01 0.11295E-01  6.2132      1245    .            
 0.37720E-02 0.81756E-02 0.28719E-02 0.15971E-01 0.10194E-01 0.11325E-01  6.2182      1246    .            
 0.37595E-02 0.86237E-02 0.29355E-02 0.16876E-01 0.10142E-01 0.11354E-01  6.2232      1247    .            
 0.37400E-02 0.92559E-02 0.30059E-02 0.17815E-01 0.10091E-01 0.11381E-01  6.2282      1248    .            
 0.37138E-02 0.10007E-01 0.30828E-02 0.18773E-01 0.10039E-01 0.11406E-01  6.2332      1249    .            
 0.36814E-02 0.10820E-01 0.31662E-02 0.19734E-01 0.99879E-02 0.11428E-01  6.2382      1250    .            
 0.36431E-02 0.11646E-01 0.32556E-02 0.20683E-01 0.99362E-02 0.11448E-01  6.2432      1251    .            
 0.35995E-02 0.12450E-01 0.33510E-02 0.21602E-01 0.98845E-02 0.11465E-01  6.2482      1252    .            
 0.35511E-02 0.13204E-01 0.34519E-02 0.22477E-01 0.98328E-02 0.11479E-01  6.2532      1253    .            
 0.34985E-02 0.13887E-01 0.35580E-02 0.23292E-01 0.97811E-02 0.11490E-01  6.2582      1254    .            
 0.34423E-02 0.14484E-01 0.36687E-02 0.24031E-01 0.97294E-02 0.11498E-01  6.2632      1255    .            
 0.33833E-02 0.14986E-01 0.37836E-02 0.24678E-01 0.96777E-02 0.11505E-01  6.2682      1256    .            
 0.33220E-02 0.15387E-01 0.39021E-02 0.25219E-01 0.96261E-02 0.11509E-01  6.2732      1257    .            
 0.32592E-02 0.15682E-01 0.40234E-02 0.25639E-01 0.95745E-02 0.11511E-01  6.2782      1258    .            
 0.31955E-02 0.15871E-01 0.41470E-02 0.25924E-01 0.95230E-02 0.11512E-01  6.2831      1259    .            
 0.31317E-02 0.15958E-01 0.42720E-02 0.26062E-01 0.94715E-02 0.11513E-01  6.2881      1260    .            
 0.30684E-02 0.15946E-01 0.43975E-02 0.26041E-01 0.94201E-02 0.11513E-01  6.2931      1261    .            
 0.30063E-02 0.15842E-01 0.45228E-02 0.25851E-01 0.93688E-02 0.11513E-01  6.2981      1262    .            
 0.29459E-02 0.15654E-01 0.46469E-02 0.25484E-01 0.93175E-02 0.11514E-01  6.3031      1263    .            
 0.28880E-02 0.15391E-01 0.47689E-02 0.24936E-01 0.92664E-02 0.11516E-01  6.3081      1264    .            
 0.28329E-02 0.15065E-01 0.48878E-02 0.24202E-01 0.92152E-02 0.11520E-01  6.3131      1265    .            
 0.27814E-02 0.14690E-01 0.50026E-02 0.23283E-01 0.91642E-02 0.11526E-01  6.3181      1266    .            
 0.27338E-02 0.14279E-01 0.51123E-02 0.22181E-01 0.91131E-02 0.11533E-01  6.3231      1267    .            
 0.26906E-02 0.13848E-01 0.52161E-02 0.20901E-01 0.90621E-02 0.11544E-01  6.3281      1268    .            
 0.26523E-02 0.13415E-01 0.53129E-02 0.19455E-01 0.90111E-02 0.11556E-01  6.3331      1269    .            
 0.26192E-02 0.12999E-01 0.54018E-02 0.17856E-01 0.89602E-02 0.11571E-01  6.3381      1270    .            
 0.25917E-02 0.12618E-01 0.54822E-02 0.16123E-01 0.89092E-02 0.11589E-01  6.3431      1271    .            
 0.25699E-02 0.12293E-01 0.55532E-02 0.14281E-01 0.88581E-02 0.11608E-01  6.3481      1272    .            
 0.25543E-02 0.12044E-01 0.56141E-02 0.12365E-01 0.88071E-02 0.11630E-01  6.3531      1273    .            
 0.25449E-02 0.11887E-01 0.56644E-02 0.10424E-01 0.87560E-02 0.11653E-01  6.3581      1274    .            
 0.25420E-02 0.11836E-01 0.57036E-02 0.85398E-02 0.87049E-02 0.11678E-01  6.3631      1275    .            
 0.25456E-02 0.11900E-01 0.57314E-02 0.68527E-02 0.86537E-02 0.11703E-01  6.3681      1276    .            
 0.25559E-02 0.12082E-01 0.57476E-02 0.56260E-02 0.86025E-02 0.11729E-01  6.3731      1277    .            
 0.25729E-02 0.12378E-01 0.57520E-02 0.52382E-02 0.85512E-02 0.11755E-01  6.3781      1278    .            
 0.25965E-02 0.12778E-01 0.57448E-02 0.58547E-02 0.84999E-02 0.11781E-01  6.3831      1279    .            
 0.26267E-02 0.13271E-01 0.57260E-02 0.71871E-02 0.84485E-02 0.11806E-01  6.3881      1280    .            
 0.26634E-02 0.13839E-01 0.56959E-02 0.88665E-02 0.83971E-02 0.11829E-01  6.3931      1281    .            
 0.27065E-02 0.14464E-01 0.56549E-02 0.10668E-01 0.83456E-02 0.11851E-01  6.3981      1282    .            
 0.27558E-02 0.15128E-01 0.56036E-02 0.12474E-01 0.82942E-02 0.11871E-01  6.4031      1283    .            
 0.28111E-02 0.15813E-01 0.55426E-02 0.14214E-01 0.82427E-02 0.11889E-01  6.4081      1284    .            
 0.28721E-02 0.16501E-01 0.54725E-02 0.15849E-01 0.81913E-02 0.11904E-01  6.4131      1285    .            
 0.29384E-02 0.17175E-01 0.53943E-02 0.17347E-01 0.81399E-02 0.11917E-01  6.4181      1286    .            
 0.30098E-02 0.17818E-01 0.53086E-02 0.18688E-01 0.80885E-02 0.11928E-01  6.4231      1287    .            
 0.30857E-02 0.18416E-01 0.52166E-02 0.19859E-01 0.80372E-02 0.11936E-01  6.4281      1288    .            
 0.31657E-02 0.18953E-01 0.51190E-02 0.20849E-01 0.79860E-02 0.11943E-01  6.4331      1289    .            
 0.32494E-02 0.19416E-01 0.50169E-02 0.21651E-01 0.79348E-02 0.11947E-01  6.4381      1290    .            
 0.33361E-02 0.19791E-01 0.49114E-02 0.22265E-01 0.78838E-02 0.11950E-01  6.4431      1291    .            
 0.34253E-02 0.20067E-01 0.48033E-02 0.22690E-01 0.78328E-02 0.11951E-01  6.4481      1292    .            
 0.35162E-02 0.20231E-01 0.46937E-02 0.22930E-01 0.77820E-02 0.11952E-01  6.4531      1293    .            
 0.36083E-02 0.20275E-01 0.45835E-02 0.22990E-01 0.77314E-02 0.11952E-01  6.4581      1294    .            
 0.37007E-02 0.20189E-01 0.44737E-02 0.22880E-01 0.76808E-02 0.11952E-01  6.4631      1295    .            
 0.37927E-02 0.19968E-01 0.43652E-02 0.22609E-01 0.76304E-02 0.11953E-01  6.4681      1296    .            
 0.38836E-02 0.19606E-01 0.42587E-02 0.22188E-01 0.75801E-02 0.11954E-01  6.4731      1297    .            
 0.39725E-02 0.19102E-01 0.41552E-02 0.21631E-01 0.75299E-02 0.11956E-01  6.4781      1298    .            
 0.40586E-02 0.18454E-01 0.40552E-02 0.20951E-01 0.74799E-02 0.11959E-01  6.4831      1299    .            
 0.41412E-02 0.17667E-01 0.39595E-02 0.20164E-01 0.74300E-02 0.11964E-01  6.4881      1300    .            
 0.42194E-02 0.16746E-01 0.38687E-02 0.19286E-01 0.73802E-02 0.11971E-01  6.4931      1301    .            
 0.42924E-02 0.15701E-01 0.37833E-02 0.18332E-01 0.73305E-02 0.11980E-01  6.4981      1302    .            
 0.43596E-02 0.14546E-01 0.37037E-02 0.17321E-01 0.72809E-02 0.11991E-01  6.5031      1303    .            
 0.44202E-02 0.13301E-01 0.36305E-02 0.16272E-01 0.72313E-02 0.12003E-01  6.5081      1304    .            
 0.44736E-02 0.11994E-01 0.35639E-02 0.15204E-01 0.71819E-02 0.12017E-01  6.5131      1305    .            
 0.45193E-02 0.10663E-01 0.35042E-02 0.14140E-01 0.71325E-02 0.12033E-01  6.5181      1306    .            
 0.45567E-02 0.93627E-02 0.34516E-02 0.13103E-01 0.70832E-02 0.12051E-01  6.5231      1307    .            
 0.45855E-02 0.81744E-02 0.34064E-02 0.12121E-01 0.70340E-02 0.12069E-01  6.5281      1308    .            
 0.46053E-02 0.72143E-02 0.33687E-02 0.11226E-01 0.69848E-02 0.12089E-01  6.5331      1309    .            
 0.46160E-02 0.66298E-02 0.33384E-02 0.10451E-01 0.69356E-02 0.12109E-01  6.5381      1310    .            
 0.46174E-02 0.65480E-02 0.33158E-02 0.98315E-02 0.68865E-02 0.12129E-01  6.5431      1311    .            
 0.46096E-02 0.69892E-02 0.33006E-02 0.93984E-02 0.68375E-02 0.12149E-01  6.5481      1312    .            
 0.45925E-02 0.78487E-02 0.32928E-02 0.91735E-02 0.67886E-02 0.12169E-01  6.5531      1313    .            
 0.45665E-02 0.89765E-02 0.32924E-02 0.91613E-02 0.67397E-02 0.12188E-01  6.5581      1314    .            
 0.45317E-02 0.10245E-01 0.32991E-02 0.93470E-02 0.66909E-02 0.12205E-01  6.5630      1315    .            
 0.44886E-02 0.11564E-01 0.33128E-02 0.96998E-02 0.66422E-02 0.12222E-01  6.5680      1316    .            
 0.44377E-02 0.12871E-01 0.33330E-02 0.10180E-01 0.65936E-02 0.12236E-01  6.5730      1317    .            
 0.43794E-02 0.14125E-01 0.33596E-02 0.10744E-01 0.65452E-02 0.12249E-01  6.5780      1318    .            
 0.43145E-02 0.15295E-01 0.33922E-02 0.11354E-01 0.64968E-02 0.12261E-01  6.5830      1319    .            
 0.42436E-02 0.16360E-01 0.34303E-02 0.11976E-01 0.64487E-02 0.12270E-01  6.5880      1320    .            
 0.41674E-02 0.17303E-01 0.34735E-02 0.12581E-01 0.64007E-02 0.12277E-01  6.5930      1321    .            
 0.40867E-02 0.18114E-01 0.35213E-02 0.13143E-01 0.63529E-02 0.12283E-01  6.5980      1322    .            
 0.40022E-02 0.18786E-01 0.35731E-02 0.13642E-01 0.63053E-02 0.12288E-01  6.6030      1323    .            
 0.39149E-02 0.19316E-01 0.36283E-02 0.14062E-01 0.62580E-02 0.12291E-01  6.6080      1324    .            
 0.38254E-02 0.19702E-01 0.36863E-02 0.14386E-01 0.62108E-02 0.12292E-01  6.6130      1325    .            
 0.37346E-02 0.19947E-01 0.37465E-02 0.14604E-01 0.61640E-02 0.12293E-01  6.6180      1326    .            
 0.36432E-02 0.20055E-01 0.38080E-02 0.14705E-01 0.61173E-02 0.12294E-01  6.6230      1327    .            
 0.35521E-02 0.20032E-01 0.38701E-02 0.14682E-01 0.60710E-02 0.12294E-01  6.6280      1328    .            
 0.34620E-02 0.19886E-01 0.39322E-02 0.14529E-01 0.60249E-02 0.12294E-01  6.6330      1329    .            
 0.33736E-02 0.19627E-01 0.39933E-02 0.14244E-01 0.59790E-02 0.12294E-01  6.6380      1330    .            
 0.32875E-02 0.19265E-01 0.40527E-02 0.13827E-01 0.59335E-02 0.12295E-01  6.6430      1331    .            
 0.32044E-02 0.18813E-01 0.41096E-02 0.13283E-01 0.58882E-02 0.12296E-01  6.6480      1332    .            
 0.31248E-02 0.18283E-01 0.41632E-02 0.12619E-01 0.58432E-02 0.12299E-01  6.6530      1333    .            
 0.30492E-02 0.17690E-01 0.42127E-02 0.11848E-01 0.57985E-02 0.12303E-01  6.6580      1334    .            
 0.29782E-02 0.17048E-01 0.42574E-02 0.10991E-01 0.57541E-02 0.12308E-01  6.6630      1335    .            
 0.29121E-02 0.16373E-01 0.42966E-02 0.10076E-01 0.57099E-02 0.12314E-01  6.6680      1336    .            
 0.28513E-02 0.15682E-01 0.43296E-02 0.91465E-02 0.56661E-02 0.12322E-01  6.6730      1337    .            
 0.27963E-02 0.14991E-01 0.43559E-02 0.82634E-02 0.56224E-02 0.12331E-01  6.6780      1338    .            
 0.27471E-02 0.14319E-01 0.43748E-02 0.75137E-02 0.55791E-02 0.12341E-01  6.6830      1339    .            
 0.27042E-02 0.13684E-01 0.43859E-02 0.70084E-02 0.55360E-02 0.12352E-01  6.6880      1340    .            
 0.26676E-02 0.13106E-01 0.43890E-02 0.68597E-02 0.54932E-02 0.12364E-01  6.6930      1341    .            
 0.26375E-02 0.12604E-01 0.43836E-02 0.71311E-02 0.54507E-02 0.12377E-01  6.6980      1342    .            
 0.26140E-02 0.12194E-01 0.43696E-02 0.78009E-02 0.54084E-02 0.12390E-01  6.7030      1343    .            
 0.25972E-02 0.11892E-01 0.43469E-02 0.87834E-02 0.53665E-02 0.12404E-01  6.7080      1344    .            
 0.25872E-02 0.11708E-01 0.43156E-02 0.99775E-02 0.53248E-02 0.12418E-01  6.7130      1345    .            
 0.25837E-02 0.11646E-01 0.42756E-02 0.11297E-01 0.52834E-02 0.12431E-01  6.7180      1346    .            
 0.25869E-02 0.11703E-01 0.42273E-02 0.12675E-01 0.52423E-02 0.12444E-01  6.7230      1347    .            
 0.25966E-02 0.11871E-01 0.41709E-02 0.14062E-01 0.52016E-02 0.12456E-01  6.7280      1348    .            
 0.26126E-02 0.12136E-01 0.41068E-02 0.15422E-01 0.51612E-02 0.12468E-01  6.7330      1349    .            
 0.26347E-02 0.12479E-01 0.40354E-02 0.16726E-01 0.51211E-02 0.12478E-01  6.7380      1350    .            
 0.26627E-02 0.12880E-01 0.39573E-02 0.17951E-01 0.50815E-02 0.12488E-01  6.7430      1351    .            
 0.26963E-02 0.13319E-01 0.38730E-02 0.19080E-01 0.50422E-02 0.12496E-01  6.7480      1352    .            
 0.27352E-02 0.13776E-01 0.37833E-02 0.20100E-01 0.50033E-02 0.12503E-01  6.7530      1353    .            
 0.27790E-02 0.14230E-01 0.36887E-02 0.21001E-01 0.49649E-02 0.12509E-01  6.7580      1354    .            
 0.28273E-02 0.14665E-01 0.35901E-02 0.21777E-01 0.49270E-02 0.12514E-01  6.7630      1355    .            
 0.28796E-02 0.15064E-01 0.34881E-02 0.22424E-01 0.48895E-02 0.12517E-01  6.7680      1356    .            
 0.29355E-02 0.15412E-01 0.33834E-02 0.22940E-01 0.48525E-02 0.12520E-01  6.7730      1357    .            
 0.29944E-02 0.15696E-01 0.32770E-02 0.23328E-01 0.48160E-02 0.12521E-01  6.7780      1358    .            
 0.30558E-02 0.15905E-01 0.31693E-02 0.23591E-01 0.47801E-02 0.12522E-01  6.7830      1359    .            
 0.31190E-02 0.16027E-01 0.30613E-02 0.23734E-01 0.47447E-02 0.12523E-01  6.7880      1360    .            
 0.31834E-02 0.16055E-01 0.29536E-02 0.23765E-01 0.47099E-02 0.12523E-01  6.7930      1361    .            
 0.32485E-02 0.15982E-01 0.28470E-02 0.23692E-01 0.46756E-02 0.12523E-01  6.7980      1362    .            
 0.33134E-02 0.15804E-01 0.27419E-02 0.23526E-01 0.46420E-02 0.12523E-01  6.8030      1363    .            
 0.33775E-02 0.15516E-01 0.26392E-02 0.23278E-01 0.46089E-02 0.12523E-01  6.8080      1364    .            
 0.34401E-02 0.15121E-01 0.25393E-02 0.22959E-01 0.45765E-02 0.12523E-01  6.8130      1365    .            
 0.35005E-02 0.14619E-01 0.24428E-02 0.22581E-01 0.45447E-02 0.12524E-01  6.8180      1366    .            
 0.35580E-02 0.14018E-01 0.23503E-02 0.22158E-01 0.45135E-02 0.12525E-01  6.8230      1367    .            
 0.36120E-02 0.13326E-01 0.22622E-02 0.21702E-01 0.44829E-02 0.12527E-01  6.8280      1368    .            
 0.36617E-02 0.12559E-01 0.21791E-02 0.21226E-01 0.44530E-02 0.12529E-01  6.8330      1369    .            
 0.37067E-02 0.11736E-01 0.21013E-02 0.20742E-01 0.44237E-02 0.12532E-01  6.8380      1370    .            
 0.37463E-02 0.10883E-01 0.20293E-02 0.20263E-01 0.43951E-02 0.12536E-01  6.8429      1371    .            
 0.37799E-02 0.10038E-01 0.19634E-02 0.19799E-01 0.43672E-02 0.12540E-01  6.8479      1372    .            
 0.38072E-02 0.92474E-02 0.19041E-02 0.19364E-01 0.43399E-02 0.12545E-01  6.8529      1373    .            
 0.38278E-02 0.85714E-02 0.18517E-02 0.18965E-01 0.43132E-02 0.12550E-01  6.8579      1374    .            
 0.38413E-02 0.80790E-02 0.18065E-02 0.18612E-01 0.42873E-02 0.12556E-01  6.8629      1375    .            
 0.38475E-02 0.78363E-02 0.17687E-02 0.18313E-01 0.42620E-02 0.12562E-01  6.8679      1376    .            
 0.38462E-02 0.78865E-02 0.17387E-02 0.18073E-01 0.42375E-02 0.12568E-01  6.8729      1377    .            
 0.38375E-02 0.82311E-02 0.17167E-02 0.17896E-01 0.42136E-02 0.12574E-01  6.8779      1378    .            
 0.38212E-02 0.88305E-02 0.17026E-02 0.17785E-01 0.41905E-02 0.12580E-01  6.8829      1379    .            
 0.37976E-02 0.96223E-02 0.16967E-02 0.17739E-01 0.41681E-02 0.12587E-01  6.8879      1380    .            
 0.37667E-02 0.10540E-01 0.16988E-02 0.17756E-01 0.41465E-02 0.12592E-01  6.8929      1381    .            
 0.37289E-02 0.11527E-01 0.17088E-02 0.17832E-01 0.41256E-02 0.12598E-01  6.8979      1382    .            
 0.36846E-02 0.12535E-01 0.17267E-02 0.17960E-01 0.41055E-02 0.12603E-01  6.9029      1383    .            
 0.36340E-02 0.13528E-01 0.17520E-02 0.18134E-01 0.40863E-02 0.12608E-01  6.9079      1384    .            
 0.35778E-02 0.14478E-01 0.17846E-02 0.18344E-01 0.40679E-02 0.12612E-01  6.9129      1385    .            
 0.35164E-02 0.15363E-01 0.18239E-02 0.18580E-01 0.40503E-02 0.12616E-01  6.9179      1386    .            
 0.34505E-02 0.16166E-01 0.18697E-02 0.18832E-01 0.40336E-02 0.12619E-01  6.9229      1387    .            
 0.33806E-02 0.16876E-01 0.19214E-02 0.19088E-01 0.40178E-02 0.12622E-01  6.9279      1388    .            
 0.33074E-02 0.17484E-01 0.19785E-02 0.19337E-01 0.40029E-02 0.12624E-01  6.9329      1389    .            
 0.32316E-02 0.17986E-01 0.20404E-02 0.19569E-01 0.39889E-02 0.12625E-01  6.9379      1390    .            
 0.31538E-02 0.18378E-01 0.21067E-02 0.19770E-01 0.39758E-02 0.12627E-01  6.9429      1391    .            
 0.30748E-02 0.18660E-01 0.21768E-02 0.19932E-01 0.39637E-02 0.12627E-01  6.9479      1392    .            
 0.29953E-02 0.18837E-01 0.22500E-02 0.20042E-01 0.39526E-02 0.12628E-01  6.9529      1393    .            
 0.29158E-02 0.18910E-01 0.23257E-02 0.20093E-01 0.39424E-02 0.12628E-01  6.9579      1394    .            
 0.28371E-02 0.18887E-01 0.24033E-02 0.20075E-01 0.39333E-02 0.12628E-01  6.9629      1395    .            
 0.27599E-02 0.18776E-01 0.24822E-02 0.19981E-01 0.39251E-02 0.12628E-01  6.9679      1396    .            
 0.26846E-02 0.18585E-01 0.25618E-02 0.19805E-01 0.39179E-02 0.12627E-01  6.9729      1397    .            
 0.26119E-02 0.18324E-01 0.26414E-02 0.19542E-01 0.39118E-02 0.12627E-01  6.9779      1398    .            
 0.25424E-02 0.18004E-01 0.27203E-02 0.19189E-01 0.39066E-02 0.12626E-01  6.9829      1399    .            
 0.24765E-02 0.17638E-01 0.27978E-02 0.18745E-01 0.39024E-02 0.12625E-01  6.9879      1400    .            
 0.24148E-02 0.17239E-01 0.28735E-02 0.18212E-01 0.38992E-02 0.12624E-01  6.9929      1401    .            
 0.23577E-02 0.16818E-01 0.29465E-02 0.17592E-01 0.38970E-02 0.12623E-01  6.9979      1402    .            
 0.23055E-02 0.16391E-01 0.30164E-02 0.16891E-01 0.38959E-02 0.12622E-01  7.0029      1403    .            
 0.22587E-02 0.15970E-01 0.30826E-02 0.16119E-01 0.38956E-02 0.12620E-01  7.0079      1404    .            
 0.22176E-02 0.15571E-01 0.31445E-02 0.15287E-01 0.38964E-02 0.12619E-01  7.0129      1405    .            
 0.21825E-02 0.15206E-01 0.32016E-02 0.14408E-01 0.38981E-02 0.12617E-01  7.0179      1406    .            
 0.21536E-02 0.14889E-01 0.32535E-02 0.13504E-01 0.39008E-02 0.12616E-01  7.0229      1407    .            
 0.21312E-02 0.14631E-01 0.32999E-02 0.12594E-01 0.39044E-02 0.12614E-01  7.0279      1408    .            
 0.21153E-02 0.14443E-01 0.33403E-02 0.11708E-01 0.39090E-02 0.12612E-01  7.0329      1409    .            
 0.21062E-02 0.14332E-01 0.33746E-02 0.10876E-01 0.39145E-02 0.12611E-01  7.0379      1410    .            
 0.21038E-02 0.14303E-01 0.34025E-02 0.10133E-01 0.39209E-02 0.12609E-01  7.0429      1411    .            
 0.21082E-02 0.14357E-01 0.34240E-02 0.95180E-02 0.39283E-02 0.12607E-01  7.0479      1412    .            
 0.21195E-02 0.14493E-01 0.34391E-02 0.90641E-02 0.39366E-02 0.12605E-01  7.0529      1413    .            
 0.21374E-02 0.14705E-01 0.34477E-02 0.87964E-02 0.39458E-02 0.12604E-01  7.0579      1414    .            
 0.21619E-02 0.14985E-01 0.34501E-02 0.87229E-02 0.39558E-02 0.12602E-01  7.0629      1415    .            
 0.21928E-02 0.15323E-01 0.34465E-02 0.88312E-02 0.39669E-02 0.12601E-01  7.0679      1416    .            
 0.22299E-02 0.15707E-01 0.34370E-02 0.90914E-02 0.39788E-02 0.12600E-01  7.0729      1417    .            
 0.22730E-02 0.16124E-01 0.34222E-02 0.94633E-02 0.39916E-02 0.12599E-01  7.0779      1418    .            
 0.23218E-02 0.16560E-01 0.34023E-02 0.99046E-02 0.40053E-02 0.12598E-01  7.0829      1419    .            
 0.23759E-02 0.17000E-01 0.33778E-02 0.10376E-01 0.40199E-02 0.12597E-01  7.0879      1420    .            
 0.24350E-02 0.17433E-01 0.33493E-02 0.10845E-01 0.40354E-02 0.12597E-01  7.0929      1421    .            
 0.24986E-02 0.17842E-01 0.33174E-02 0.11285E-01 0.40518E-02 0.12597E-01  7.0979      1422    .            
 0.25663E-02 0.18216E-01 0.32825E-02 0.11677E-01 0.40691E-02 0.12597E-01  7.1029      1423    .            
 0.26377E-02 0.18542E-01 0.32453E-02 0.12005E-01 0.40872E-02 0.12597E-01  7.1079      1424    .            
 0.27122E-02 0.18807E-01 0.32066E-02 0.12260E-01 0.41063E-02 0.12597E-01  7.1129      1425    .            
 0.27893E-02 0.19000E-01 0.31668E-02 0.12437E-01 0.41262E-02 0.12598E-01  7.1179      1426    .            
 0.28683E-02 0.19112E-01 0.31267E-02 0.12533E-01 0.41469E-02 0.12598E-01  7.1228      1427    .            
 0.29487E-02 0.19133E-01 0.30869E-02 0.12551E-01 0.41686E-02 0.12598E-01  7.1278      1428    .            
 0.30298E-02 0.19055E-01 0.30480E-02 0.12493E-01 0.41910E-02 0.12598E-01  7.1328      1429    .            
 0.31110E-02 0.18873E-01 0.30106E-02 0.12367E-01 0.42143E-02 0.12597E-01  7.1378      1430    .            
 0.31915E-02 0.18582E-01 0.29755E-02 0.12183E-01 0.42384E-02 0.12596E-01  7.1428      1431    .            
 0.32708E-02 0.18180E-01 0.29430E-02 0.11953E-01 0.42632E-02 0.12594E-01  7.1478      1432    .            
 0.33480E-02 0.17666E-01 0.29139E-02 0.11692E-01 0.42888E-02 0.12592E-01  7.1528      1433    .            
 0.34226E-02 0.17044E-01 0.28885E-02 0.11419E-01 0.43152E-02 0.12588E-01  7.1578      1434    .            
 0.34937E-02 0.16317E-01 0.28675E-02 0.11152E-01 0.43423E-02 0.12584E-01  7.1628      1435    .            
 0.35609E-02 0.15495E-01 0.28511E-02 0.10916E-01 0.43701E-02 0.12579E-01  7.1678      1436    .            
 0.36234E-02 0.14589E-01 0.28399E-02 0.10736E-01 0.43986E-02 0.12574E-01  7.1728      1437    .            
 0.36806E-02 0.13616E-01 0.28342E-02 0.10635E-01 0.44277E-02 0.12567E-01  7.1778      1438    .            
 0.37320E-02 0.12597E-01 0.28343E-02 0.10636E-01 0.44574E-02 0.12559E-01  7.1828      1439    .            
 0.37772E-02 0.11562E-01 0.28405E-02 0.10759E-01 0.44878E-02 0.12551E-01  7.1878      1440    .            
 0.38157E-02 0.10547E-01 0.28531E-02 0.11015E-01 0.45187E-02 0.12542E-01  7.1928      1441    .            
 0.38471E-02 0.95986E-02 0.28724E-02 0.11407E-01 0.45503E-02 0.12532E-01  7.1978      1442    .            
 0.38712E-02 0.87778E-02 0.28984E-02 0.11932E-01 0.45823E-02 0.12522E-01  7.2028      1443    .            
 0.38878E-02 0.81528E-02 0.29312E-02 0.12580E-01 0.46149E-02 0.12512E-01  7.2078      1444    .            
 0.38969E-02 0.77901E-02 0.29711E-02 0.13336E-01 0.46481E-02 0.12502E-01  7.2128      1445    .            
 0.38983E-02 0.77327E-02 0.30180E-02 0.14181E-01 0.46817E-02 0.12492E-01  7.2178      1446    .            
 0.38921E-02 0.79795E-02 0.30719E-02 0.15097E-01 0.47158E-02 0.12482E-01  7.2228      1447    .            
 0.38785E-02 0.84853E-02 0.31328E-02 0.16066E-01 0.47504E-02 0.12472E-01  7.2278      1448    .            
 0.38578E-02 0.91798E-02 0.32006E-02 0.17069E-01 0.47855E-02 0.12463E-01  7.2328      1449    .            
 0.38303E-02 0.99909E-02 0.32752E-02 0.18087E-01 0.48210E-02 0.12455E-01  7.2378      1450    .            
 0.37963E-02 0.10857E-01 0.33563E-02 0.19103E-01 0.48570E-02 0.12448E-01  7.2428      1451    .            
 0.37563E-02 0.11728E-01 0.34438E-02 0.20101E-01 0.48935E-02 0.12441E-01  7.2478      1452    .            
 0.37108E-02 0.12569E-01 0.35372E-02 0.21062E-01 0.49305E-02 0.12436E-01  7.2528      1453    .            
 0.36605E-02 0.13351E-01 0.36362E-02 0.21972E-01 0.49679E-02 0.12431E-01  7.2578      1454    .            
 0.36059E-02 0.14056E-01 0.37405E-02 0.22813E-01 0.50057E-02 0.12428E-01  7.2628      1455    .            
 0.35477E-02 0.14667E-01 0.38495E-02 0.23570E-01 0.50440E-02 0.12426E-01  7.2678      1456    .            
 0.34865E-02 0.15177E-01 0.39626E-02 0.24227E-01 0.50828E-02 0.12424E-01  7.2728      1457    .            
 0.34231E-02 0.15579E-01 0.40792E-02 0.24768E-01 0.51219E-02 0.12423E-01  7.2778      1458    .            
 0.33582E-02 0.15870E-01 0.41987E-02 0.25181E-01 0.51616E-02 0.12423E-01  7.2828      1459    .            
 0.32925E-02 0.16050E-01 0.43203E-02 0.25450E-01 0.52017E-02 0.12423E-01  7.2878      1460    .            
 0.32266E-02 0.16122E-01 0.44431E-02 0.25563E-01 0.52422E-02 0.12423E-01  7.2928      1461    .            
 0.31613E-02 0.16091E-01 0.45664E-02 0.25511E-01 0.52831E-02 0.12423E-01  7.2978      1462    .            
 0.30972E-02 0.15964E-01 0.46892E-02 0.25282E-01 0.53244E-02 0.12422E-01  7.3028      1463    .            
 0.30349E-02 0.15749E-01 0.48105E-02 0.24871E-01 0.53662E-02 0.12421E-01  7.3078      1464    .            
 0.29751E-02 0.15456E-01 0.49295E-02 0.24273E-01 0.54083E-02 0.12419E-01  7.3128      1465    .            
 0.29184E-02 0.15097E-01 0.50451E-02 0.23485E-01 0.54507E-02 0.12415E-01  7.3178      1466    .            
 0.28651E-02 0.14685E-01 0.51562E-02 0.22508E-01 0.54936E-02 0.12410E-01  7.3228      1467    .            
 0.28160E-02 0.14236E-01 0.52620E-02 0.21346E-01 0.55367E-02 0.12404E-01  7.3278      1468    .            
 0.27713E-02 0.13766E-01 0.53615E-02 0.20006E-01 0.55802E-02 0.12396E-01  7.3328      1469    .            
 0.27316E-02 0.13292E-01 0.54537E-02 0.18501E-01 0.56239E-02 0.12386E-01  7.3378      1470    .            
 0.26971E-02 0.12835E-01 0.55378E-02 0.16846E-01 0.56680E-02 0.12375E-01  7.3428      1471    .            
 0.26683E-02 0.12414E-01 0.56129E-02 0.15063E-01 0.57122E-02 0.12362E-01  7.3478      1472    .            
 0.26453E-02 0.12051E-01 0.56783E-02 0.13181E-01 0.57568E-02 0.12347E-01  7.3528      1473    .            
 0.26285E-02 0.11768E-01 0.57333E-02 0.11242E-01 0.58015E-02 0.12331E-01  7.3578      1474    .            
 0.26181E-02 0.11582E-01 0.57775E-02 0.93092E-02 0.58464E-02 0.12314E-01  7.3628      1475    .            
 0.26141E-02 0.11509E-01 0.58103E-02 0.74928E-02 0.58915E-02 0.12296E-01  7.3678      1476    .            
 0.26168E-02 0.11558E-01 0.58316E-02 0.60003E-02 0.59368E-02 0.12277E-01  7.3728      1477    .            
 0.26261E-02 0.11732E-01 0.58409E-02 0.51959E-02 0.59822E-02 0.12257E-01  7.3778      1478    .            
 0.26421E-02 0.12027E-01 0.58384E-02 0.54220E-02 0.60278E-02 0.12238E-01  7.3828      1479    .            
 0.26648E-02 0.12433E-01 0.58241E-02 0.65571E-02 0.60736E-02 0.12219E-01  7.3878      1480    .            
 0.26942E-02 0.12934E-01 0.57981E-02 0.81916E-02 0.61195E-02 0.12201E-01  7.3928      1481    .            
 0.27301E-02 0.13512E-01 0.57609E-02 0.10030E-01 0.61655E-02 0.12183E-01  7.3977      1482    .            
 0.27723E-02 0.14149E-01 0.57127E-02 0.11915E-01 0.62117E-02 0.12167E-01  7.4027      1483    .            
 0.28207E-02 0.14823E-01 0.56542E-02 0.13764E-01 0.62580E-02 0.12153E-01  7.4077      1484    .            
 0.28751E-02 0.15517E-01 0.55860E-02 0.15524E-01 0.63045E-02 0.12139E-01  7.4127      1485    .            
 0.29351E-02 0.16211E-01 0.55089E-02 0.17161E-01 0.63511E-02 0.12128E-01  7.4177      1486    .            
 0.30005E-02 0.16888E-01 0.54237E-02 0.18652E-01 0.63979E-02 0.12119E-01  7.4227      1487    .            
 0.30708E-02 0.17532E-01 0.53312E-02 0.19978E-01 0.64449E-02 0.12111E-01  7.4277      1488    .            
 0.31457E-02 0.18127E-01 0.52324E-02 0.21127E-01 0.64921E-02 0.12105E-01  7.4327      1489    .            
 0.32246E-02 0.18657E-01 0.51283E-02 0.22090E-01 0.65394E-02 0.12101E-01  7.4377      1490    .            
 0.33070E-02 0.19109E-01 0.50199E-02 0.22864E-01 0.65869E-02 0.12099E-01  7.4427      1491    .            
 0.33923E-02 0.19471E-01 0.49081E-02 0.23446E-01 0.66347E-02 0.12097E-01  7.4477      1492    .            
 0.34800E-02 0.19729E-01 0.47940E-02 0.23839E-01 0.66826E-02 0.12096E-01  7.4527      1493    .            
 0.35693E-02 0.19873E-01 0.46785E-02 0.24046E-01 0.67307E-02 0.12096E-01  7.4577      1494    .            
 0.36596E-02 0.19894E-01 0.45627E-02 0.24075E-01 0.67791E-02 0.12096E-01  7.4627      1495    .            
 0.37502E-02 0.19783E-01 0.44473E-02 0.23935E-01 0.68276E-02 0.12096E-01  7.4677      1496    .            
 0.38401E-02 0.19536E-01 0.43334E-02 0.23635E-01 0.68763E-02 0.12094E-01  7.4727      1497    .            
 0.39288E-02 0.19147E-01 0.42218E-02 0.23189E-01 0.69252E-02 0.12092E-01  7.4777      1498    .            
 0.40153E-02 0.18615E-01 0.41131E-02 0.22610E-01 0.69743E-02 0.12088E-01  7.4827      1499    .            
 0.40988E-02 0.17941E-01 0.40081E-02 0.21911E-01 0.70235E-02 0.12083E-01  7.4877      1500    .            
 0.41786E-02 0.17129E-01 0.39075E-02 0.21108E-01 0.70728E-02 0.12075E-01  7.4927      1501    .            
 0.42539E-02 0.16185E-01 0.38118E-02 0.20218E-01 0.71223E-02 0.12064E-01  7.4977      1502    .            
 0.43239E-02 0.15122E-01 0.37216E-02 0.19256E-01 0.71718E-02 0.12052E-01  7.5027      1503    .            
 0.43879E-02 0.13955E-01 0.36373E-02 0.18240E-01 0.72215E-02 0.12036E-01  7.5077      1504    .            
 0.44452E-02 0.12706E-01 0.35592E-02 0.17188E-01 0.72712E-02 0.12018E-01  7.5127      1505    .            
 0.44952E-02 0.11406E-01 0.34877E-02 0.16118E-01 0.73209E-02 0.11998E-01  7.5177      1506    .            
 0.45374E-02 0.10099E-01 0.34232E-02 0.15050E-01 0.73707E-02 0.11975E-01  7.5227      1507    .            
 0.45712E-02 0.88487E-02 0.33657E-02 0.14007E-01 0.74205E-02 0.11951E-01  7.5277      1508    .            
 0.45964E-02 0.77471E-02 0.33154E-02 0.13011E-01 0.74703E-02 0.11924E-01  7.5327      1509    .            
 0.46126E-02 0.69243E-02 0.32725E-02 0.12089E-01 0.75201E-02 0.11897E-01  7.5377      1510    .            
 0.46196E-02 0.65287E-02 0.32369E-02 0.11268E-01 0.75698E-02 0.11869E-01  7.5427      1511    .            
 0.46174E-02 0.66560E-02 0.32087E-02 0.10577E-01 0.76196E-02 0.11840E-01  7.5477      1512    .            
 0.46060E-02 0.72757E-02 0.31879E-02 0.10042E-01 0.76693E-02 0.11812E-01  7.5527      1513    .            
 0.45854E-02 0.82571E-02 0.31743E-02 0.96851E-02 0.77189E-02 0.11784E-01  7.5577      1514    .            
 0.45559E-02 0.94556E-02 0.31678E-02 0.95144E-02 0.77686E-02 0.11758E-01  7.5627      1515    .            
 0.45179E-02 0.10759E-01 0.31682E-02 0.95255E-02 0.78182E-02 0.11733E-01  7.5677      1516    .            
 0.44716E-02 0.12089E-01 0.31753E-02 0.96989E-02 0.78678E-02 0.11710E-01  7.5727      1517    .            
 0.44176E-02 0.13394E-01 0.31889E-02 0.10004E-01 0.79174E-02 0.11689E-01  7.5777      1518    .            
 0.43565E-02 0.14634E-01 0.32085E-02 0.10407E-01 0.79669E-02 0.11671E-01  7.5827      1519    .            
 0.42889E-02 0.15784E-01 0.32338E-02 0.10869E-01 0.80166E-02 0.11655E-01  7.5877      1520    .            
 0.42154E-02 0.16825E-01 0.32645E-02 0.11360E-01 0.80662E-02 0.11642E-01  7.5927      1521    .            
 0.41368E-02 0.17741E-01 0.33000E-02 0.11848E-01 0.81159E-02 0.11632E-01  7.5977      1522    .            
 0.40539E-02 0.18524E-01 0.33399E-02 0.12308E-01 0.81657E-02 0.11625E-01  7.6027      1523    .            
 0.39674E-02 0.19167E-01 0.33836E-02 0.12721E-01 0.82155E-02 0.11619E-01  7.6077      1524    .            
 0.38782E-02 0.19669E-01 0.34306E-02 0.13066E-01 0.82654E-02 0.11616E-01  7.6127      1525    .            
 0.37870E-02 0.20028E-01 0.34802E-02 0.13331E-01 0.83154E-02 0.11614E-01  7.6177      1526    .            
 0.36947E-02 0.20247E-01 0.35318E-02 0.13503E-01 0.83655E-02 0.11613E-01  7.6227      1527    .            
 0.36020E-02 0.20331E-01 0.35846E-02 0.13573E-01 0.84157E-02 0.11613E-01  7.6277      1528    .            
 0.35097E-02 0.20286E-01 0.36381E-02 0.13533E-01 0.84660E-02 0.11613E-01  7.6327      1529    .            
 0.34184E-02 0.20121E-01 0.36914E-02 0.13380E-01 0.85164E-02 0.11612E-01  7.6377      1530    .            
 0.33290E-02 0.19846E-01 0.37439E-02 0.13112E-01 0.85669E-02 0.11610E-01  7.6427      1531    .            
 0.32421E-02 0.19471E-01 0.37947E-02 0.12731E-01 0.86175E-02 0.11606E-01  7.6477      1532    .            
 0.31581E-02 0.19009E-01 0.38432E-02 0.12243E-01 0.86681E-02 0.11600E-01  7.6527      1533    .            
 0.30778E-02 0.18473E-01 0.38885E-02 0.11658E-01 0.87188E-02 0.11592E-01  7.6577      1534    .            
 0.30016E-02 0.17877E-01 0.39301E-02 0.10992E-01 0.87696E-02 0.11580E-01  7.6627      1535    .            
 0.29300E-02 0.17236E-01 0.39671E-02 0.10268E-01 0.88203E-02 0.11565E-01  7.6677      1536    .            
 0.28634E-02 0.16564E-01 0.39990E-02 0.95196E-02 0.88710E-02 0.11546E-01  7.6727      1537    .            
 0.28021E-02 0.15879E-01 0.40252E-02 0.87919E-02 0.89218E-02 0.11524E-01  7.6776      1538    .            
 0.27465E-02 0.15196E-01 0.40452E-02 0.81465E-02 0.89724E-02 0.11499E-01  7.6826      1539    .            
 0.26969E-02 0.14534E-01 0.40583E-02 0.76601E-02 0.90231E-02 0.11471E-01  7.6876      1540    .            
 0.26534E-02 0.13911E-01 0.40644E-02 0.74151E-02 0.90736E-02 0.11439E-01  7.6926      1541    .            
 0.26163E-02 0.13344E-01 0.40629E-02 0.74760E-02 0.91240E-02 0.11406E-01  7.6976      1542    .            
 0.25857E-02 0.12851E-01 0.40538E-02 0.78630E-02 0.91743E-02 0.11370E-01  7.7026      1543    .            
 0.25617E-02 0.12448E-01 0.40369E-02 0.85449E-02 0.92245E-02 0.11333E-01  7.7076      1544    .            
 0.25443E-02 0.12148E-01 0.40120E-02 0.94580E-02 0.92745E-02 0.11295E-01  7.7126      1545    .            
 0.25336E-02 0.11961E-01 0.39792E-02 0.10532E-01 0.93244E-02 0.11258E-01  7.7176      1546    .            
 0.25295E-02 0.11890E-01 0.39387E-02 0.11704E-01 0.93742E-02 0.11220E-01  7.7226      1547    .            
 0.25319E-02 0.11932E-01 0.38906E-02 0.12922E-01 0.94239E-02 0.11184E-01  7.7276      1548    .            
 0.25408E-02 0.12079E-01 0.38353E-02 0.14147E-01 0.94734E-02 0.11150E-01  7.7326      1549    .            
 0.25559E-02 0.12317E-01 0.37730E-02 0.15346E-01 0.95228E-02 0.11118E-01  7.7376      1550    .            
 0.25771E-02 0.12631E-01 0.37043E-02 0.16494E-01 0.95721E-02 0.11089E-01  7.7426      1551    .            
 0.26041E-02 0.13001E-01 0.36297E-02 0.17572E-01 0.96213E-02 0.11063E-01  7.7476      1552    .            
 0.26366E-02 0.13406E-01 0.35496E-02 0.18563E-01 0.96705E-02 0.11040E-01  7.7526      1553    .            
 0.26743E-02 0.13829E-01 0.34648E-02 0.19455E-01 0.97195E-02 0.11021E-01  7.7576      1554    .            
 0.27168E-02 0.14251E-01 0.33758E-02 0.20241E-01 0.97686E-02 0.11006E-01  7.7626      1555    .            
 0.27638E-02 0.14654E-01 0.32833E-02 0.20914E-01 0.98177E-02 0.10994E-01  7.7676      1556    .            
 0.28147E-02 0.15023E-01 0.31881E-02 0.21472E-01 0.98667E-02 0.10985E-01  7.7726      1557    .            
 0.28691E-02 0.15343E-01 0.30908E-02 0.21913E-01 0.99158E-02 0.10979E-01  7.7776      1558    .            
 0.29264E-02 0.15601E-01 0.29921E-02 0.22240E-01 0.99649E-02 0.10976E-01  7.7826      1559    .            
 0.29862E-02 0.15786E-01 0.28927E-02 0.22456E-01 0.10014E-01 0.10974E-01  7.7876      1560    .            
 0.30477E-02 0.15889E-01 0.27934E-02 0.22566E-01 0.10063E-01 0.10973E-01  7.7926      1561    .            
 0.31104E-02 0.15901E-01 0.26947E-02 0.22578E-01 0.10113E-01 0.10973E-01  7.7976      1562    .            
 0.31736E-02 0.15815E-01 0.25974E-02 0.22501E-01 0.10162E-01 0.10973E-01  7.8026      1563    .            
 0.32366E-02 0.15629E-01 0.25021E-02 0.22343E-01 0.10211E-01 0.10971E-01  7.8076      1564    .            
 0.32989E-02 0.15338E-01 0.24094E-02 0.22116E-01 0.10261E-01 0.10968E-01  7.8126      1565    .            
 0.33597E-02 0.14944E-01 0.23199E-02 0.21831E-01 0.10310E-01 0.10962E-01  7.8176      1566    .            
 0.34183E-02 0.14451E-01 0.22341E-02 0.21499E-01 0.10360E-01 0.10953E-01  7.8226      1567    .            
 0.34740E-02 0.13863E-01 0.21525E-02 0.21132E-01 0.10409E-01 0.10941E-01  7.8276      1568    .            
 0.35262E-02 0.13192E-01 0.20758E-02 0.20744E-01 0.10459E-01 0.10924E-01  7.8326      1569    .            
 0.35744E-02 0.12451E-01 0.20044E-02 0.20345E-01 0.10508E-01 0.10904E-01  7.8376      1570    .            
 0.36178E-02 0.11661E-01 0.19387E-02 0.19948E-01 0.10557E-01 0.10879E-01  7.8426      1571    .            
 0.36559E-02 0.10850E-01 0.18792E-02 0.19564E-01 0.10607E-01 0.10850E-01  7.8476      1572    .            
 0.36883E-02 0.10051E-01 0.18263E-02 0.19205E-01 0.10656E-01 0.10816E-01  7.8526      1573    .            
 0.37146E-02 0.93114E-02 0.17805E-02 0.18880E-01 0.10705E-01 0.10779E-01  7.8576      1574    .            
 0.37342E-02 0.86862E-02 0.17421E-02 0.18598E-01 0.10754E-01 0.10739E-01  7.8626      1575    .            
 0.37470E-02 0.82375E-02 0.17114E-02 0.18367E-01 0.10802E-01 0.10696E-01  7.8676      1576    .            
 0.37528E-02 0.80230E-02 0.16886E-02 0.18193E-01 0.10851E-01 0.10651E-01  7.8726      1577    .            
 0.37513E-02 0.80781E-02 0.16740E-02 0.18081E-01 0.10899E-01 0.10604E-01  7.8776      1578    .            
 0.37426E-02 0.84027E-02 0.16677E-02 0.18032E-01 0.10947E-01 0.10557E-01  7.8826      1579    .            
 0.37267E-02 0.89617E-02 0.16697E-02 0.18047E-01 0.10995E-01 0.10511E-01  7.8876      1580    .            
 0.37037E-02 0.96997E-02 0.16800E-02 0.18125E-01 0.11042E-01 0.10465E-01  7.8926      1581    .            
 0.36737E-02 0.10557E-01 0.16984E-02 0.18262E-01 0.11090E-01 0.10421E-01  7.8976      1582    .            
 0.36371E-02 0.11481E-01 0.17247E-02 0.18452E-01 0.11137E-01 0.10380E-01  7.9026      1583    .            
 0.35942E-02 0.12426E-01 0.17587E-02 0.18688E-01 0.11184E-01 0.10341E-01  7.9076      1584    .            
 0.35454E-02 0.13359E-01 0.18000E-02 0.18961E-01 0.11231E-01 0.10307E-01  7.9126      1585    .            
 0.34912E-02 0.14252E-01 0.18482E-02 0.19263E-01 0.11278E-01 0.10277E-01  7.9176      1586    .            
 0.34321E-02 0.15083E-01 0.19028E-02 0.19581E-01 0.11324E-01 0.10250E-01  7.9226      1587    .            
 0.33687E-02 0.15837E-01 0.19635E-02 0.19907E-01 0.11371E-01 0.10229E-01  7.9276      1588    .            
 0.33015E-02 0.16502E-01 0.20297E-02 0.20226E-01 0.11417E-01 0.10212E-01  7.9326      1589    .            
 0.32313E-02 0.17070E-01 0.21009E-02 0.20529E-01 0.11464E-01 0.10199E-01  7.9376      1590    .            
 0.31587E-02 0.17536E-01 0.21766E-02 0.20803E-01 0.11510E-01 0.10189E-01  7.9426      1591    .            
 0.30844E-02 0.17897E-01 0.22561E-02 0.21037E-01 0.11557E-01 0.10183E-01  7.9476      1592    .            
 0.30090E-02 0.18155E-01 0.23390E-02 0.21220E-01 0.11603E-01 0.10180E-01  7.9526      1593    .            
 0.29331E-02 0.18310E-01 0.24246E-02 0.21340E-01 0.11650E-01 0.10178E-01  7.9575      1594    .            
 0.28576E-02 0.18368E-01 0.25123E-02 0.21389E-01 0.11696E-01 0.10178E-01  7.9625      1595    .            
 0.27829E-02 0.18334E-01 0.26015E-02 0.21357E-01 0.11743E-01 0.10178E-01  7.9675      1596    .            
 0.27098E-02 0.18216E-01 0.26916E-02 0.21236E-01 0.11789E-01 0.10177E-01  7.9725      1597    .            
 0.26388E-02 0.18023E-01 0.27818E-02 0.21021E-01 0.11836E-01 0.10174E-01  7.9775      1598    .            
 0.25705E-02 0.17765E-01 0.28715E-02 0.20706E-01 0.11883E-01 0.10169E-01  7.9825      1599    .            
 0.25054E-02 0.17453E-01 0.29601E-02 0.20288E-01 0.11929E-01 0.10161E-01  7.9875      1600    .            
 0.24440E-02 0.17099E-01 0.30468E-02 0.19767E-01 0.11976E-01 0.10149E-01  7.9925      1601    .            
 0.23869E-02 0.16716E-01 0.31311E-02 0.19143E-01 0.12022E-01 0.10132E-01  7.9975      1602    .            
 0.23344E-02 0.16317E-01 0.32121E-02 0.18421E-01 0.12069E-01 0.10110E-01  8.0025      1603    .            
 0.22869E-02 0.15916E-01 0.32894E-02 0.17607E-01 0.12115E-01 0.10084E-01  8.0075      1604    .            
 0.22449E-02 0.15527E-01 0.33624E-02 0.16709E-01 0.12162E-01 0.10052E-01  8.0125      1605    .            
 0.22086E-02 0.15164E-01 0.34303E-02 0.15740E-01 0.12208E-01 0.10015E-01  8.0175      1606    .            
 0.21782E-02 0.14840E-01 0.34929E-02 0.14715E-01 0.12254E-01 0.99733E-02  8.0225      1607    .            
 0.21541E-02 0.14569E-01 0.35495E-02 0.13656E-01 0.12299E-01 0.99275E-02  8.0275      1608    .            
 0.21365E-02 0.14361E-01 0.35998E-02 0.12585E-01 0.12345E-01 0.98781E-02  8.0325      1609    .            
 0.21254E-02 0.14227E-01 0.36435E-02 0.11535E-01 0.12390E-01 0.98257E-02  8.0375      1610    .            
 0.21210E-02 0.14172E-01 0.36804E-02 0.10541E-01 0.12435E-01 0.97713E-02  8.0425      1611    .            
 0.21233E-02 0.14201E-01 0.37101E-02 0.96485E-02 0.12480E-01 0.97157E-02  8.0475      1612    .            
 0.21324E-02 0.14313E-01 0.37328E-02 0.89062E-02 0.12524E-01 0.96599E-02  8.0525      1613    .            
 0.21482E-02 0.14506E-01 0.37482E-02 0.83638E-02 0.12569E-01 0.96049E-02  8.0575      1614    .            
 0.21707E-02 0.14773E-01 0.37566E-02 0.80599E-02 0.12613E-01 0.95515E-02  8.0625      1615    .            
 0.21997E-02 0.15105E-01 0.37580E-02 0.80081E-02 0.12656E-01 0.95007E-02  8.0675      1616    .            
 0.22350E-02 0.15491E-01 0.37527E-02 0.81899E-02 0.12700E-01 0.94534E-02  8.0725      1617    .            
 0.22764E-02 0.15918E-01 0.37411E-02 0.85596E-02 0.12743E-01 0.94100E-02  8.0775      1618    .            
 0.23237E-02 0.16374E-01 0.37234E-02 0.90592E-02 0.12786E-01 0.93713E-02  8.0825      1619    .            
 0.23766E-02 0.16844E-01 0.37002E-02 0.96313E-02 0.12829E-01 0.93376E-02  8.0875      1620    .            
 0.24347E-02 0.17314E-01 0.36719E-02 0.10227E-01 0.12872E-01 0.93091E-02  8.0925      1621    .            
 0.24978E-02 0.17771E-01 0.36391E-02 0.10807E-01 0.12914E-01 0.92858E-02  8.0975      1622    .            
 0.25652E-02 0.18200E-01 0.36025E-02 0.11344E-01 0.12957E-01 0.92677E-02  8.1025      1623    .            
 0.26367E-02 0.18589E-01 0.35626E-02 0.11814E-01 0.12999E-01 0.92542E-02  8.1075      1624    .            
 0.27118E-02 0.18924E-01 0.35201E-02 0.12204E-01 0.13042E-01 0.92450E-02  8.1125      1625    .            
 0.27898E-02 0.19194E-01 0.34758E-02 0.12504E-01 0.13084E-01 0.92394E-02  8.1175      1626    .            
 0.28703E-02 0.19388E-01 0.34302E-02 0.12708E-01 0.13127E-01 0.92365E-02  8.1225      1627    .            
 0.29526E-02 0.19495E-01 0.33841E-02 0.12815E-01 0.13169E-01 0.92354E-02  8.1275      1628    .            
 0.30362E-02 0.19507E-01 0.33382E-02 0.12827E-01 0.13212E-01 0.92352E-02  8.1325      1629    .            
 0.31204E-02 0.19416E-01 0.32931E-02 0.12747E-01 0.13254E-01 0.92347E-02  8.1375      1630    .            
 0.32044E-02 0.19215E-01 0.32495E-02 0.12584E-01 0.13297E-01 0.92330E-02  8.1425      1631    .            
 0.32877E-02 0.18902E-01 0.32081E-02 0.12347E-01 0.13339E-01 0.92289E-02  8.1475      1632    .            
 0.33695E-02 0.18472E-01 0.31695E-02 0.12049E-01 0.13382E-01 0.92216E-02  8.1525      1633    .            
 0.34491E-02 0.17927E-01 0.31341E-02 0.11705E-01 0.13424E-01 0.92102E-02  8.1574      1634    .            
 0.35259E-02 0.17269E-01 0.31027E-02 0.11335E-01 0.13467E-01 0.91940E-02  8.1624      1635    .            
 0.35990E-02 0.16504E-01 0.30756E-02 0.10960E-01 0.13509E-01 0.91725E-02  8.1674      1636    .            
 0.36679E-02 0.15639E-01 0.30533E-02 0.10607E-01 0.13551E-01 0.91452E-02  8.1724      1637    .            
 0.37320E-02 0.14688E-01 0.30363E-02 0.10303E-01 0.13594E-01 0.91120E-02  8.1774      1638    .            
 0.37905E-02 0.13667E-01 0.30250E-02 0.10079E-01 0.13635E-01 0.90729E-02  8.1824      1639    .            
 0.38430E-02 0.12598E-01 0.30197E-02 0.99640E-02 0.13677E-01 0.90283E-02  8.1874      1640    .            
 0.38891E-02 0.11511E-01 0.30206E-02 0.99846E-02 0.13719E-01 0.89784E-02  8.1924      1641    .            
 0.39282E-02 0.10443E-01 0.30281E-02 0.10158E-01 0.13760E-01 0.89240E-02  8.1974      1642    .            
 0.39600E-02 0.94454E-02 0.30424E-02 0.10493E-01 0.13801E-01 0.88658E-02  8.2024      1643    .            
 0.39844E-02 0.85814E-02 0.30636E-02 0.10984E-01 0.13842E-01 0.88046E-02  8.2074      1644    .            
 0.40009E-02 0.79266E-02 0.30918E-02 0.11620E-01 0.13882E-01 0.87416E-02  8.2124      1645    .            
 0.40097E-02 0.75553E-02 0.31273E-02 0.12380E-01 0.13922E-01 0.86778E-02  8.2174      1646    .            
 0.40106E-02 0.75146E-02 0.31699E-02 0.13243E-01 0.13962E-01 0.86142E-02  8.2224      1647    .            
 0.40038E-02 0.78007E-02 0.32197E-02 0.14186E-01 0.14001E-01 0.85521E-02  8.2274      1648    .            
 0.39894E-02 0.83593E-02 0.32767E-02 0.15186E-01 0.14041E-01 0.84923E-02  8.2324      1649    .            
 0.39677E-02 0.91106E-02 0.33407E-02 0.16222E-01 0.14079E-01 0.84360E-02  8.2374      1650    .            
 0.39389E-02 0.99763E-02 0.34116E-02 0.17273E-01 0.14118E-01 0.83838E-02  8.2424      1651    .            
 0.39036E-02 0.10891E-01 0.34891E-02 0.18321E-01 0.14156E-01 0.83367E-02  8.2474      1652    .            
 0.38621E-02 0.11806E-01 0.35731E-02 0.19347E-01 0.14194E-01 0.82950E-02  8.2524      1653    .            
 0.38150E-02 0.12684E-01 0.36632E-02 0.20334E-01 0.14232E-01 0.82592E-02  8.2574      1654    .            
 0.37629E-02 0.13497E-01 0.37590E-02 0.21265E-01 0.14270E-01 0.82293E-02  8.2624      1655    .            
 0.37065E-02 0.14227E-01 0.38600E-02 0.22123E-01 0.14308E-01 0.82054E-02  8.2674      1656    .            
 0.36463E-02 0.14858E-01 0.39658E-02 0.22892E-01 0.14345E-01 0.81871E-02  8.2724      1657    .            
 0.35832E-02 0.15383E-01 0.40757E-02 0.23557E-01 0.14383E-01 0.81740E-02  8.2774      1658    .            
 0.35177E-02 0.15794E-01 0.41892E-02 0.24103E-01 0.14420E-01 0.81654E-02  8.2824      1659    .            
 0.34507E-02 0.16091E-01 0.43055E-02 0.24515E-01 0.14457E-01 0.81604E-02  8.2874      1660    .            
 0.33827E-02 0.16272E-01 0.44238E-02 0.24780E-01 0.14495E-01 0.81582E-02  8.2924      1661    .            
 0.33147E-02 0.16341E-01 0.45434E-02 0.24887E-01 0.14532E-01 0.81575E-02  8.2974      1662    .            
 0.32471E-02 0.16303E-01 0.46633E-02 0.24823E-01 0.14570E-01 0.81573E-02  8.3024      1663    .            
 0.31808E-02 0.16165E-01 0.47827E-02 0.24582E-01 0.14607E-01 0.81564E-02  8.3074      1664    .            
 0.31163E-02 0.15934E-01 0.49006E-02 0.24156E-01 0.14644E-01 0.81536E-02  8.3124      1665    .            
 0.30543E-02 0.15622E-01 0.50159E-02 0.23541E-01 0.14682E-01 0.81477E-02  8.3174      1666    .            
 0.29952E-02 0.15241E-01 0.51278E-02 0.22735E-01 0.14719E-01 0.81378E-02  8.3224      1667    .            
 0.29398E-02 0.14803E-01 0.52352E-02 0.21740E-01 0.14757E-01 0.81229E-02  8.3274      1668    .            
 0.28884E-02 0.14324E-01 0.53371E-02 0.20561E-01 0.14794E-01 0.81025E-02  8.3324      1669    .            
 0.28416E-02 0.13820E-01 0.54325E-02 0.19207E-01 0.14831E-01 0.80758E-02  8.3374      1670    .            
 0.27997E-02 0.13309E-01 0.55206E-02 0.17688E-01 0.14868E-01 0.80426E-02  8.3424      1671    .            
 0.27631E-02 0.12811E-01 0.56005E-02 0.16024E-01 0.14905E-01 0.80029E-02  8.3473      1672    .            
 0.27321E-02 0.12347E-01 0.56713E-02 0.14238E-01 0.14942E-01 0.79568E-02  8.3523      1673    .            
 0.27071E-02 0.11940E-01 0.57324E-02 0.12361E-01 0.14978E-01 0.79046E-02  8.3573      1674    .            
 0.26882E-02 0.11611E-01 0.57830E-02 0.10441E-01 0.15014E-01 0.78470E-02  8.3623      1675    .            
 0.26756E-02 0.11380E-01 0.58227E-02 0.85553E-02 0.15050E-01 0.77846E-02  8.3673      1676    .            
 0.26696E-02 0.11264E-01 0.58511E-02 0.68400E-02 0.15086E-01 0.77185E-02  8.3723      1677    .            
 0.26702E-02 0.11275E-01 0.58678E-02 0.55584E-02 0.15121E-01 0.76498E-02  8.3773      1678    .            
 0.26775E-02 0.11417E-01 0.58727E-02 0.51182E-02 0.15156E-01 0.75795E-02  8.3823      1679    .            
 0.26914E-02 0.11685E-01 0.58658E-02 0.57334E-02 0.15190E-01 0.75089E-02  8.3873      1680    .            
 0.27121E-02 0.12070E-01 0.58470E-02 0.71156E-02 0.15224E-01 0.74392E-02  8.3923      1681    .            
 0.27394E-02 0.12556E-01 0.58166E-02 0.88724E-02 0.15258E-01 0.73716E-02  8.3973      1682    .            
 0.27732E-02 0.13123E-01 0.57750E-02 0.10767E-01 0.15291E-01 0.73072E-02  8.4023      1683    .            
 0.28134E-02 0.13752E-01 0.57226E-02 0.12679E-01 0.15324E-01 0.72470E-02  8.4073      1684    .            
 0.28598E-02 0.14422E-01 0.56598E-02 0.14537E-01 0.15357E-01 0.71919E-02  8.4123      1685    .            
 0.29121E-02 0.15113E-01 0.55875E-02 0.16297E-01 0.15389E-01 0.71426E-02  8.4173      1686    .            
 0.29701E-02 0.15805E-01 0.55063E-02 0.17931E-01 0.15421E-01 0.70995E-02  8.4223      1687    .            
 0.30334E-02 0.16481E-01 0.54171E-02 0.19414E-01 0.15453E-01 0.70630E-02  8.4273      1688    .            
 0.31016E-02 0.17124E-01 0.53206E-02 0.20732E-01 0.15485E-01 0.70330E-02  8.4323      1689    .            
 0.31744E-02 0.17717E-01 0.52180E-02 0.21872E-01 0.15517E-01 0.70095E-02  8.4373      1690    .            
 0.32511E-02 0.18246E-01 0.51100E-02 0.22827E-01 0.15548E-01 0.69920E-02  8.4423      1691    .            
 0.33314E-02 0.18697E-01 0.49978E-02 0.23593E-01 0.15580E-01 0.69798E-02  8.4473      1692    .            
 0.34146E-02 0.19057E-01 0.48823E-02 0.24169E-01 0.15611E-01 0.69722E-02  8.4523      1693    .            
 0.35001E-02 0.19314E-01 0.47645E-02 0.24557E-01 0.15643E-01 0.69682E-02  8.4573      1694    .            
 0.35873E-02 0.19457E-01 0.46454E-02 0.24761E-01 0.15674E-01 0.69667E-02  8.4623      1695    .            
 0.36754E-02 0.19477E-01 0.45259E-02 0.24789E-01 0.15706E-01 0.69664E-02  8.4673      1696    .            
 0.37637E-02 0.19367E-01 0.44070E-02 0.24650E-01 0.15737E-01 0.69660E-02  8.4723      1697    .            
 0.38515E-02 0.19120E-01 0.42894E-02 0.24354E-01 0.15769E-01 0.69644E-02  8.4773      1698    .            
 0.39379E-02 0.18734E-01 0.41741E-02 0.23914E-01 0.15800E-01 0.69601E-02  8.4823      1699    .            
 0.40223E-02 0.18206E-01 0.40617E-02 0.23343E-01 0.15832E-01 0.69521E-02  8.4873      1700    .            
 0.41036E-02 0.17538E-01 0.39530E-02 0.22656E-01 0.15863E-01 0.69394E-02  8.4923      1701    .            
 0.41813E-02 0.16733E-01 0.38486E-02 0.21867E-01 0.15895E-01 0.69209E-02  8.4973      1702    .            
 0.42544E-02 0.15800E-01 0.37490E-02 0.20992E-01 0.15926E-01 0.68961E-02  8.5023      1703    .            
 0.43223E-02 0.14751E-01 0.36548E-02 0.20048E-01 0.15957E-01 0.68644E-02  8.5073      1704    .            
 0.43842E-02 0.13601E-01 0.35663E-02 0.19051E-01 0.15988E-01 0.68257E-02  8.5123      1705    .            
 0.44395E-02 0.12374E-01 0.34841E-02 0.18018E-01 0.16019E-01 0.67801E-02  8.5173      1706    .            
 0.44876E-02 0.11102E-01 0.34083E-02 0.16967E-01 0.16049E-01 0.67276E-02  8.5223      1707    .            
 0.45279E-02 0.98299E-02 0.33392E-02 0.15916E-01 0.16079E-01 0.66690E-02  8.5273      1708    .            
 0.45600E-02 0.86247E-02 0.32771E-02 0.14885E-01 0.16109E-01 0.66050E-02  8.5323      1709    .            
 0.45835E-02 0.75827E-02 0.32220E-02 0.13894E-01 0.16139E-01 0.65364E-02  8.5373      1710    .            
 0.45981E-02 0.68351E-02 0.31741E-02 0.12965E-01 0.16168E-01 0.64643E-02  8.5422      1711    .            
 0.46037E-02 0.65241E-02 0.31334E-02 0.12121E-01 0.16197E-01 0.63900E-02  8.5472      1712    .            
 0.46001E-02 0.67278E-02 0.30998E-02 0.11386E-01 0.16225E-01 0.63147E-02  8.5522      1713    .            
 0.45873E-02 0.73996E-02 0.30735E-02 0.10782E-01 0.16253E-01 0.62398E-02  8.5572      1714    .            
 0.45656E-02 0.84079E-02 0.30542E-02 0.10327E-01 0.16280E-01 0.61666E-02  8.5622      1715    .            
 0.45350E-02 0.96152E-02 0.30418E-02 0.10033E-01 0.16307E-01 0.60962E-02  8.5672      1716    .            
 0.44960E-02 0.10917E-01 0.30361E-02 0.99007E-02 0.16334E-01 0.60297E-02  8.5722      1717    .            
 0.44489E-02 0.12241E-01 0.30370E-02 0.99202E-02 0.16360E-01 0.59683E-02  8.5772      1718    .            
 0.43941E-02 0.13536E-01 0.30440E-02 0.10071E-01 0.16386E-01 0.59127E-02  8.5822      1719    .            
 0.43323E-02 0.14767E-01 0.30571E-02 0.10325E-01 0.16412E-01 0.58635E-02  8.5872      1720    .            
 0.42640E-02 0.15908E-01 0.30757E-02 0.10653E-01 0.16438E-01 0.58211E-02  8.5922      1721    .            
 0.41899E-02 0.16940E-01 0.30995E-02 0.11024E-01 0.16463E-01 0.57857E-02  8.5972      1722    .            
 0.41108E-02 0.17851E-01 0.31280E-02 0.11410E-01 0.16488E-01 0.57571E-02  8.6022      1723    .            
 0.40274E-02 0.18630E-01 0.31609E-02 0.11785E-01 0.16513E-01 0.57352E-02  8.6072      1724    .            
 0.39404E-02 0.19271E-01 0.31975E-02 0.12128E-01 0.16538E-01 0.57193E-02  8.6122      1725    .            
 0.38507E-02 0.19773E-01 0.32373E-02 0.12422E-01 0.16563E-01 0.57087E-02  8.6172      1726    .            
 0.37591E-02 0.20134E-01 0.32798E-02 0.12650E-01 0.16588E-01 0.57025E-02  8.6222      1727    .            
 0.36663E-02 0.20357E-01 0.33243E-02 0.12802E-01 0.16612E-01 0.56996E-02  8.6272      1728    .            
 0.35731E-02 0.20447E-01 0.33701E-02 0.12867E-01 0.16637E-01 0.56987E-02  8.6322      1729    .            
 0.34802E-02 0.20410E-01 0.34167E-02 0.12838E-01 0.16662E-01 0.56986E-02  8.6372      1730    .            
 0.33885E-02 0.20255E-01 0.34634E-02 0.12712E-01 0.16687E-01 0.56979E-02  8.6422      1731    .            
 0.32984E-02 0.19991E-01 0.35093E-02 0.12488E-01 0.16712E-01 0.56953E-02  8.6472      1732    .            
 0.32108E-02 0.19628E-01 0.35540E-02 0.12167E-01 0.16736E-01 0.56895E-02  8.6522      1733    .            
 0.31262E-02 0.19180E-01 0.35966E-02 0.11756E-01 0.16761E-01 0.56793E-02  8.6572      1734    .            
 0.30451E-02 0.18658E-01 0.36364E-02 0.11265E-01 0.16786E-01 0.56638E-02  8.6622      1735    .            
 0.29680E-02 0.18077E-01 0.36729E-02 0.10711E-01 0.16810E-01 0.56421E-02  8.6672      1736    .            
 0.28955E-02 0.17451E-01 0.37053E-02 0.10115E-01 0.16835E-01 0.56136E-02  8.6722      1737    .            
 0.28279E-02 0.16794E-01 0.37332E-02 0.95081E-02 0.16859E-01 0.55779E-02  8.6772      1738    .            
 0.27656E-02 0.16123E-01 0.37558E-02 0.89317E-02 0.16883E-01 0.55351E-02  8.6822      1739    .            
 0.27088E-02 0.15453E-01 0.37728E-02 0.84365E-02 0.16907E-01 0.54852E-02  8.6872      1740    .            
 0.26580E-02 0.14803E-01 0.37837E-02 0.80820E-02 0.16931E-01 0.54287E-02  8.6922      1741    .            
 0.26133E-02 0.14187E-01 0.37881E-02 0.79267E-02 0.16954E-01 0.53662E-02  8.6972      1742    .            
 0.25748E-02 0.13625E-01 0.37857E-02 0.80141E-02 0.16977E-01 0.52987E-02  8.7022      1743    .            
 0.25428E-02 0.13131E-01 0.37763E-02 0.83579E-02 0.16999E-01 0.52273E-02  8.7072      1744    .            
 0.25173E-02 0.12722E-01 0.37598E-02 0.89390E-02 0.17021E-01 0.51531E-02  8.7122      1745    .            
 0.24984E-02 0.12410E-01 0.37361E-02 0.97151E-02 0.17043E-01 0.50774E-02  8.7172      1746    .            
 0.24861E-02 0.12204E-01 0.37052E-02 0.10635E-01 0.17064E-01 0.50016E-02  8.7222      1747    .            
 0.24803E-02 0.12108E-01 0.36672E-02 0.11648E-01 0.17085E-01 0.49269E-02  8.7272      1748    .            
 0.24811E-02 0.12121E-01 0.36224E-02 0.12711E-01 0.17105E-01 0.48548E-02  8.7322      1749    .            
 0.24882E-02 0.12235E-01 0.35709E-02 0.13789E-01 0.17125E-01 0.47863E-02  8.7371      1750    .            
 0.25016E-02 0.12440E-01 0.35132E-02 0.14852E-01 0.17144E-01 0.47225E-02  8.7421      1751    .            
 0.25210E-02 0.12719E-01 0.34496E-02 0.15875E-01 0.17163E-01 0.46643E-02  8.7471      1752    .            
 0.25462E-02 0.13055E-01 0.33806E-02 0.16840E-01 0.17182E-01 0.46123E-02  8.7521      1753    .            
 0.25769E-02 0.13431E-01 0.33068E-02 0.17732E-01 0.17200E-01 0.45669E-02  8.7571      1754    .            
 0.26129E-02 0.13827E-01 0.32286E-02 0.18538E-01 0.17219E-01 0.45284E-02  8.7621      1755    .            
 0.26537E-02 0.14225E-01 0.31467E-02 0.19251E-01 0.17236E-01 0.44968E-02  8.7671      1756    .            
 0.26989E-02 0.14610E-01 0.30617E-02 0.19864E-01 0.17254E-01 0.44719E-02  8.7721      1757    .            
 0.27481E-02 0.14965E-01 0.29742E-02 0.20374E-01 0.17272E-01 0.44533E-02  8.7771      1758    .            
 0.28009E-02 0.15276E-01 0.28850E-02 0.20780E-01 0.17289E-01 0.44402E-02  8.7821      1759    .            
 0.28567E-02 0.15530E-01 0.27947E-02 0.21084E-01 0.17307E-01 0.44319E-02  8.7871      1760    .            
 0.29149E-02 0.15716E-01 0.27039E-02 0.21288E-01 0.17324E-01 0.44274E-02  8.7921      1761    .            
 0.29751E-02 0.15825E-01 0.26134E-02 0.21398E-01 0.17342E-01 0.44256E-02  8.7971      1762    .            
 0.30365E-02 0.15848E-01 0.25238E-02 0.21419E-01 0.17359E-01 0.44252E-02  8.8021      1763    .            
 0.30986E-02 0.15778E-01 0.24356E-02 0.21361E-01 0.17377E-01 0.44251E-02  8.8071      1764    .            
 0.31607E-02 0.15612E-01 0.23496E-02 0.21231E-01 0.17394E-01 0.44238E-02  8.8121      1765    .            
 0.32222E-02 0.15346E-01 0.22664E-02 0.21039E-01 0.17412E-01 0.44202E-02  8.8171      1766    .            
 0.32823E-02 0.14981E-01 0.21865E-02 0.20797E-01 0.17429E-01 0.44131E-02  8.8221      1767    .            
 0.33405E-02 0.14518E-01 0.21105E-02 0.20515E-01 0.17447E-01 0.44014E-02  8.8271      1768    .            
 0.33961E-02 0.13965E-01 0.20390E-02 0.20205E-01 0.17464E-01 0.43843E-02  8.8321      1769    .            
 0.34483E-02 0.13329E-01 0.19724E-02 0.19878E-01 0.17481E-01 0.43610E-02  8.8371      1770    .            
 0.34967E-02 0.12625E-01 0.19114E-02 0.19546E-01 0.17498E-01 0.43311E-02  8.8421      1771    .            
 0.35407E-02 0.11870E-01 0.18563E-02 0.19221E-01 0.17515E-01 0.42946E-02  8.8471      1772    .            
 0.35796E-02 0.11088E-01 0.18077E-02 0.18913E-01 0.17532E-01 0.42514E-02  8.8521      1773    .            
 0.36131E-02 0.10312E-01 0.17659E-02 0.18633E-01 0.17548E-01 0.42019E-02  8.8571      1774    .            
 0.36406E-02 0.95824E-02 0.17314E-02 0.18391E-01 0.17564E-01 0.41469E-02  8.8621      1775    .            
 0.36618E-02 0.89479E-02 0.17045E-02 0.18195E-01 0.17580E-01 0.40870E-02  8.8671      1776    .            
 0.36765E-02 0.84650E-02 0.16854E-02 0.18052E-01 0.17595E-01 0.40233E-02  8.8721      1777    .            
 0.36843E-02 0.81881E-02 0.16744E-02 0.17968E-01 0.17610E-01 0.39571E-02  8.8771      1778    .            
 0.36851E-02 0.81564E-02 0.16716E-02 0.17945E-01 0.17624E-01 0.38896E-02  8.8821      1779    .            
 0.36790E-02 0.83798E-02 0.16770E-02 0.17987E-01 0.17638E-01 0.38219E-02  8.8871      1780    .            
 0.36658E-02 0.88357E-02 0.16907E-02 0.18091E-01 0.17651E-01 0.37556E-02  8.8921      1781    .            
 0.36457E-02 0.94782E-02 0.17124E-02 0.18257E-01 0.17664E-01 0.36916E-02  8.8971      1782    .            
 0.36188E-02 0.10253E-01 0.17421E-02 0.18479E-01 0.17677E-01 0.36311E-02  8.9021      1783    .            
 0.35855E-02 0.11107E-01 0.17794E-02 0.18752E-01 0.17689E-01 0.35749E-02  8.9071      1784    .            
 0.35459E-02 0.11997E-01 0.18240E-02 0.19067E-01 0.17700E-01 0.35238E-02  8.9121      1785    .            
 0.35006E-02 0.12886E-01 0.18757E-02 0.19416E-01 0.17712E-01 0.34783E-02  8.9170      1786    .            
 0.34499E-02 0.13745E-01 0.19339E-02 0.19790E-01 0.17722E-01 0.34385E-02  8.9220      1787    .            
 0.33944E-02 0.14552E-01 0.19983E-02 0.20176E-01 0.17733E-01 0.34047E-02  8.9270      1788    .            
 0.33345E-02 0.15290E-01 0.20685E-02 0.20565E-01 0.17743E-01 0.33768E-02  8.9320      1789    .            
 0.32710E-02 0.15946E-01 0.21438E-02 0.20943E-01 0.17753E-01 0.33545E-02  8.9370      1790    .            
 0.32044E-02 0.16512E-01 0.22240E-02 0.21300E-01 0.17763E-01 0.33373E-02  8.9420      1791    .            
 0.31353E-02 0.16980E-01 0.23084E-02 0.21622E-01 0.17773E-01 0.33249E-02  8.9470      1792    .            
 0.30644E-02 0.17349E-01 0.23964E-02 0.21899E-01 0.17783E-01 0.33166E-02  8.9520      1793    .            
 0.29924E-02 0.17618E-01 0.24877E-02 0.22118E-01 0.17793E-01 0.33116E-02  8.9570      1794    .            
 0.29199E-02 0.17788E-01 0.25815E-02 0.22268E-01 0.17802E-01 0.33092E-02  8.9620      1795    .            
 0.28476E-02 0.17862E-01 0.26773E-02 0.22340E-01 0.17812E-01 0.33084E-02  8.9670      1796    .            
 0.27760E-02 0.17847E-01 0.27744E-02 0.22324E-01 0.17822E-01 0.33083E-02  8.9720      1797    .            
 0.27059E-02 0.17750E-01 0.28722E-02 0.22211E-01 0.17831E-01 0.33079E-02  8.9770      1798    .            
 0.26377E-02 0.17578E-01 0.29701E-02 0.21994E-01 0.17841E-01 0.33064E-02  8.9820      1799    .            
 0.25722E-02 0.17341E-01 0.30673E-02 0.21669E-01 0.17851E-01 0.33026E-02  8.9870      1800    .            
 0.25097E-02 0.17050E-01 0.31631E-02 0.21232E-01 0.17860E-01 0.32959E-02  8.9920      1801    .            
 0.24509E-02 0.16717E-01 0.32569E-02 0.20682E-01 0.17870E-01 0.32854E-02  8.9970      1802    .            
 0.23962E-02 0.16354E-01 0.33479E-02 0.20018E-01 0.17879E-01 0.32707E-02  9.0020      1803    .            
 0.23460E-02 0.15974E-01 0.34356E-02 0.19245E-01 0.17889E-01 0.32514E-02  9.0070      1804    .            
 0.23007E-02 0.15592E-01 0.35191E-02 0.18368E-01 0.17898E-01 0.32275E-02  9.0120      1805    .            
 0.22607E-02 0.15220E-01 0.35980E-02 0.17396E-01 0.17907E-01 0.31990E-02  9.0170      1806    .            
 0.22263E-02 0.14874E-01 0.36716E-02 0.16341E-01 0.17915E-01 0.31664E-02  9.0220      1807    .            
 0.21978E-02 0.14567E-01 0.37393E-02 0.15217E-01 0.17924E-01 0.31304E-02  9.0270      1808    .            
 0.21754E-02 0.14312E-01 0.38007E-02 0.14046E-01 0.17932E-01 0.30917E-02  9.0320      1809    .            
 0.21594E-02 0.14120E-01 0.38553E-02 0.12851E-01 0.17939E-01 0.30514E-02  9.0370      1810    .            
 0.21499E-02 0.14002E-01 0.39028E-02 0.11663E-01 0.17946E-01 0.30106E-02  9.0420      1811    .            
 0.21469E-02 0.13964E-01 0.39430E-02 0.10522E-01 0.17953E-01 0.29704E-02  9.0470      1812    .            
 0.21506E-02 0.14011E-01 0.39755E-02 0.94764E-02 0.17959E-01 0.29318E-02  9.0520      1813    .            
 0.21610E-02 0.14142E-01 0.40003E-02 0.85862E-02 0.17965E-01 0.28958E-02  9.0570      1814    .            
 0.21781E-02 0.14354E-01 0.40174E-02 0.79174E-02 0.17970E-01 0.28632E-02  9.0620      1815    .            
 0.22017E-02 0.14641E-01 0.40268E-02 0.75291E-02 0.17974E-01 0.28344E-02  9.0670      1816    .            
 0.22319E-02 0.14995E-01 0.40287E-02 0.74510E-02 0.17979E-01 0.28098E-02  9.0720      1817    .            
 0.22683E-02 0.15404E-01 0.40232E-02 0.76664E-02 0.17982E-01 0.27894E-02  9.0770      1818    .            
 0.23108E-02 0.15855E-01 0.40108E-02 0.81166E-02 0.17986E-01 0.27729E-02  9.0820      1819    .            
 0.23593E-02 0.16335E-01 0.39918E-02 0.87248E-02 0.17989E-01 0.27601E-02  9.0870      1820    .            
 0.24133E-02 0.16831E-01 0.39666E-02 0.94178E-02 0.17991E-01 0.27504E-02  9.0920      1821    .            
 0.24726E-02 0.17327E-01 0.39359E-02 0.10136E-01 0.17994E-01 0.27434E-02  9.0970      1822    .            
 0.25368E-02 0.17811E-01 0.39000E-02 0.10834E-01 0.17996E-01 0.27384E-02  9.1019      1823    .            
 0.26056E-02 0.18268E-01 0.38598E-02 0.11479E-01 0.17997E-01 0.27350E-02  9.1069      1824    .            
 0.26784E-02 0.18686E-01 0.38158E-02 0.12048E-01 0.17999E-01 0.27327E-02  9.1119      1825    .            
 0.27549E-02 0.19051E-01 0.37688E-02 0.12525E-01 0.18001E-01 0.27313E-02  9.1169      1826    .            
 0.28345E-02 0.19351E-01 0.37195E-02 0.12898E-01 0.18002E-01 0.27305E-02  9.1219      1827    .            
 0.29166E-02 0.19575E-01 0.36685E-02 0.13164E-01 0.18004E-01 0.27301E-02  9.1269      1828    .            
 0.30007E-02 0.19712E-01 0.36166E-02 0.13318E-01 0.18005E-01 0.27299E-02  9.1319      1829    .            
 0.30862E-02 0.19753E-01 0.35646E-02 0.13362E-01 0.18007E-01 0.27298E-02  9.1369      1830    .            
 0.31724E-02 0.19691E-01 0.35132E-02 0.13300E-01 0.18008E-01 0.27297E-02  9.1419      1831    .            
 0.32586E-02 0.19517E-01 0.34630E-02 0.13139E-01 0.18010E-01 0.27294E-02  9.1469      1832    .            
 0.33441E-02 0.19229E-01 0.34147E-02 0.12886E-01 0.18011E-01 0.27289E-02  9.1519      1833    .            
 0.34283E-02 0.18822E-01 0.33690E-02 0.12556E-01 0.18013E-01 0.27280E-02  9.1569      1834    .            
 0.35105E-02 0.18297E-01 0.33264E-02 0.12160E-01 0.18014E-01 0.27266E-02  9.1619      1835    .            
 0.35898E-02 0.17655E-01 0.32876E-02 0.11718E-01 0.18015E-01 0.27248E-02  9.1669      1836    .            
 0.36657E-02 0.16900E-01 0.32531E-02 0.11249E-01 0.18017E-01 0.27227E-02  9.1719      1837    .            
 0.37374E-02 0.16040E-01 0.32234E-02 0.10779E-01 0.18018E-01 0.27206E-02  9.1769      1838    .            
 0.38043E-02 0.15086E-01 0.31989E-02 0.10337E-01 0.18019E-01 0.27189E-02  9.1819      1839    .            
 0.38658E-02 0.14054E-01 0.31800E-02 0.99542E-02 0.18019E-01 0.27181E-02  9.1869      1840    .            
 0.39213E-02 0.12964E-01 0.31671E-02 0.96664E-02 0.18019E-01 0.27187E-02  9.1919      1841    .            
 0.39703E-02 0.11842E-01 0.31606E-02 0.95078E-02 0.18019E-01 0.27216E-02  9.1969      1842    .            
 0.40123E-02 0.10724E-01 0.31606E-02 0.95075E-02 0.18019E-01 0.27273E-02  9.2019      1843    .            
 0.40471E-02 0.96573E-02 0.31674E-02 0.96840E-02 0.18018E-01 0.27365E-02  9.2069      1844    .            
 0.40742E-02 0.87030E-02 0.31812E-02 0.10042E-01 0.18017E-01 0.27495E-02  9.2119      1845    .            
 0.40935E-02 0.79383E-02 0.32022E-02 0.10574E-01 0.18015E-01 0.27667E-02  9.2169      1846    .            
 0.41049E-02 0.74469E-02 0.32305E-02 0.11258E-01 0.18013E-01 0.27880E-02  9.2219      1847    .            
 0.41083E-02 0.72944E-02 0.32660E-02 0.12070E-01 0.18010E-01 0.28130E-02  9.2269      1848    .            
 0.41037E-02 0.74967E-02 0.33089E-02 0.12983E-01 0.18006E-01 0.28413E-02  9.2319      1849    .            
 0.40913E-02 0.80087E-02 0.33590E-02 0.13969E-01 0.18002E-01 0.28720E-02  9.2369      1850    .            
 0.40714E-02 0.87478E-02 0.34163E-02 0.15004E-01 0.17998E-01 0.29040E-02  9.2419      1851    .            
 0.40442E-02 0.96272E-02 0.34806E-02 0.16064E-01 0.17993E-01 0.29365E-02  9.2469      1852    .            
 0.40101E-02 0.10574E-01 0.35518E-02 0.17129E-01 0.17988E-01 0.29682E-02  9.2519      1853    .            
 0.39696E-02 0.11531E-01 0.36296E-02 0.18178E-01 0.17983E-01 0.29981E-02  9.2569      1854    .            
 0.39232E-02 0.12459E-01 0.37136E-02 0.19194E-01 0.17977E-01 0.30254E-02  9.2619      1855    .            
 0.38714E-02 0.13327E-01 0.38035E-02 0.20158E-01 0.17970E-01 0.30494E-02  9.2669      1856    .            
 0.38150E-02 0.14114E-01 0.38989E-02 0.21054E-01 0.17964E-01 0.30696E-02  9.2719      1857    .            
 0.37545E-02 0.14803E-01 0.39992E-02 0.21865E-01 0.17957E-01 0.30858E-02  9.2769      1858    .            
 0.36906E-02 0.15385E-01 0.41040E-02 0.22576E-01 0.17951E-01 0.30981E-02  9.2819      1859    .            
 0.36241E-02 0.15852E-01 0.42125E-02 0.23172E-01 0.17944E-01 0.31067E-02  9.2869      1860    .            
 0.35557E-02 0.16201E-01 0.43242E-02 0.23638E-01 0.17937E-01 0.31120E-02  9.2918      1861    .            
 0.34861E-02 0.16432E-01 0.44381E-02 0.23960E-01 0.17930E-01 0.31148E-02  9.2968      1862    .            
 0.34161E-02 0.16545E-01 0.45537E-02 0.24127E-01 0.17923E-01 0.31157E-02  9.3018      1863    .            
 0.33462E-02 0.16547E-01 0.46699E-02 0.24129E-01 0.17916E-01 0.31156E-02  9.3068      1864    .            
 0.32773E-02 0.16441E-01 0.47859E-02 0.23955E-01 0.17909E-01 0.31155E-02  9.3118      1865    .            
 0.32099E-02 0.16238E-01 0.49007E-02 0.23599E-01 0.17902E-01 0.31161E-02  9.3168      1866    .            
 0.31447E-02 0.15946E-01 0.50134E-02 0.23056E-01 0.17895E-01 0.31184E-02  9.3218      1867    .            
 0.30824E-02 0.15576E-01 0.51229E-02 0.22324E-01 0.17888E-01 0.31232E-02  9.3268      1868    .            
 0.30234E-02 0.15141E-01 0.52284E-02 0.21404E-01 0.17881E-01 0.31311E-02  9.3318      1869    .            
 0.29682E-02 0.14655E-01 0.53287E-02 0.20300E-01 0.17874E-01 0.31429E-02  9.3368      1870    .            
 0.29174E-02 0.14134E-01 0.54230E-02 0.19019E-01 0.17867E-01 0.31593E-02  9.3418      1871    .            
 0.28713E-02 0.13596E-01 0.55103E-02 0.17573E-01 0.17860E-01 0.31807E-02  9.3468      1872    .            
 0.28305E-02 0.13059E-01 0.55898E-02 0.15978E-01 0.17852E-01 0.32076E-02  9.3518      1873    .            
 0.27951E-02 0.12543E-01 0.56605E-02 0.14255E-01 0.17844E-01 0.32403E-02  9.3568      1874    .            
 0.27655E-02 0.12071E-01 0.57219E-02 0.12436E-01 0.17836E-01 0.32790E-02  9.3618      1875    .            
 0.27419E-02 0.11666E-01 0.57731E-02 0.10564E-01 0.17827E-01 0.33237E-02  9.3668      1876    .            
 0.27247E-02 0.11349E-01 0.58137E-02 0.87094E-02 0.17818E-01 0.33742E-02  9.3718      1877    .            
 0.27139E-02 0.11140E-01 0.58431E-02 0.69972E-02 0.17808E-01 0.34300E-02  9.3768      1878    .            
 0.27096E-02 0.11055E-01 0.58612E-02 0.56659E-02 0.17798E-01 0.34907E-02  9.3818      1879    .            
 0.27120E-02 0.11102E-01 0.58676E-02 0.51051E-02 0.17788E-01 0.35552E-02  9.3868      1880    .            
 0.27210E-02 0.11283E-01 0.58622E-02 0.55826E-02 0.17777E-01 0.36225E-02  9.3918      1881    .            
 0.27368E-02 0.11590E-01 0.58451E-02 0.68751E-02 0.17765E-01 0.36914E-02  9.3968      1882    .            
 0.27592E-02 0.12010E-01 0.58164E-02 0.85889E-02 0.17753E-01 0.37605E-02  9.4018      1883    .            
 0.27882E-02 0.12525E-01 0.57765E-02 0.10470E-01 0.17741E-01 0.38284E-02  9.4068      1884    .            
 0.28235E-02 0.13114E-01 0.57257E-02 0.12387E-01 0.17728E-01 0.38939E-02  9.4118      1885    .            
 0.28652E-02 0.13756E-01 0.56644E-02 0.14265E-01 0.17714E-01 0.39555E-02  9.4168      1886    .            
 0.29128E-02 0.14430E-01 0.55934E-02 0.16057E-01 0.17701E-01 0.40123E-02  9.4218      1887    .            
 0.29662E-02 0.15116E-01 0.55134E-02 0.17732E-01 0.17686E-01 0.40632E-02  9.4268      1888    .            
 0.30251E-02 0.15794E-01 0.54250E-02 0.19266E-01 0.17672E-01 0.41075E-02  9.4318      1889    .            
 0.30891E-02 0.16448E-01 0.53292E-02 0.20641E-01 0.17657E-01 0.41450E-02  9.4368      1890    .            
 0.31577E-02 0.17060E-01 0.52268E-02 0.21845E-01 0.17642E-01 0.41754E-02  9.4418      1891    .            
 0.32306E-02 0.17615E-01 0.51188E-02 0.22869E-01 0.17627E-01 0.41989E-02  9.4468      1892    .            
 0.33072E-02 0.18099E-01 0.50061E-02 0.23708E-01 0.17612E-01 0.42160E-02  9.4518      1893    .            
 0.33870E-02 0.18499E-01 0.48898E-02 0.24360E-01 0.17596E-01 0.42273E-02  9.4568      1894    .            
 0.34694E-02 0.18802E-01 0.47708E-02 0.24826E-01 0.17581E-01 0.42340E-02  9.4618      1895    .            
 0.35537E-02 0.18997E-01 0.46500E-02 0.25109E-01 0.17565E-01 0.42370E-02  9.4668      1896    .            
 0.36393E-02 0.19074E-01 0.45285E-02 0.25216E-01 0.17550E-01 0.42377E-02  9.4718      1897    .            
 0.37254E-02 0.19026E-01 0.44071E-02 0.25155E-01 0.17535E-01 0.42375E-02  9.4768      1898    .            
 0.38113E-02 0.18846E-01 0.42867E-02 0.24936E-01 0.17519E-01 0.42376E-02  9.4818      1899    .            
 0.38963E-02 0.18530E-01 0.41681E-02 0.24569E-01 0.17504E-01 0.42396E-02  9.4867      1900    .            
 0.39796E-02 0.18074E-01 0.40521E-02 0.24069E-01 0.17488E-01 0.42446E-02  9.4917      1901    .            
 0.40603E-02 0.17480E-01 0.39394E-02 0.23449E-01 0.17473E-01 0.42540E-02  9.4967      1902    .            
 0.41377E-02 0.16750E-01 0.38306E-02 0.22724E-01 0.17457E-01 0.42687E-02  9.5017      1903    .            
 0.42110E-02 0.15891E-01 0.37263E-02 0.21908E-01 0.17442E-01 0.42897E-02  9.5067      1904    .            
 0.42795E-02 0.14913E-01 0.36270E-02 0.21018E-01 0.17426E-01 0.43176E-02  9.5117      1905    .            
 0.43424E-02 0.13829E-01 0.35332E-02 0.20069E-01 0.17410E-01 0.43529E-02  9.5167      1906    .            
 0.43991E-02 0.12661E-01 0.34453E-02 0.19078E-01 0.17394E-01 0.43960E-02  9.5217      1907    .            
 0.44489E-02 0.11436E-01 0.33636E-02 0.18062E-01 0.17377E-01 0.44467E-02  9.5267      1908    .            
 0.44913E-02 0.10193E-01 0.32883E-02 0.17036E-01 0.17360E-01 0.45049E-02  9.5317      1909    .            
 0.45258E-02 0.89894E-02 0.32197E-02 0.16020E-01 0.17343E-01 0.45701E-02  9.5367      1910    .            
 0.45520E-02 0.79075E-02 0.31580E-02 0.15030E-01 0.17325E-01 0.46416E-02  9.5417      1911    .            
 0.45696E-02 0.70628E-02 0.31032E-02 0.14087E-01 0.17307E-01 0.47183E-02  9.5467      1912    .            
 0.45783E-02 0.65936E-02 0.30554E-02 0.13208E-01 0.17289E-01 0.47992E-02  9.5517      1913    .            
 0.45781E-02 0.66071E-02 0.30146E-02 0.12416E-01 0.17269E-01 0.48830E-02  9.5567      1914    .            
 0.45688E-02 0.71054E-02 0.29808E-02 0.11728E-01 0.17250E-01 0.49681E-02  9.5617      1915    .            
 0.45506E-02 0.79851E-02 0.29540E-02 0.11163E-01 0.17230E-01 0.50532E-02  9.5667      1916    .            
 0.45237E-02 0.91105E-02 0.29340E-02 0.10734E-01 0.17209E-01 0.51366E-02  9.5717      1917    .            
 0.44881E-02 0.10367E-01 0.29206E-02 0.10448E-01 0.17188E-01 0.52169E-02  9.5767      1918    .            
 0.44444E-02 0.11673E-01 0.29137E-02 0.10303E-01 0.17166E-01 0.52927E-02  9.5817      1919    .            
 0.43930E-02 0.12971E-01 0.29130E-02 0.10290E-01 0.17144E-01 0.53628E-02  9.5867      1920    .            
 0.43343E-02 0.14221E-01 0.29183E-02 0.10390E-01 0.17122E-01 0.54261E-02  9.5917      1921    .            
 0.42690E-02 0.15394E-01 0.29292E-02 0.10581E-01 0.17099E-01 0.54820E-02  9.5967      1922    .            
 0.41976E-02 0.16469E-01 0.29453E-02 0.10836E-01 0.17076E-01 0.55298E-02  9.6017      1923    .            
 0.41208E-02 0.17431E-01 0.29664E-02 0.11129E-01 0.17053E-01 0.55694E-02  9.6067      1924    .            
 0.40394E-02 0.18267E-01 0.29919E-02 0.11435E-01 0.17029E-01 0.56009E-02  9.6117      1925    .            
 0.39542E-02 0.18972E-01 0.30214E-02 0.11732E-01 0.17006E-01 0.56246E-02  9.6167      1926    .            
 0.38658E-02 0.19540E-01 0.30544E-02 0.12001E-01 0.16982E-01 0.56414E-02  9.6217      1927    .            
 0.37752E-02 0.19971E-01 0.30903E-02 0.12225E-01 0.16958E-01 0.56521E-02  9.6267      1928    .            
 0.36829E-02 0.20264E-01 0.31286E-02 0.12392E-01 0.16934E-01 0.56578E-02  9.6317      1929    .            
 0.35899E-02 0.20425E-01 0.31686E-02 0.12489E-01 0.16911E-01 0.56601E-02  9.6367      1930    .            
 0.34968E-02 0.20457E-01 0.32098E-02 0.12510E-01 0.16887E-01 0.56603E-02  9.6417      1931    .            
 0.34045E-02 0.20369E-01 0.32516E-02 0.12449E-01 0.16863E-01 0.56600E-02  9.6467      1932    .            
 0.33135E-02 0.20169E-01 0.32933E-02 0.12303E-01 0.16839E-01 0.56607E-02  9.6517      1933    .            
 0.32245E-02 0.19867E-01 0.33341E-02 0.12072E-01 0.16815E-01 0.56640E-02  9.6567      1934    .            
 0.31381E-02 0.19474E-01 0.33736E-02 0.11761E-01 0.16791E-01 0.56712E-02  9.6617      1935    .            
 0.30550E-02 0.19002E-01 0.34110E-02 0.11377E-01 0.16768E-01 0.56838E-02  9.6667      1936    .            
 0.29756E-02 0.18465E-01 0.34456E-02 0.10933E-01 0.16744E-01 0.57026E-02  9.6717      1937    .            
 0.29004E-02 0.17876E-01 0.34770E-02 0.10445E-01 0.16720E-01 0.57287E-02  9.6767      1938    .            
 0.28299E-02 0.17249E-01 0.35045E-02 0.99384E-02 0.16695E-01 0.57627E-02  9.6816      1939    .            
 0.27644E-02 0.16600E-01 0.35275E-02 0.94429E-02 0.16671E-01 0.58048E-02  9.6866      1940    .            
 0.27043E-02 0.15944E-01 0.35457E-02 0.89970E-02 0.16646E-01 0.58553E-02  9.6916      1941    .            
 0.26498E-02 0.15296E-01 0.35584E-02 0.86451E-02 0.16621E-01 0.59138E-02  9.6966      1942    .            
 0.26013E-02 0.14674E-01 0.35654E-02 0.84336E-02 0.16596E-01 0.59800E-02  9.7016      1943    .            
 0.25588E-02 0.14093E-01 0.35664E-02 0.84025E-02 0.16570E-01 0.60532E-02  9.7066      1944    .            
 0.25227E-02 0.13570E-01 0.35611E-02 0.85760E-02 0.16544E-01 0.61323E-02  9.7116      1945    .            
 0.24930E-02 0.13119E-01 0.35492E-02 0.89559E-02 0.16517E-01 0.62161E-02  9.7166      1946    .            
 0.24698E-02 0.12755E-01 0.35308E-02 0.95222E-02 0.16490E-01 0.63035E-02  9.7216      1947    .            
 0.24531E-02 0.12488E-01 0.35058E-02 0.10241E-01 0.16463E-01 0.63928E-02  9.7266      1948    .            
 0.24429E-02 0.12324E-01 0.34743E-02 0.11072E-01 0.16434E-01 0.64826E-02  9.7316      1949    .            
 0.24393E-02 0.12266E-01 0.34363E-02 0.11977E-01 0.16406E-01 0.65712E-02  9.7366      1950    .            
 0.24420E-02 0.12310E-01 0.33921E-02 0.12920E-01 0.16377E-01 0.66572E-02  9.7416      1951    .            
 0.24510E-02 0.12447E-01 0.33420E-02 0.13871E-01 0.16347E-01 0.67391E-02  9.7466      1952    .            
 0.24662E-02 0.12666E-01 0.32864E-02 0.14805E-01 0.16317E-01 0.68155E-02  9.7516      1953    .            
 0.24873E-02 0.12952E-01 0.32255E-02 0.15701E-01 0.16287E-01 0.68854E-02  9.7566      1954    .            
 0.25140E-02 0.13287E-01 0.31599E-02 0.16542E-01 0.16256E-01 0.69479E-02  9.7616      1955    .            
 0.25461E-02 0.13654E-01 0.30901E-02 0.17316E-01 0.16225E-01 0.70023E-02  9.7666      1956    .            
 0.25832E-02 0.14035E-01 0.30166E-02 0.18012E-01 0.16194E-01 0.70482E-02  9.7716      1957    .            
 0.26250E-02 0.14414E-01 0.29401E-02 0.18621E-01 0.16162E-01 0.70857E-02  9.7766      1958    .            
 0.26711E-02 0.14775E-01 0.28610E-02 0.19141E-01 0.16131E-01 0.71149E-02  9.7816      1959    .            
 0.27211E-02 0.15103E-01 0.27801E-02 0.19568E-01 0.16099E-01 0.71365E-02  9.7866      1960    .            
 0.27743E-02 0.15384E-01 0.26980E-02 0.19901E-01 0.16067E-01 0.71512E-02  9.7916      1961    .            
 0.28304E-02 0.15608E-01 0.26152E-02 0.20143E-01 0.16035E-01 0.71602E-02  9.7966      1962    .            
 0.28888E-02 0.15763E-01 0.25326E-02 0.20296E-01 0.16003E-01 0.71646E-02  9.8016      1963    .            
 0.29489E-02 0.15840E-01 0.24506E-02 0.20366E-01 0.15971E-01 0.71659E-02  9.8066      1964    .            
 0.30100E-02 0.15832E-01 0.23700E-02 0.20360E-01 0.15939E-01 0.71657E-02  9.8116      1965    .            
 0.30717E-02 0.15732E-01 0.22913E-02 0.20285E-01 0.15907E-01 0.71656E-02  9.8166      1966    .            
 0.31332E-02 0.15538E-01 0.22151E-02 0.20149E-01 0.15876E-01 0.71670E-02  9.8216      1967    .            
 0.31939E-02 0.15247E-01 0.21422E-02 0.19963E-01 0.15844E-01 0.71716E-02  9.8266      1968    .            
 0.32532E-02 0.14861E-01 0.20729E-02 0.19737E-01 0.15812E-01 0.71806E-02  9.8316      1969    .            
 0.33103E-02 0.14382E-01 0.20080E-02 0.19482E-01 0.15780E-01 0.71954E-02  9.8366      1970    .            
 0.33647E-02 0.13816E-01 0.19478E-02 0.19208E-01 0.15748E-01 0.72169E-02  9.8416      1971    .            
 0.34157E-02 0.13174E-01 0.18930E-02 0.18927E-01 0.15715E-01 0.72459E-02  9.8466      1972    .            
 0.34628E-02 0.12471E-01 0.18441E-02 0.18651E-01 0.15683E-01 0.72829E-02  9.8516      1973    .            
 0.35054E-02 0.11723E-01 0.18014E-02 0.18390E-01 0.15650E-01 0.73281E-02  9.8566      1974    .            
 0.35430E-02 0.10958E-01 0.17654E-02 0.18154E-01 0.15618E-01 0.73816E-02  9.8615      1975    .            
 0.35750E-02 0.10206E-01 0.17365E-02 0.17954E-01 0.15584E-01 0.74429E-02  9.8665      1976    .            
 0.36012E-02 0.95093E-02 0.17151E-02 0.17798E-01 0.15551E-01 0.75115E-02  9.8715      1977    .            
 0.36212E-02 0.89147E-02 0.17012E-02 0.17694E-01 0.15517E-01 0.75865E-02  9.8765      1978    .            
 0.36347E-02 0.84754E-02 0.16953E-02 0.17647E-01 0.15483E-01 0.76669E-02  9.8815      1979    .            
 0.36414E-02 0.82404E-02 0.16973E-02 0.17661E-01 0.15448E-01 0.77514E-02  9.8865      1980    .            
 0.36414E-02 0.82420E-02 0.17073E-02 0.17739E-01 0.15413E-01 0.78386E-02  9.8915      1981    .            
 0.36345E-02 0.84843E-02 0.17254E-02 0.17881E-01 0.15377E-01 0.79271E-02  9.8965      1982    .            
 0.36207E-02 0.89425E-02 0.17512E-02 0.18084E-01 0.15341E-01 0.80152E-02  9.9015      1983    .            
 0.36003E-02 0.95721E-02 0.17848E-02 0.18346E-01 0.15304E-01 0.81016E-02  9.9065      1984    .            
 0.35733E-02 0.10322E-01 0.18258E-02 0.18660E-01 0.15267E-01 0.81846E-02  9.9115      1985    .            
 0.35400E-02 0.11143E-01 0.18740E-02 0.19019E-01 0.15230E-01 0.82631E-02  9.9165      1986    .            
 0.35008E-02 0.11993E-01 0.19291E-02 0.19415E-01 0.15192E-01 0.83357E-02  9.9215      1987    .            
 0.34560E-02 0.12840E-01 0.19907E-02 0.19837E-01 0.15154E-01 0.84014E-02  9.9265      1988    .            
 0.34061E-02 0.13655E-01 0.20584E-02 0.20276E-01 0.15115E-01 0.84596E-02  9.9315      1989    .            
 0.33517E-02 0.14417E-01 0.21319E-02 0.20720E-01 0.15076E-01 0.85097E-02  9.9365      1990    .            
 0.32932E-02 0.15112E-01 0.22106E-02 0.21157E-01 0.15037E-01 0.85515E-02  9.9415      1991    .            
 0.32312E-02 0.15726E-01 0.22942E-02 0.21575E-01 0.14998E-01 0.85851E-02  9.9465      1992    .            
 0.31664E-02 0.16251E-01 0.23822E-02 0.21962E-01 0.14959E-01 0.86109E-02  9.9515      1993    .            
 0.30993E-02 0.16682E-01 0.24741E-02 0.22306E-01 0.14919E-01 0.86294E-02  9.9565      1994    .            
 0.30306E-02 0.17016E-01 0.25693E-02 0.22594E-01 0.14880E-01 0.86416E-02  9.9615      1995    .            
 0.29610E-02 0.17253E-01 0.26674E-02 0.22816E-01 0.14840E-01 0.86486E-02  9.9665      1996    .            
 0.28911E-02 0.17394E-01 0.27677E-02 0.22959E-01 0.14800E-01 0.86517E-02  9.9715      1997    .            
 0.28216E-02 0.17444E-01 0.28696E-02 0.23013E-01 0.14761E-01 0.86523E-02  9.9765      1998    .            
 0.27530E-02 0.17409E-01 0.29725E-02 0.22970E-01 0.14721E-01 0.86519E-02  9.9815      1999    .            
 0.26859E-02 0.17295E-01 0.30757E-02 0.22821E-01 0.14682E-01 0.86520E-02  9.9865      2000    .            
 0.26210E-02 0.17110E-01 0.31786E-02 0.22560E-01 0.14642E-01 0.86542E-02  9.9915      2001    .            
 0.25588E-02 0.16865E-01 0.32804E-02 0.22182E-01 0.14603E-01 0.86599E-02  9.9965      2002    .            
 0.24998E-02 0.16571E-01 0.33804E-02 0.21683E-01 0.14563E-01 0.86703E-02  10.001      2003    .            
 0.24445E-02 0.16238E-01 0.34780E-02 0.21063E-01 0.14524E-01 0.86865E-02  10.006      2004    .            
 0.23933E-02 0.15880E-01 0.35724E-02 0.20324E-01 0.14484E-01 0.87094E-02  10.011      2005    .            
 0.23468E-02 0.15511E-01 0.36629E-02 0.19469E-01 0.14444E-01 0.87397E-02  10.016      2006    .            
 0.23052E-02 0.15143E-01 0.37488E-02 0.18505E-01 0.14404E-01 0.87777E-02  10.021      2007    .            
 0.22689E-02 0.14791E-01 0.38295E-02 0.17441E-01 0.14364E-01 0.88236E-02  10.026      2008    .            
 0.22383E-02 0.14470E-01 0.39045E-02 0.16291E-01 0.14323E-01 0.88771E-02  10.031      2009    .            
 0.22135E-02 0.14193E-01 0.39731E-02 0.15071E-01 0.14283E-01 0.89379E-02  10.036      2010    .            
 0.21949E-02 0.13972E-01 0.40349E-02 0.13803E-01 0.14241E-01 0.90053E-02  10.041      2011    .            
 0.21826E-02 0.13820E-01 0.40894E-02 0.12513E-01 0.14200E-01 0.90784E-02  10.046      2012    .            
 0.21767E-02 0.13744E-01 0.41363E-02 0.11237E-01 0.14158E-01 0.91561E-02  10.051      2013    .            
 0.21773E-02 0.13752E-01 0.41753E-02 0.10018E-01 0.14116E-01 0.92372E-02  10.056      2014    .            
 0.21846E-02 0.13845E-01 0.42063E-02 0.89144E-02 0.14073E-01 0.93202E-02  10.061      2015    .            
 0.21984E-02 0.14023E-01 0.42291E-02 0.79997E-02 0.14030E-01 0.94039E-02  10.066      2016    .            
 0.22188E-02 0.14281E-01 0.42437E-02 0.73557E-02 0.13987E-01 0.94866E-02  10.071      2017    .            
 0.22458E-02 0.14612E-01 0.42503E-02 0.70523E-02 0.13943E-01 0.95671E-02  10.076      2018    .            
 0.22790E-02 0.15006E-01 0.42490E-02 0.71127E-02 0.13898E-01 0.96440E-02  10.081      2019    .            
 0.23185E-02 0.15451E-01 0.42400E-02 0.74946E-02 0.13853E-01 0.97160E-02  10.086      2020    .            
 0.23640E-02 0.15934E-01 0.42237E-02 0.81115E-02 0.13808E-01 0.97821E-02  10.091      2021    .            
 0.24153E-02 0.16442E-01 0.42006E-02 0.88688E-02 0.13763E-01 0.98415E-02  10.096      2022    .            
 0.24721E-02 0.16961E-01 0.41711E-02 0.96868E-02 0.13717E-01 0.98936E-02  10.101      2023    .            
 0.25340E-02 0.17475E-01 0.41357E-02 0.10506E-01 0.13671E-01 0.99379E-02  10.106      2024    .            
 0.26007E-02 0.17973E-01 0.40951E-02 0.11283E-01 0.13625E-01 0.99745E-02  10.111      2025    .            
 0.26719E-02 0.18439E-01 0.40500E-02 0.11989E-01 0.13579E-01 0.10003E-01  10.116      2026    .            
 0.27470E-02 0.18861E-01 0.40010E-02 0.12602E-01 0.13532E-01 0.10025E-01  10.121      2027    .            
 0.28256E-02 0.19226E-01 0.39489E-02 0.13108E-01 0.13486E-01 0.10040E-01  10.126      2028    .            
 0.29072E-02 0.19522E-01 0.38943E-02 0.13499E-01 0.13439E-01 0.10050E-01  10.131      2029    .            
 0.29912E-02 0.19738E-01 0.38382E-02 0.13770E-01 0.13393E-01 0.10055E-01  10.136      2030    .            
 0.30770E-02 0.19863E-01 0.37812E-02 0.13919E-01 0.13346E-01 0.10057E-01  10.141      2031    .            
 0.31641E-02 0.19889E-01 0.37240E-02 0.13949E-01 0.13300E-01 0.10057E-01  10.146      2032    .            
 0.32517E-02 0.19808E-01 0.36675E-02 0.13863E-01 0.13253E-01 0.10057E-01  10.151      2033    .            
 0.33392E-02 0.19613E-01 0.36122E-02 0.13670E-01 0.13207E-01 0.10057E-01  10.156      2034    .            
 0.34258E-02 0.19301E-01 0.35590E-02 0.13377E-01 0.13161E-01 0.10060E-01  10.161      2035    .            
 0.35110E-02 0.18868E-01 0.35085E-02 0.12998E-01 0.13114E-01 0.10067E-01  10.166      2036    .            
 0.35939E-02 0.18315E-01 0.34612E-02 0.12545E-01 0.13068E-01 0.10078E-01  10.171      2037    .            
 0.36738E-02 0.17643E-01 0.34178E-02 0.12037E-01 0.13021E-01 0.10095E-01  10.176      2038    .            
 0.37501E-02 0.16858E-01 0.33788E-02 0.11494E-01 0.12975E-01 0.10118E-01  10.181      2039    .            
 0.38220E-02 0.15967E-01 0.33447E-02 0.10941E-01 0.12928E-01 0.10148E-01  10.186      2040    .            
 0.38890E-02 0.14983E-01 0.33159E-02 0.10406E-01 0.12881E-01 0.10185E-01  10.191      2041    .            
 0.39504E-02 0.13920E-01 0.32929E-02 0.99225E-02 0.12834E-01 0.10229E-01  10.196      2042    .            
 0.40056E-02 0.12801E-01 0.32761E-02 0.95290E-02 0.12787E-01 0.10281E-01  10.201      2043    .            
 0.40542E-02 0.11652E-01 0.32656E-02 0.92641E-02 0.12739E-01 0.10338E-01  10.206      2044    .            
 0.40957E-02 0.10511E-01 0.32619E-02 0.91630E-02 0.12691E-01 0.10402E-01  10.211      2045    .            
 0.41297E-02 0.94273E-02 0.32651E-02 0.92511E-02 0.12643E-01 0.10470E-01  10.216      2046    .            
 0.41560E-02 0.84663E-02 0.32754E-02 0.95381E-02 0.12594E-01 0.10542E-01  10.221      2047    .            
 0.41743E-02 0.77106E-02 0.32929E-02 0.10017E-01 0.12546E-01 0.10616E-01  10.226      2048    .            
 0.41846E-02 0.72485E-02 0.33178E-02 0.10667E-01 0.12496E-01 0.10692E-01  10.231      2049    .            
 0.41868E-02 0.71462E-02 0.33501E-02 0.11458E-01 0.12447E-01 0.10768E-01  10.236      2050    .            
 0.41810E-02 0.74115E-02 0.33897E-02 0.12361E-01 0.12397E-01 0.10843E-01  10.241      2051    .            
 0.41672E-02 0.79876E-02 0.34367E-02 0.13343E-01 0.12346E-01 0.10915E-01  10.246      2052    .            
 0.41459E-02 0.87837E-02 0.34908E-02 0.14378E-01 0.12295E-01 0.10983E-01  10.251      2053    .            
 0.41172E-02 0.97099E-02 0.35521E-02 0.15440E-01 0.12244E-01 0.11046E-01  10.256      2054    .            
 0.40816E-02 0.10693E-01 0.36202E-02 0.16507E-01 0.12193E-01 0.11104E-01  10.261      2055    .            
 0.40395E-02 0.11680E-01 0.36949E-02 0.17557E-01 0.12141E-01 0.11156E-01  10.266      2056    .            
 0.39914E-02 0.12629E-01 0.37758E-02 0.18572E-01 0.12089E-01 0.11201E-01  10.271      2057    .            
 0.39380E-02 0.13513E-01 0.38627E-02 0.19534E-01 0.12037E-01 0.11239E-01  10.276      2058    .            
 0.38799E-02 0.14311E-01 0.39549E-02 0.20426E-01 0.11985E-01 0.11269E-01  10.281      2059    .            
 0.38177E-02 0.15008E-01 0.40521E-02 0.21232E-01 0.11933E-01 0.11293E-01  10.286      2060    .            
 0.37522E-02 0.15594E-01 0.41537E-02 0.21936E-01 0.11880E-01 0.11311E-01  10.291      2061    .            
 0.36840E-02 0.16062E-01 0.42590E-02 0.22522E-01 0.11828E-01 0.11323E-01  10.296      2062    .            
 0.36139E-02 0.16410E-01 0.43674E-02 0.22978E-01 0.11775E-01 0.11330E-01  10.301      2063    .            
 0.35427E-02 0.16637E-01 0.44780E-02 0.23290E-01 0.11723E-01 0.11334E-01  10.306      2064    .            
 0.34709E-02 0.16745E-01 0.45901E-02 0.23446E-01 0.11671E-01 0.11335E-01  10.311      2065    .            
 0.33994E-02 0.16739E-01 0.47029E-02 0.23436E-01 0.11618E-01 0.11335E-01  10.316      2066    .            
 0.33288E-02 0.16625E-01 0.48153E-02 0.23251E-01 0.11566E-01 0.11335E-01  10.321      2067    .            
 0.32598E-02 0.16411E-01 0.49265E-02 0.22886E-01 0.11513E-01 0.11336E-01  10.326      2068    .            
 0.31930E-02 0.16106E-01 0.50355E-02 0.22335E-01 0.11461E-01 0.11339E-01  10.331      2069    .            
 0.31291E-02 0.15722E-01 0.51414E-02 0.21598E-01 0.11409E-01 0.11346E-01  10.336      2070    .            
 0.30685E-02 0.15271E-01 0.52431E-02 0.20675E-01 0.11357E-01 0.11357E-01  10.341      2071    .            
 0.30118E-02 0.14767E-01 0.53397E-02 0.19572E-01 0.11304E-01 0.11373E-01  10.346      2072    .            
 0.29594E-02 0.14227E-01 0.54303E-02 0.18296E-01 0.11252E-01 0.11395E-01  10.351      2073    .            
 0.29118E-02 0.13667E-01 0.55138E-02 0.16859E-01 0.11199E-01 0.11424E-01  10.356      2074    .            
 0.28693E-02 0.13106E-01 0.55896E-02 0.15279E-01 0.11147E-01 0.11458E-01  10.361      2075    .            
 0.28324E-02 0.12564E-01 0.56567E-02 0.13579E-01 0.11094E-01 0.11499E-01  10.366      2076    .            
 0.28013E-02 0.12063E-01 0.57144E-02 0.11791E-01 0.11041E-01 0.11545E-01  10.371      2077    .            
 0.27762E-02 0.11627E-01 0.57621E-02 0.99638E-02 0.10988E-01 0.11597E-01  10.376      2078    .            
 0.27574E-02 0.11278E-01 0.57993E-02 0.81772E-02 0.10934E-01 0.11654E-01  10.381      2079    .            
 0.27450E-02 0.11035E-01 0.58255E-02 0.65755E-02 0.10881E-01 0.11715E-01  10.386      2080    .            
 0.27391E-02 0.10917E-01 0.58403E-02 0.54317E-02 0.10826E-01 0.11778E-01  10.391      2081    .            
 0.27399E-02 0.10933E-01 0.58437E-02 0.51347E-02 0.10772E-01 0.11844E-01  10.396      2082    .            
 0.27474E-02 0.11084E-01 0.58354E-02 0.58387E-02 0.10717E-01 0.11910E-01  10.401      2083    .            
 0.27615E-02 0.11365E-01 0.58156E-02 0.72454E-02 0.10662E-01 0.11975E-01  10.406      2084    .            
 0.27822E-02 0.11763E-01 0.57844E-02 0.89968E-02 0.10607E-01 0.12040E-01  10.411      2085    .            
 0.28095E-02 0.12259E-01 0.57421E-02 0.10881E-01 0.10552E-01 0.12101E-01  10.416      2086    .            
 0.28431E-02 0.12832E-01 0.56890E-02 0.12785E-01 0.10496E-01 0.12159E-01  10.421      2087    .            
 0.28830E-02 0.13461E-01 0.56258E-02 0.14642E-01 0.10440E-01 0.12213E-01  10.426      2088    .            
 0.29289E-02 0.14123E-01 0.55529E-02 0.16412E-01 0.10383E-01 0.12261E-01  10.431      2089    .            
 0.29805E-02 0.14799E-01 0.54710E-02 0.18064E-01 0.10327E-01 0.12304E-01  10.436      2090    .            
 0.30376E-02 0.15469E-01 0.53810E-02 0.19575E-01 0.10270E-01 0.12341E-01  10.441      2091    .            
 0.30997E-02 0.16116E-01 0.52837E-02 0.20930E-01 0.10213E-01 0.12372E-01  10.446      2092    .            
 0.31665E-02 0.16722E-01 0.51799E-02 0.22116E-01 0.10156E-01 0.12397E-01  10.451      2093    .            
 0.32375E-02 0.17272E-01 0.50706E-02 0.23125E-01 0.10099E-01 0.12416E-01  10.456      2094    .            
 0.33122E-02 0.17752E-01 0.49567E-02 0.23952E-01 0.10042E-01 0.12429E-01  10.461      2095    .            
 0.33901E-02 0.18148E-01 0.48392E-02 0.24595E-01 0.99855E-02 0.12438E-01  10.466      2096    .            
 0.34705E-02 0.18449E-01 0.47190E-02 0.25055E-01 0.99285E-02 0.12444E-01  10.471      2097    .            
 0.35529E-02 0.18644E-01 0.45972E-02 0.25336E-01 0.98715E-02 0.12446E-01  10.476      2098    .            
 0.36366E-02 0.18723E-01 0.44746E-02 0.25443E-01 0.98147E-02 0.12447E-01  10.481      2099    .            
 0.37208E-02 0.18677E-01 0.43521E-02 0.25386E-01 0.97578E-02 0.12446E-01  10.486      2100    .            
 0.38048E-02 0.18502E-01 0.42306E-02 0.25174E-01 0.97011E-02 0.12446E-01  10.491      2101    .            
 0.38879E-02 0.18193E-01 0.41108E-02 0.24818E-01 0.96444E-02 0.12447E-01  10.496      2102    .            
 0.39694E-02 0.17747E-01 0.39936E-02 0.24332E-01 0.95877E-02 0.12451E-01  10.501      2103    .            
 0.40483E-02 0.17165E-01 0.38796E-02 0.23728E-01 0.95311E-02 0.12457E-01  10.506      2104    .            
 0.41240E-02 0.16450E-01 0.37695E-02 0.23022E-01 0.94745E-02 0.12468E-01  10.511      2105    .            
 0.41956E-02 0.15608E-01 0.36638E-02 0.22228E-01 0.94179E-02 0.12483E-01  10.516      2106    .            
 0.42625E-02 0.14650E-01 0.35630E-02 0.21362E-01 0.93613E-02 0.12502E-01  10.521      2107    .            
 0.43240E-02 0.13590E-01 0.34675E-02 0.20439E-01 0.93047E-02 0.12527E-01  10.526      2108    .            
 0.43793E-02 0.12448E-01 0.33778E-02 0.19475E-01 0.92479E-02 0.12557E-01  10.531      2109    .            
 0.44279E-02 0.11252E-01 0.32942E-02 0.18486E-01 0.91910E-02 0.12592E-01  10.536      2110    .            
 0.44691E-02 0.10043E-01 0.32169E-02 0.17488E-01 0.91340E-02 0.12632E-01  10.541      2111    .            
 0.45026E-02 0.88763E-02 0.31461E-02 0.16499E-01 0.90769E-02 0.12676E-01  10.546      2112    .            
 0.45280E-02 0.78348E-02 0.30821E-02 0.15534E-01 0.90196E-02 0.12724E-01  10.551      2113    .            
 0.45448E-02 0.70322E-02 0.30248E-02 0.14612E-01 0.89620E-02 0.12774E-01  10.556      2114    .            
 0.45529E-02 0.66010E-02 0.29744E-02 0.13750E-01 0.89043E-02 0.12827E-01  10.561      2115    .            
 0.45522E-02 0.66401E-02 0.29309E-02 0.12966E-01 0.88464E-02 0.12881E-01  10.566      2116    .            
 0.45426E-02 0.71468E-02 0.28942E-02 0.12277E-01 0.87882E-02 0.12935E-01  10.571      2117    .            
 0.45242E-02 0.80206E-02 0.28643E-02 0.11697E-01 0.87298E-02 0.12989E-01  10.576      2118    .            
 0.44971E-02 0.91322E-02 0.28411E-02 0.11240E-01 0.86712E-02 0.13041E-01  10.581      2119    .            
 0.44617E-02 0.10372E-01 0.28245E-02 0.10911E-01 0.86124E-02 0.13090E-01  10.586      2120    .            
 0.44181E-02 0.11661E-01 0.28142E-02 0.10712E-01 0.85535E-02 0.13137E-01  10.591      2121    .            
 0.43668E-02 0.12943E-01 0.28100E-02 0.10635E-01 0.84944E-02 0.13179E-01  10.596      2122    .            
 0.43084E-02 0.14180E-01 0.28116E-02 0.10665E-01 0.84351E-02 0.13217E-01  10.601      2123    .            
 0.42434E-02 0.15342E-01 0.28189E-02 0.10785E-01 0.83758E-02 0.13251E-01  10.606      2124    .            
 0.41724E-02 0.16409E-01 0.28313E-02 0.10972E-01 0.83164E-02 0.13280E-01  10.611      2125    .            
 0.40961E-02 0.17366E-01 0.28486E-02 0.11202E-01 0.82569E-02 0.13303E-01  10.616      2126    .            
 0.40151E-02 0.18201E-01 0.28703E-02 0.11452E-01 0.81975E-02 0.13322E-01  10.621      2127    .            
 0.39303E-02 0.18906E-01 0.28960E-02 0.11703E-01 0.81380E-02 0.13336E-01  10.626      2128    .            
 0.38424E-02 0.19477E-01 0.29252E-02 0.11936E-01 0.80786E-02 0.13346E-01  10.631      2129    .            
 0.37521E-02 0.19913E-01 0.29574E-02 0.12134E-01 0.80193E-02 0.13353E-01  10.636      2130    .            
 0.36602E-02 0.20214E-01 0.29920E-02 0.12284E-01 0.79601E-02 0.13357E-01  10.641      2131    .            
 0.35675E-02 0.20384E-01 0.30285E-02 0.12375E-01 0.79009E-02 0.13358E-01  10.646      2132    .            
 0.34747E-02 0.20428E-01 0.30663E-02 0.12401E-01 0.78419E-02 0.13358E-01  10.651      2133    .            
 0.33826E-02 0.20352E-01 0.31048E-02 0.12353E-01 0.77830E-02 0.13358E-01  10.656      2134    .            
 0.32917E-02 0.20166E-01 0.31434E-02 0.12231E-01 0.77242E-02 0.13358E-01  10.661      2135    .            
 0.32028E-02 0.19878E-01 0.31814E-02 0.12034E-01 0.76656E-02 0.13359E-01  10.666      2136    .            
 0.31165E-02 0.19501E-01 0.32183E-02 0.11766E-01 0.76070E-02 0.13362E-01  10.671      2137    .            
 0.30333E-02 0.19045E-01 0.32534E-02 0.11432E-01 0.75486E-02 0.13368E-01  10.676      2138    .            
 0.29538E-02 0.18524E-01 0.32860E-02 0.11045E-01 0.74903E-02 0.13376E-01  10.681      2139    .            
 0.28784E-02 0.17951E-01 0.33158E-02 0.10619E-01 0.74320E-02 0.13388E-01  10.686      2140    .            
 0.28075E-02 0.17340E-01 0.33420E-02 0.10176E-01 0.73739E-02 0.13404E-01  10.691      2141    .            
 0.27417E-02 0.16706E-01 0.33641E-02 0.97410E-02 0.73157E-02 0.13424E-01  10.696      2142    .            
 0.26811E-02 0.16064E-01 0.33818E-02 0.93470E-02 0.72576E-02 0.13448E-01  10.701      2143    .            
 0.26261E-02 0.15429E-01 0.33945E-02 0.90303E-02 0.71995E-02 0.13475E-01  10.706      2144    .            
 0.25770E-02 0.14817E-01 0.34019E-02 0.88288E-02 0.71413E-02 0.13506E-01  10.711      2145    .            
 0.25339E-02 0.14245E-01 0.34037E-02 0.87760E-02 0.70832E-02 0.13540E-01  10.716      2146    .            
 0.24970E-02 0.13727E-01 0.33997E-02 0.88943E-02 0.70249E-02 0.13576E-01  10.721      2147    .            
 0.24665E-02 0.13279E-01 0.33897E-02 0.91899E-02 0.69667E-02 0.13615E-01  10.726      2148    .            
 0.24425E-02 0.12913E-01 0.33735E-02 0.96519E-02 0.69084E-02 0.13654E-01  10.731      2149    .            
 0.24249E-02 0.12640E-01 0.33512E-02 0.10256E-01 0.68500E-02 0.13695E-01  10.736      2150    .            
 0.24138E-02 0.12467E-01 0.33227E-02 0.10971E-01 0.67915E-02 0.13735E-01  10.741      2151    .            
 0.24092E-02 0.12396E-01 0.32883E-02 0.11762E-01 0.67331E-02 0.13775E-01  10.746      2152    .            
 0.24110E-02 0.12424E-01 0.32480E-02 0.12600E-01 0.66745E-02 0.13814E-01  10.751      2153    .            
 0.24191E-02 0.12544E-01 0.32022E-02 0.13454E-01 0.66160E-02 0.13850E-01  10.756      2154    .            
 0.24332E-02 0.12745E-01 0.31512E-02 0.14301E-01 0.65575E-02 0.13884E-01  10.761      2155    .            
 0.24533E-02 0.13014E-01 0.30953E-02 0.15121E-01 0.64989E-02 0.13915E-01  10.766      2156    .            
 0.24791E-02 0.13333E-01 0.30350E-02 0.15897E-01 0.64405E-02 0.13942E-01  10.771      2157    .            
 0.25102E-02 0.13685E-01 0.29707E-02 0.16614E-01 0.63821E-02 0.13966E-01  10.776      2158    .            
 0.25464E-02 0.14055E-01 0.29030E-02 0.17263E-01 0.63238E-02 0.13987E-01  10.781      2159    .            
 0.25874E-02 0.14426E-01 0.28324E-02 0.17836E-01 0.62656E-02 0.14003E-01  10.786      2160    .            
 0.26327E-02 0.14781E-01 0.27595E-02 0.18326E-01 0.62076E-02 0.14017E-01  10.791      2161    .            
 0.26818E-02 0.15107E-01 0.26848E-02 0.18733E-01 0.61497E-02 0.14026E-01  10.796      2162    .            
 0.27344E-02 0.15390E-01 0.26091E-02 0.19053E-01 0.60921E-02 0.14033E-01  10.801      2163    .            
 0.27899E-02 0.15619E-01 0.25329E-02 0.19289E-01 0.60347E-02 0.14038E-01  10.806      2164    .            
 0.28478E-02 0.15782E-01 0.24568E-02 0.19443E-01 0.59776E-02 0.14040E-01  10.811      2165    .            
 0.29074E-02 0.15870E-01 0.23816E-02 0.19519E-01 0.59207E-02 0.14041E-01  10.816      2166    .            
 0.29683E-02 0.15876E-01 0.23077E-02 0.19524E-01 0.58641E-02 0.14041E-01  10.821      2167    .            
 0.30299E-02 0.15793E-01 0.22358E-02 0.19465E-01 0.58078E-02 0.14040E-01  10.826      2168    .            
 0.30914E-02 0.15619E-01 0.21665E-02 0.19350E-01 0.57518E-02 0.14040E-01  10.831      2169    .            
 0.31522E-02 0.15350E-01 0.21005E-02 0.19189E-01 0.56961E-02 0.14041E-01  10.836      2170    .            
 0.32118E-02 0.14986E-01 0.20381E-02 0.18990E-01 0.56408E-02 0.14043E-01  10.841      2171    .            
 0.32694E-02 0.14531E-01 0.19801E-02 0.18764E-01 0.55857E-02 0.14047E-01  10.846      2172    .            
 0.33244E-02 0.13990E-01 0.19269E-02 0.18524E-01 0.55309E-02 0.14053E-01  10.851      2173    .            
 0.33763E-02 0.13371E-01 0.18791E-02 0.18278E-01 0.54765E-02 0.14061E-01  10.856      2174    .            
 0.34244E-02 0.12689E-01 0.18371E-02 0.18039E-01 0.54223E-02 0.14071E-01  10.861      2175    .            
 0.34682E-02 0.11959E-01 0.18013E-02 0.17817E-01 0.53685E-02 0.14084E-01  10.866      2176    .            
 0.35072E-02 0.11204E-01 0.17721E-02 0.17623E-01 0.53149E-02 0.14099E-01  10.871      2177    .            
 0.35408E-02 0.10454E-01 0.17500E-02 0.17466E-01 0.52616E-02 0.14117E-01  10.876      2178    .            
 0.35688E-02 0.97457E-02 0.17351E-02 0.17354E-01 0.52085E-02 0.14137E-01  10.881      2179    .            
 0.35907E-02 0.91232E-02 0.17277E-02 0.17296E-01 0.51558E-02 0.14159E-01  10.886      2180    .            
 0.36062E-02 0.86365E-02 0.17280E-02 0.17296E-01 0.51033E-02 0.14182E-01  10.891      2181    .            
 0.36152E-02 0.83346E-02 0.17360E-02 0.17359E-01 0.50511E-02 0.14207E-01  10.896      2182    .            
 0.36175E-02 0.82543E-02 0.17517E-02 0.17487E-01 0.49991E-02 0.14232E-01  10.901      2183    .            
 0.36131E-02 0.84088E-02 0.17752E-02 0.17678E-01 0.49475E-02 0.14257E-01  10.906      2184    .            
 0.36019E-02 0.87829E-02 0.18062E-02 0.17932E-01 0.48962E-02 0.14283E-01  10.911      2185    .            
 0.35841E-02 0.93391E-02 0.18446E-02 0.18243E-01 0.48452E-02 0.14308E-01  10.916      2186    .            
 0.35598E-02 0.10029E-01 0.18903E-02 0.18607E-01 0.47946E-02 0.14331E-01  10.921      2187    .            
 0.35292E-02 0.10804E-01 0.19429E-02 0.19015E-01 0.47443E-02 0.14354E-01  10.926      2188    .            
 0.34927E-02 0.11622E-01 0.20021E-02 0.19458E-01 0.46945E-02 0.14375E-01  10.931      2189    .            
 0.34507E-02 0.12445E-01 0.20677E-02 0.19927E-01 0.46451E-02 0.14393E-01  10.936      2190    .            
 0.34035E-02 0.13247E-01 0.21392E-02 0.20412E-01 0.45962E-02 0.14410E-01  10.941      2191    .            
 0.33516E-02 0.14004E-01 0.22164E-02 0.20899E-01 0.45477E-02 0.14425E-01  10.946      2192    .            
 0.32957E-02 0.14699E-01 0.22987E-02 0.21379E-01 0.44998E-02 0.14437E-01  10.951      2193    .            
 0.32362E-02 0.15319E-01 0.23859E-02 0.21837E-01 0.44525E-02 0.14447E-01  10.956      2194    .            
 0.31737E-02 0.15854E-01 0.24773E-02 0.22263E-01 0.44059E-02 0.14455E-01  10.961      2195    .            
 0.31089E-02 0.16298E-01 0.25727E-02 0.22643E-01 0.43598E-02 0.14461E-01  10.966      2196    .            
 0.30424E-02 0.16647E-01 0.26714E-02 0.22965E-01 0.43145E-02 0.14465E-01  10.971      2197    .            
 0.29748E-02 0.16902E-01 0.27730E-02 0.23217E-01 0.42699E-02 0.14468E-01  10.976      2198    .            
 0.29068E-02 0.17062E-01 0.28768E-02 0.23388E-01 0.42260E-02 0.14469E-01  10.981      2199    .            
 0.28390E-02 0.17131E-01 0.29822E-02 0.23468E-01 0.41829E-02 0.14470E-01  10.986      2200    .            
 0.27720E-02 0.17114E-01 0.30886E-02 0.23446E-01 0.41406E-02 0.14470E-01  10.991      2201    .            
 0.27064E-02 0.17017E-01 0.31954E-02 0.23314E-01 0.40992E-02 0.14469E-01  10.996      2202    .            
 0.26428E-02 0.16850E-01 0.33018E-02 0.23066E-01 0.40586E-02 0.14469E-01  11.001      2203    .            
 0.25818E-02 0.16620E-01 0.34072E-02 0.22695E-01 0.40190E-02 0.14469E-01  11.006      2204    .            
 0.25238E-02 0.16340E-01 0.35108E-02 0.22199E-01 0.39802E-02 0.14469E-01  11.011      2205    .            
 0.24695E-02 0.16019E-01 0.36119E-02 0.21577E-01 0.39423E-02 0.14470E-01  11.016      2206    .            
 0.24191E-02 0.15671E-01 0.37098E-02 0.20828E-01 0.39054E-02 0.14471E-01  11.021      2207    .            
 0.23732E-02 0.15309E-01 0.38037E-02 0.19958E-01 0.38695E-02 0.14474E-01  11.026      2208    .            
 0.23322E-02 0.14947E-01 0.38929E-02 0.18972E-01 0.38345E-02 0.14478E-01  11.031      2209    .            
 0.22964E-02 0.14598E-01 0.39769E-02 0.17879E-01 0.38005E-02 0.14482E-01  11.036      2210    .            
 0.22661E-02 0.14279E-01 0.40549E-02 0.16692E-01 0.37675E-02 0.14488E-01  11.041      2211    .            
 0.22416E-02 0.14001E-01 0.41264E-02 0.15426E-01 0.37356E-02 0.14494E-01  11.046      2212    .            
 0.22231E-02 0.13780E-01 0.41910E-02 0.14103E-01 0.37046E-02 0.14501E-01  11.051      2213    .            
 0.22108E-02 0.13626E-01 0.42480E-02 0.12749E-01 0.36748E-02 0.14509E-01  11.056      2214    .            
 0.22049E-02 0.13549E-01 0.42972E-02 0.11397E-01 0.36460E-02 0.14518E-01  11.061      2215    .            
 0.22054E-02 0.13556E-01 0.43382E-02 0.10093E-01 0.36183E-02 0.14527E-01  11.066      2216    .            
 0.22125E-02 0.13649E-01 0.43709E-02 0.88949E-02 0.35917E-02 0.14536E-01  11.071      2217    .            
 0.22262E-02 0.13829E-01 0.43952E-02 0.78822E-02 0.35663E-02 0.14545E-01  11.076      2218    .            
 0.22464E-02 0.14091E-01 0.44109E-02 0.71494E-02 0.35421E-02 0.14554E-01  11.081      2219    .            
 0.22730E-02 0.14428E-01 0.44183E-02 0.67862E-02 0.35190E-02 0.14563E-01  11.086      2220    .            
 0.23060E-02 0.14830E-01 0.44173E-02 0.68319E-02 0.34973E-02 0.14572E-01  11.091      2221    .            
 0.23453E-02 0.15285E-01 0.44084E-02 0.72447E-02 0.34767E-02 0.14580E-01  11.096      2222    .            
 0.23905E-02 0.15781E-01 0.43918E-02 0.79240E-02 0.34575E-02 0.14587E-01  11.101      2223    .            
 0.24416E-02 0.16304E-01 0.43679E-02 0.87599E-02 0.34397E-02 0.14594E-01  11.106      2224    .            
 0.24981E-02 0.16839E-01 0.43372E-02 0.96622E-02 0.34232E-02 0.14601E-01  11.111      2225    .            
 0.25599E-02 0.17372E-01 0.43004E-02 0.10566E-01 0.34081E-02 0.14606E-01  11.116      2226    .            
 0.26266E-02 0.17890E-01 0.42579E-02 0.11424E-01 0.33945E-02 0.14611E-01  11.121      2227    .            
 0.26978E-02 0.18378E-01 0.42105E-02 0.12206E-01 0.33823E-02 0.14615E-01  11.126      2228    .            
 0.27731E-02 0.18824E-01 0.41589E-02 0.12891E-01 0.33717E-02 0.14618E-01  11.131      2229    .            
 0.28519E-02 0.19213E-01 0.41038E-02 0.13462E-01 0.33625E-02 0.14621E-01  11.136      2230    .            
 0.29338E-02 0.19535E-01 0.40460E-02 0.13911E-01 0.33549E-02 0.14623E-01  11.141      2231    .            
 0.30183E-02 0.19778E-01 0.39862E-02 0.14233E-01 0.33489E-02 0.14624E-01  11.146      2232    .            
 0.31047E-02 0.19931E-01 0.39253E-02 0.14426E-01 0.33445E-02 0.14625E-01  11.151      2233    .            
 0.31925E-02 0.19986E-01 0.38640E-02 0.14491E-01 0.33416E-02 0.14626E-01  11.156      2234    .            
 0.32810E-02 0.19933E-01 0.38031E-02 0.14432E-01 0.33404E-02 0.14625E-01  11.161      2235    .            
 0.33695E-02 0.19766E-01 0.37433E-02 0.14255E-01 0.33407E-02 0.14625E-01  11.166      2236    .            
 0.34573E-02 0.19481E-01 0.36853E-02 0.13970E-01 0.33427E-02 0.14623E-01  11.171      2237    .            
 0.35437E-02 0.19074E-01 0.36299E-02 0.13587E-01 0.33462E-02 0.14622E-01  11.176      2238    .            
 0.36280E-02 0.18545E-01 0.35775E-02 0.13120E-01 0.33513E-02 0.14619E-01  11.181      2239    .            
 0.37095E-02 0.17895E-01 0.35290E-02 0.12584E-01 0.33580E-02 0.14616E-01  11.186      2240    .            
 0.37875E-02 0.17128E-01 0.34847E-02 0.11999E-01 0.33662E-02 0.14613E-01  11.191      2241    .            
 0.38613E-02 0.16252E-01 0.34452E-02 0.11386E-01 0.33759E-02 0.14608E-01  11.196      2242    .            
 0.39302E-02 0.15277E-01 0.34111E-02 0.10773E-01 0.33871E-02 0.14604E-01  11.201      2243    .            
 0.39936E-02 0.14218E-01 0.33827E-02 0.10192E-01 0.33998E-02 0.14598E-01  11.206      2244    .            
 0.40509E-02 0.13094E-01 0.33603E-02 0.96798E-02 0.34138E-02 0.14592E-01  11.211      2245    .            
 0.41016E-02 0.11932E-01 0.33444E-02 0.92771E-02 0.34293E-02 0.14586E-01  11.216      2246    .            
 0.41452E-02 0.10765E-01 0.33352E-02 0.90255E-02 0.34462E-02 0.14579E-01  11.221      2247    .            
 0.41814E-02 0.96402E-02 0.33330E-02 0.89605E-02 0.34644E-02 0.14571E-01  11.226      2248    .            
 0.42099E-02 0.86195E-02 0.33379E-02 0.91035E-02 0.34838E-02 0.14564E-01  11.231      2249    .            
 0.42304E-02 0.77840E-02 0.33500E-02 0.94576E-02 0.35046E-02 0.14556E-01  11.236      2250    .            
 0.42427E-02 0.72270E-02 0.33696E-02 0.10007E-01 0.35266E-02 0.14548E-01  11.241      2251    .            
 0.42469E-02 0.70286E-02 0.33966E-02 0.10723E-01 0.35499E-02 0.14540E-01  11.246      2252    .            
 0.42429E-02 0.72155E-02 0.34310E-02 0.11573E-01 0.35743E-02 0.14533E-01  11.251      2253    .            
 0.42309E-02 0.77425E-02 0.34728E-02 0.12521E-01 0.35999E-02 0.14525E-01  11.256      2254    .            
 0.42111E-02 0.85188E-02 0.35220E-02 0.13536E-01 0.36267E-02 0.14519E-01  11.261      2255    .            
 0.41838E-02 0.94478E-02 0.35783E-02 0.14589E-01 0.36546E-02 0.14512E-01  11.266      2256    .            
 0.41494E-02 0.10450E-01 0.36415E-02 0.15656E-01 0.36836E-02 0.14507E-01  11.271      2257    .            
 0.41083E-02 0.11465E-01 0.37115E-02 0.16714E-01 0.37137E-02 0.14502E-01  11.276      2258    .            
 0.40610E-02 0.12451E-01 0.37878E-02 0.17743E-01 0.37449E-02 0.14499E-01  11.281      2259    .            
 0.40081E-02 0.13376E-01 0.38702E-02 0.18724E-01 0.37772E-02 0.14496E-01  11.286      2260    .            
 0.39502E-02 0.14217E-01 0.39582E-02 0.19640E-01 0.38105E-02 0.14494E-01  11.291      2261    .            
 0.38880E-02 0.14959E-01 0.40513E-02 0.20473E-01 0.38448E-02 0.14492E-01  11.296      2262    .            
 0.38222E-02 0.15590E-01 0.41489E-02 0.21209E-01 0.38802E-02 0.14492E-01  11.301      2263    .            
 0.37534E-02 0.16102E-01 0.42505E-02 0.21832E-01 0.39166E-02 0.14492E-01  11.306      2264    .            
 0.36825E-02 0.16493E-01 0.43553E-02 0.22327E-01 0.39539E-02 0.14493E-01  11.311      2265    .            
 0.36102E-02 0.16760E-01 0.44626E-02 0.22682E-01 0.39922E-02 0.14493E-01  11.316      2266    .            
 0.35371E-02 0.16906E-01 0.45716E-02 0.22885E-01 0.40315E-02 0.14494E-01  11.321      2267    .            
 0.34641E-02 0.16934E-01 0.46815E-02 0.22925E-01 0.40716E-02 0.14494E-01  11.326      2268    .            
 0.33917E-02 0.16849E-01 0.47914E-02 0.22793E-01 0.41127E-02 0.14494E-01  11.331      2269    .            
 0.33208E-02 0.16660E-01 0.49003E-02 0.22483E-01 0.41545E-02 0.14492E-01  11.336      2270    .            
 0.32518E-02 0.16375E-01 0.50074E-02 0.21990E-01 0.41972E-02 0.14490E-01  11.341      2271    .            
 0.31855E-02 0.16006E-01 0.51116E-02 0.21313E-01 0.42407E-02 0.14485E-01  11.346      2272    .            
 0.31224E-02 0.15563E-01 0.52119E-02 0.20451E-01 0.42850E-02 0.14480E-01  11.351      2273    .            
 0.30631E-02 0.15062E-01 0.53075E-02 0.19408E-01 0.43299E-02 0.14472E-01  11.356      2274    .            
 0.30079E-02 0.14517E-01 0.53973E-02 0.18193E-01 0.43756E-02 0.14462E-01  11.361      2275    .            
 0.29574E-02 0.13944E-01 0.54804E-02 0.16816E-01 0.44218E-02 0.14449E-01  11.366      2276    .            
 0.29120E-02 0.13363E-01 0.55560E-02 0.15294E-01 0.44687E-02 0.14435E-01  11.371      2277    .            
 0.28719E-02 0.12792E-01 0.56233E-02 0.13647E-01 0.45161E-02 0.14418E-01  11.376      2278    .            
 0.28376E-02 0.12253E-01 0.56814E-02 0.11908E-01 0.45640E-02 0.14399E-01  11.381      2279    .            
 0.28093E-02 0.11770E-01 0.57299E-02 0.10121E-01 0.46125E-02 0.14379E-01  11.386      2280    .            
 0.27872E-02 0.11364E-01 0.57680E-02 0.83597E-02 0.46613E-02 0.14356E-01  11.391      2281    .            
 0.27715E-02 0.11059E-01 0.57953E-02 0.67558E-02 0.47106E-02 0.14333E-01  11.396      2282    .            
 0.27622E-02 0.10872E-01 0.58116E-02 0.55564E-02 0.47603E-02 0.14308E-01  11.401      2283    .            
 0.27596E-02 0.10818E-01 0.58165E-02 0.51351E-02 0.48104E-02 0.14283E-01  11.406      2284    .            
 0.27637E-02 0.10902E-01 0.58099E-02 0.57008E-02 0.48608E-02 0.14257E-01  11.411      2285    .            
 0.27744E-02 0.11122E-01 0.57918E-02 0.70138E-02 0.49116E-02 0.14232E-01  11.416      2286    .            
 0.27918E-02 0.11465E-01 0.57624E-02 0.87140E-02 0.49626E-02 0.14208E-01  11.421      2287    .            
 0.28157E-02 0.11917E-01 0.57219E-02 0.10574E-01 0.50140E-02 0.14184E-01  11.426      2288    .            
 0.28461E-02 0.12455E-01 0.56706E-02 0.12471E-01 0.50657E-02 0.14162E-01  11.431      2289    .            
 0.28827E-02 0.13059E-01 0.56090E-02 0.14334E-01 0.51177E-02 0.14142E-01  11.436      2290    .            
 0.29255E-02 0.13705E-01 0.55378E-02 0.16119E-01 0.51700E-02 0.14125E-01  11.441      2291    .            
 0.29740E-02 0.14372E-01 0.54574E-02 0.17794E-01 0.52227E-02 0.14109E-01  11.446      2292    .            
 0.30281E-02 0.15040E-01 0.53688E-02 0.19335E-01 0.52756E-02 0.14096E-01  11.451      2293    .            
 0.30873E-02 0.15691E-01 0.52726E-02 0.20726E-01 0.53288E-02 0.14086E-01  11.456      2294    .            
 0.31514E-02 0.16307E-01 0.51698E-02 0.21953E-01 0.53824E-02 0.14078E-01  11.461      2295    .            
 0.32198E-02 0.16873E-01 0.50612E-02 0.23006E-01 0.54363E-02 0.14072E-01  11.466      2296    .            
 0.32920E-02 0.17373E-01 0.49478E-02 0.23880E-01 0.54905E-02 0.14069E-01  11.471      2297    .            
 0.33676E-02 0.17795E-01 0.48306E-02 0.24573E-01 0.55451E-02 0.14067E-01  11.476      2298    .            
 0.34460E-02 0.18125E-01 0.47104E-02 0.25083E-01 0.56000E-02 0.14067E-01  11.481      2299    .            
 0.35265E-02 0.18352E-01 0.45883E-02 0.25416E-01 0.56552E-02 0.14067E-01  11.486      2300    .            
 0.36084E-02 0.18467E-01 0.44652E-02 0.25575E-01 0.57108E-02 0.14067E-01  11.491      2301    .            
 0.36912E-02 0.18462E-01 0.43419E-02 0.25568E-01 0.57667E-02 0.14067E-01  11.496      2302    .            
 0.37740E-02 0.18329E-01 0.42193E-02 0.25405E-01 0.58229E-02 0.14067E-01  11.501      2303    .            
 0.38561E-02 0.18063E-01 0.40983E-02 0.25097E-01 0.58794E-02 0.14064E-01  11.506      2304    .            
 0.39368E-02 0.17663E-01 0.39795E-02 0.24656E-01 0.59362E-02 0.14060E-01  11.511      2305    .            
 0.40153E-02 0.17128E-01 0.38638E-02 0.24096E-01 0.59932E-02 0.14052E-01  11.516      2306    .            
 0.40907E-02 0.16461E-01 0.37516E-02 0.23431E-01 0.60504E-02 0.14042E-01  11.521      2307    .            
 0.41624E-02 0.15666E-01 0.36437E-02 0.22675E-01 0.61079E-02 0.14028E-01  11.526      2308    .            
 0.42297E-02 0.14753E-01 0.35405E-02 0.21843E-01 0.61655E-02 0.14010E-01  11.531      2309    .            
 0.42917E-02 0.13736E-01 0.34425E-02 0.20952E-01 0.62232E-02 0.13989E-01  11.536      2310    .            
 0.43478E-02 0.12632E-01 0.33500E-02 0.20017E-01 0.62811E-02 0.13964E-01  11.541      2311    .            
 0.43974E-02 0.11468E-01 0.32634E-02 0.19052E-01 0.63390E-02 0.13934E-01  11.546      2312    .            
 0.44400E-02 0.10280E-01 0.31830E-02 0.18076E-01 0.63970E-02 0.13902E-01  11.551      2313    .            
 0.44750E-02 0.91196E-02 0.31091E-02 0.17102E-01 0.64550E-02 0.13866E-01  11.556      2314    .            
 0.45020E-02 0.80611E-02 0.30417E-02 0.16148E-01 0.65130E-02 0.13827E-01  11.561      2315    .            
 0.45207E-02 0.72088E-02 0.29809E-02 0.15230E-01 0.65710E-02 0.13787E-01  11.566      2316    .            
 0.45308E-02 0.66902E-02 0.29270E-02 0.14365E-01 0.66290E-02 0.13745E-01  11.571      2317    .            
 0.45321E-02 0.66155E-02 0.28798E-02 0.13569E-01 0.66869E-02 0.13702E-01  11.576      2318    .            
 0.45247E-02 0.70097E-02 0.28395E-02 0.12858E-01 0.67447E-02 0.13659E-01  11.581      2319    .            
 0.45085E-02 0.77943E-02 0.28059E-02 0.12246E-01 0.68025E-02 0.13617E-01  11.586      2320    .            
 0.44837E-02 0.88453E-02 0.27789E-02 0.11746E-01 0.68602E-02 0.13576E-01  11.591      2321    .            
 0.44504E-02 0.10049E-01 0.27584E-02 0.11365E-01 0.69179E-02 0.13537E-01  11.596      2322    .            
 0.44090E-02 0.11320E-01 0.27443E-02 0.11106E-01 0.69755E-02 0.13501E-01  11.601      2323    .            
 0.43599E-02 0.12599E-01 0.27363E-02 0.10965E-01 0.70331E-02 0.13468E-01  11.606      2324    .            
 0.43035E-02 0.13843E-01 0.27342E-02 0.10930E-01 0.70907E-02 0.13439E-01  11.611      2325    .            
 0.42404E-02 0.15021E-01 0.27377E-02 0.10988E-01 0.71482E-02 0.13414E-01  11.616      2326    .            
 0.41711E-02 0.16110E-01 0.27465E-02 0.11118E-01 0.72058E-02 0.13393E-01  11.621      2327    .            
 0.40964E-02 0.17095E-01 0.27602E-02 0.11300E-01 0.72635E-02 0.13376E-01  11.626      2328    .            
 0.40169E-02 0.17961E-01 0.27785E-02 0.11512E-01 0.73212E-02 0.13364E-01  11.631      2329    .            
 0.39333E-02 0.18701E-01 0.28008E-02 0.11734E-01 0.73790E-02 0.13355E-01  11.636      2330    .            
 0.38463E-02 0.19309E-01 0.28269E-02 0.11947E-01 0.74368E-02 0.13349E-01  11.641      2331    .            
 0.37568E-02 0.19783E-01 0.28561E-02 0.12136E-01 0.74949E-02 0.13346E-01  11.646      2332    .            
 0.36656E-02 0.20124E-01 0.28879E-02 0.12287E-01 0.75530E-02 0.13345E-01  11.651      2333    .            
 0.35732E-02 0.20332E-01 0.29219E-02 0.12388E-01 0.76112E-02 0.13345E-01  11.656      2334    .            
 0.34806E-02 0.20414E-01 0.29574E-02 0.12430E-01 0.76696E-02 0.13345E-01  11.661      2335    .            
 0.33884E-02 0.20375E-01 0.29939E-02 0.12408E-01 0.77282E-02 0.13345E-01  11.666      2336    .            
 0.32973E-02 0.20223E-01 0.30307E-02 0.12317E-01 0.77868E-02 0.13344E-01  11.671      2337    .            
 0.32079E-02 0.19968E-01 0.30672E-02 0.12157E-01 0.78456E-02 0.13340E-01  11.676      2338    .            
 0.31210E-02 0.19620E-01 0.31030E-02 0.11929E-01 0.79045E-02 0.13332E-01  11.681      2339    .            
 0.30370E-02 0.19191E-01 0.31373E-02 0.11640E-01 0.79634E-02 0.13321E-01  11.686      2340    .            
 0.29565E-02 0.18694E-01 0.31695E-02 0.11297E-01 0.80224E-02 0.13306E-01  11.691      2341    .            
 0.28800E-02 0.18142E-01 0.31992E-02 0.10915E-01 0.80813E-02 0.13285E-01  11.696      2342    .            
 0.28079E-02 0.17548E-01 0.32257E-02 0.10509E-01 0.81403E-02 0.13259E-01  11.701      2343 RFQ             
 0.27407E-02 0.16927E-01 0.32485E-02 0.10104E-01 0.81992E-02 0.13227E-01  11.706      2344    .            
 0.26787E-02 0.16294E-01 0.32672E-02 0.97253E-02 0.82581E-02 0.13190E-01  11.711      2345    .            
 0.26221E-02 0.15664E-01 0.32814E-02 0.94051E-02 0.83168E-02 0.13147E-01  11.716      2346    .            
 0.25713E-02 0.15052E-01 0.32906E-02 0.91765E-02 0.83754E-02 0.13100E-01  11.721      2347    .            
 0.25265E-02 0.14475E-01 0.32946E-02 0.90706E-02 0.84338E-02 0.13049E-01  11.726      2348    .            
 0.24879E-02 0.13948E-01 0.32931E-02 0.91116E-02 0.84920E-02 0.12994E-01  11.731      2349    .            
 0.24556E-02 0.13486E-01 0.32859E-02 0.93112E-02 0.85499E-02 0.12936E-01  11.736      2350    .            
 0.24297E-02 0.13102E-01 0.32729E-02 0.96670E-02 0.86077E-02 0.12877E-01  11.741      2351    .            
 0.24103E-02 0.12807E-01 0.32540E-02 0.10163E-01 0.86652E-02 0.12817E-01  11.746      2352    .            
 0.23973E-02 0.12608E-01 0.32293E-02 0.10775E-01 0.87224E-02 0.12757E-01  11.751      2353    .            
 0.23909E-02 0.12510E-01 0.31988E-02 0.11472E-01 0.87794E-02 0.12698E-01  11.756      2354    .            
 0.23908E-02 0.12510E-01 0.31627E-02 0.12227E-01 0.88362E-02 0.12642E-01  11.761      2355    .            
 0.23971E-02 0.12604E-01 0.31212E-02 0.13012E-01 0.88927E-02 0.12589E-01  11.766      2356    .            
 0.24095E-02 0.12781E-01 0.30747E-02 0.13801E-01 0.89491E-02 0.12540E-01  11.771      2357    .            
 0.24280E-02 0.13029E-01 0.30234E-02 0.14574E-01 0.90052E-02 0.12496E-01  11.776      2358    .            
 0.24521E-02 0.13331E-01 0.29678E-02 0.15313E-01 0.90612E-02 0.12457E-01  11.781      2359    .            
 0.24818E-02 0.13672E-01 0.29083E-02 0.16003E-01 0.91171E-02 0.12424E-01  11.786      2360    .            
 0.25166E-02 0.14035E-01 0.28454E-02 0.16634E-01 0.91729E-02 0.12396E-01  11.791      2361    .            
 0.25563E-02 0.14403E-01 0.27796E-02 0.17196E-01 0.92286E-02 0.12375E-01  11.796      2362    .            
 0.26004E-02 0.14761E-01 0.27115E-02 0.17682E-01 0.92843E-02 0.12358E-01  11.801      2363    .            
 0.26486E-02 0.15094E-01 0.26417E-02 0.18090E-01 0.93400E-02 0.12347E-01  11.806      2364    .            
 0.27003E-02 0.15388E-01 0.25707E-02 0.18417E-01 0.93957E-02 0.12340E-01  11.811      2365    .            
 0.27551E-02 0.15631E-01 0.24992E-02 0.18664E-01 0.94514E-02 0.12336E-01  11.816      2366    .            
 0.28125E-02 0.15813E-01 0.24278E-02 0.18832E-01 0.95072E-02 0.12335E-01  11.821      2367    .            
 0.28718E-02 0.15923E-01 0.23571E-02 0.18926E-01 0.95631E-02 0.12335E-01  11.826      2368    .            
 0.29326E-02 0.15954E-01 0.22878E-02 0.18950E-01 0.96190E-02 0.12335E-01  11.831      2369    .            
 0.29942E-02 0.15899E-01 0.22203E-02 0.18911E-01 0.96750E-02 0.12335E-01  11.836      2370    .            
 0.30559E-02 0.15752E-01 0.21554E-02 0.18818E-01 0.97310E-02 0.12332E-01  11.841      2371    .            
 0.31173E-02 0.15513E-01 0.20936E-02 0.18678E-01 0.97871E-02 0.12326E-01  11.846      2372    .            
 0.31775E-02 0.15179E-01 0.20355E-02 0.18501E-01 0.98432E-02 0.12316E-01  11.851      2373    .            
 0.32360E-02 0.14753E-01 0.19815E-02 0.18298E-01 0.98993E-02 0.12300E-01  11.856      2374    .            
 0.32922E-02 0.14239E-01 0.19323E-02 0.18078E-01 0.99554E-02 0.12278E-01  11.861      2375    .            
 0.33454E-02 0.13646E-01 0.18884E-02 0.17855E-01 0.10011E-01 0.12249E-01  11.865      2376    .            
 0.33951E-02 0.12984E-01 0.18501E-02 0.17637E-01 0.10067E-01 0.12214E-01  11.870      2377    .            
 0.34406E-02 0.12268E-01 0.18180E-02 0.17436E-01 0.10123E-01 0.12171E-01  11.875      2378    .            
 0.34815E-02 0.11520E-01 0.17924E-02 0.17263E-01 0.10178E-01 0.12122E-01  11.880      2379    .            
 0.35172E-02 0.10766E-01 0.17736E-02 0.17127E-01 0.10234E-01 0.12066E-01  11.885      2380    .            
 0.35474E-02 0.10039E-01 0.17619E-02 0.17038E-01 0.10289E-01 0.12004E-01  11.890      2381    .            
 0.35717E-02 0.93805E-02 0.17576E-02 0.17002E-01 0.10343E-01 0.11937E-01  11.895      2382    .            
 0.35897E-02 0.88380E-02 0.17607E-02 0.17026E-01 0.10398E-01 0.11866E-01  11.900      2383    .            
 0.36013E-02 0.84608E-02 0.17714E-02 0.17113E-01 0.10452E-01 0.11792E-01  11.905      2384    .            
 0.36063E-02 0.82909E-02 0.17896E-02 0.17265E-01 0.10506E-01 0.11717E-01  11.910      2385    .            
 0.36046E-02 0.83509E-02 0.18154E-02 0.17483E-01 0.10559E-01 0.11640E-01  11.915      2386    .            
 0.35961E-02 0.86365E-02 0.18486E-02 0.17765E-01 0.10612E-01 0.11565E-01  11.920      2387    .            
 0.35810E-02 0.91179E-02 0.18890E-02 0.18105E-01 0.10664E-01 0.11492E-01  11.925      2388    .            
 0.35594E-02 0.97504E-02 0.19365E-02 0.18499E-01 0.10717E-01 0.11422E-01  11.930      2389    .            
 0.35316E-02 0.10485E-01 0.19909E-02 0.18938E-01 0.10769E-01 0.11356E-01  11.935      2390    .            
 0.34977E-02 0.11278E-01 0.20518E-02 0.19413E-01 0.10820E-01 0.11296E-01  11.940      2391    .            
 0.34581E-02 0.12089E-01 0.21191E-02 0.19916E-01 0.10872E-01 0.11243E-01  11.945      2392    .            
 0.34134E-02 0.12889E-01 0.21922E-02 0.20433E-01 0.10923E-01 0.11196E-01  11.950      2393    .            
 0.33638E-02 0.13652E-01 0.22710E-02 0.20955E-01 0.10974E-01 0.11156E-01  11.955      2394    .            
 0.33100E-02 0.14359E-01 0.23550E-02 0.21469E-01 0.11024E-01 0.11123E-01  11.960      2395    .            
 0.32525E-02 0.14995E-01 0.24439E-02 0.21963E-01 0.11075E-01 0.11098E-01  11.965      2396    .            
 0.31918E-02 0.15550E-01 0.25371E-02 0.22423E-01 0.11126E-01 0.11079E-01  11.970      2397    .            
 0.31287E-02 0.16017E-01 0.26343E-02 0.22837E-01 0.11176E-01 0.11066E-01  11.975      2398    .            
 0.30637E-02 0.16391E-01 0.27350E-02 0.23193E-01 0.11227E-01 0.11059E-01  11.980      2399    .            
 0.29974E-02 0.16669E-01 0.28385E-02 0.23478E-01 0.11277E-01 0.11055E-01  11.985      2400    .            
 0.29305E-02 0.16853E-01 0.29444E-02 0.23681E-01 0.11328E-01 0.11054E-01  11.990      2401    .            
 0.28636E-02 0.16946E-01 0.30521E-02 0.23790E-01 0.11378E-01 0.11055E-01  11.995      2402    .            
 0.27974E-02 0.16950E-01 0.31609E-02 0.23796E-01 0.11429E-01 0.11055E-01  12.000      2403    .            
 0.27325E-02 0.16874E-01 0.32701E-02 0.23689E-01 0.11479E-01 0.11054E-01  12.005      2404    .            
 0.26694E-02 0.16724E-01 0.33790E-02 0.23462E-01 0.11530E-01 0.11049E-01  12.010      2405    .            
 0.26087E-02 0.16510E-01 0.34870E-02 0.23110E-01 0.11581E-01 0.11040E-01  12.015      2406    .            
 0.25509E-02 0.16241E-01 0.35932E-02 0.22629E-01 0.11631E-01 0.11026E-01  12.020      2407    .            
 0.24966E-02 0.15930E-01 0.36970E-02 0.22016E-01 0.11682E-01 0.11005E-01  12.025      2408    .            
 0.24462E-02 0.15588E-01 0.37976E-02 0.21273E-01 0.11733E-01 0.10976E-01  12.030      2409    .            
 0.24002E-02 0.15229E-01 0.38943E-02 0.20403E-01 0.11783E-01 0.10939E-01  12.035      2410    .            
 0.23589E-02 0.14867E-01 0.39864E-02 0.19410E-01 0.11833E-01 0.10894E-01  12.040      2411    .            
 0.23228E-02 0.14517E-01 0.40730E-02 0.18305E-01 0.11883E-01 0.10841E-01  12.045      2412    .            
 0.22920E-02 0.14192E-01 0.41538E-02 0.17098E-01 0.11933E-01 0.10779E-01  12.050      2413    .            
 0.22670E-02 0.13908E-01 0.42279E-02 0.15805E-01 0.11982E-01 0.10710E-01  12.055      2414    .            
 0.22480E-02 0.13678E-01 0.42949E-02 0.14447E-01 0.12031E-01 0.10634E-01  12.060      2415    .            
 0.22352E-02 0.13515E-01 0.43543E-02 0.13048E-01 0.12080E-01 0.10553E-01  12.065      2416    .            
 0.22286E-02 0.13429E-01 0.44057E-02 0.11642E-01 0.12128E-01 0.10467E-01  12.070      2417    .            
 0.22285E-02 0.13427E-01 0.44488E-02 0.10272E-01 0.12175E-01 0.10378E-01  12.075      2418    .            
 0.22349E-02 0.13513E-01 0.44833E-02 0.89974E-02 0.12223E-01 0.10287E-01  12.080      2419    .            
 0.22479E-02 0.13688E-01 0.45091E-02 0.78986E-02 0.12270E-01 0.10197E-01  12.085      2420    .            
 0.22674E-02 0.13948E-01 0.45262E-02 0.70785E-02 0.12316E-01 0.10108E-01  12.090      2421    .            
 0.22934E-02 0.14285E-01 0.45346E-02 0.66434E-02 0.12362E-01 0.10022E-01  12.095      2422    .            
 0.23258E-02 0.14690E-01 0.45345E-02 0.66512E-02 0.12407E-01 0.99413E-02  12.100      2423    .            
 0.23644E-02 0.15152E-01 0.45260E-02 0.70666E-02 0.12452E-01 0.98658E-02  12.105      2424    .            
 0.24091E-02 0.15657E-01 0.45096E-02 0.77804E-02 0.12497E-01 0.97972E-02  12.110      2425    .            
 0.24597E-02 0.16191E-01 0.44855E-02 0.86693E-02 0.12541E-01 0.97363E-02  12.115      2426    .            
 0.25159E-02 0.16740E-01 0.44544E-02 0.96332E-02 0.12585E-01 0.96836E-02  12.120      2427    .            
 0.25774E-02 0.17289E-01 0.44167E-02 0.10601E-01 0.12629E-01 0.96394E-02  12.125      2428    .            
 0.26438E-02 0.17825E-01 0.43731E-02 0.11523E-01 0.12673E-01 0.96038E-02  12.130      2429    .            
 0.27148E-02 0.18332E-01 0.43243E-02 0.12367E-01 0.12716E-01 0.95763E-02  12.135      2430    .            
 0.27900E-02 0.18798E-01 0.42709E-02 0.13110E-01 0.12760E-01 0.95565E-02  12.140      2431    .            
 0.28689E-02 0.19210E-01 0.42138E-02 0.13735E-01 0.12803E-01 0.95434E-02  12.145      2432    .            
 0.29510E-02 0.19554E-01 0.41537E-02 0.14233E-01 0.12846E-01 0.95359E-02  12.150      2433    .            
 0.30358E-02 0.19820E-01 0.40914E-02 0.14598E-01 0.12890E-01 0.95327E-02  12.155      2434    .            
 0.31226E-02 0.19996E-01 0.40277E-02 0.14828E-01 0.12933E-01 0.95321E-02  12.160      2435    .            
 0.32110E-02 0.20074E-01 0.39635E-02 0.14924E-01 0.12976E-01 0.95327E-02  12.165      2436    .            
 0.33001E-02 0.20043E-01 0.38994E-02 0.14889E-01 0.13020E-01 0.95325E-02  12.170      2437    .            
 0.33893E-02 0.19898E-01 0.38362E-02 0.14729E-01 0.13063E-01 0.95300E-02  12.175      2438    .            
 0.34780E-02 0.19634E-01 0.37748E-02 0.14454E-01 0.13107E-01 0.95235E-02  12.180      2439    .            
 0.35655E-02 0.19246E-01 0.37157E-02 0.14073E-01 0.13150E-01 0.95115E-02  12.185      2440    .            
 0.36509E-02 0.18734E-01 0.36597E-02 0.13598E-01 0.13193E-01 0.94926E-02  12.190      2441    .            
 0.37336E-02 0.18099E-01 0.36074E-02 0.13047E-01 0.13236E-01 0.94657E-02  12.195      2442    .            
 0.38128E-02 0.17345E-01 0.35593E-02 0.12435E-01 0.13279E-01 0.94300E-02  12.200      2443    .            
 0.38879E-02 0.16477E-01 0.35160E-02 0.11786E-01 0.13322E-01 0.93850E-02  12.205      2444    .            
 0.39582E-02 0.15508E-01 0.34780E-02 0.11123E-01 0.13365E-01 0.93304E-02  12.210      2445    .            
 0.40231E-02 0.14449E-01 0.34457E-02 0.10479E-01 0.13407E-01 0.92664E-02  12.215      2446    .            
 0.40819E-02 0.13320E-01 0.34195E-02 0.98877E-02 0.13449E-01 0.91934E-02  12.220      2447    .            
 0.41341E-02 0.12146E-01 0.33997E-02 0.93918E-02 0.13491E-01 0.91122E-02  12.225      2448    .            
 0.41793E-02 0.10960E-01 0.33867E-02 0.90353E-02 0.13532E-01 0.90239E-02  12.230      2449    .            
 0.42170E-02 0.98067E-02 0.33807E-02 0.88597E-02 0.13573E-01 0.89298E-02  12.235      2450    .            
 0.42469E-02 0.87460E-02 0.33819E-02 0.88953E-02 0.13613E-01 0.88313E-02  12.240      2451    .            
 0.42687E-02 0.78584E-02 0.33905E-02 0.91539E-02 0.13652E-01 0.87300E-02  12.245      2452    .            
 0.42824E-02 0.72399E-02 0.34064E-02 0.96256E-02 0.13692E-01 0.86279E-02  12.250      2453    .            
 0.42878E-02 0.69792E-02 0.34299E-02 0.10284E-01 0.13730E-01 0.85264E-02  12.255      2454    .            
 0.42850E-02 0.71159E-02 0.34609E-02 0.11093E-01 0.13768E-01 0.84276E-02  12.260      2455    .            
 0.42740E-02 0.76131E-02 0.34994E-02 0.12016E-01 0.13806E-01 0.83329E-02  12.265      2456    .            
 0.42551E-02 0.83797E-02 0.35453E-02 0.13018E-01 0.13843E-01 0.82439E-02  12.270      2457    .            
 0.42286E-02 0.93149E-02 0.35985E-02 0.14067E-01 0.13879E-01 0.81619E-02  12.275      2458    .            
 0.41947E-02 0.10334E-01 0.36587E-02 0.15137E-01 0.13915E-01 0.80880E-02  12.280      2459    .            
 0.41540E-02 0.11372E-01 0.37257E-02 0.16203E-01 0.13951E-01 0.80229E-02  12.285      2460    .            
 0.41070E-02 0.12385E-01 0.37992E-02 0.17243E-01 0.13986E-01 0.79673E-02  12.290      2461    .            
 0.40541E-02 0.13339E-01 0.38789E-02 0.18239E-01 0.14022E-01 0.79213E-02  12.295      2462    .            
 0.39962E-02 0.14211E-01 0.39642E-02 0.19171E-01 0.14057E-01 0.78847E-02  12.300      2463    .            
 0.39337E-02 0.14983E-01 0.40548E-02 0.20023E-01 0.14091E-01 0.78571E-02  12.305      2464    .            
 0.38674E-02 0.15643E-01 0.41501E-02 0.20779E-01 0.14126E-01 0.78376E-02  12.310      2465    .            
 0.37981E-02 0.16183E-01 0.42494E-02 0.21423E-01 0.14161E-01 0.78253E-02  12.315      2466    .            
 0.37264E-02 0.16599E-01 0.43521E-02 0.21940E-01 0.14195E-01 0.78186E-02  12.320      2467    .            
 0.36532E-02 0.16890E-01 0.44574E-02 0.22318E-01 0.14230E-01 0.78161E-02  12.325      2468    .            
 0.35791E-02 0.17056E-01 0.45645E-02 0.22545E-01 0.14265E-01 0.78160E-02  12.330      2469    .            
 0.35049E-02 0.17101E-01 0.46727E-02 0.22609E-01 0.14299E-01 0.78165E-02  12.335      2470    .            
 0.34313E-02 0.17031E-01 0.47809E-02 0.22502E-01 0.14334E-01 0.78156E-02  12.340      2471    .            
 0.33590E-02 0.16853E-01 0.48884E-02 0.22217E-01 0.14368E-01 0.78116E-02  12.345      2472    .            
 0.32886E-02 0.16576E-01 0.49941E-02 0.21749E-01 0.14403E-01 0.78026E-02  12.350      2473    .            
 0.32208E-02 0.16210E-01 0.50970E-02 0.21097E-01 0.14438E-01 0.77871E-02  12.355      2474    .            
 0.31561E-02 0.15768E-01 0.51963E-02 0.20260E-01 0.14472E-01 0.77636E-02  12.360      2475    .            
 0.30952E-02 0.15263E-01 0.52908E-02 0.19242E-01 0.14506E-01 0.77311E-02  12.365      2476    .            
 0.30383E-02 0.14711E-01 0.53798E-02 0.18050E-01 0.14541E-01 0.76889E-02  12.370      2477    .            
 0.29862E-02 0.14127E-01 0.54622E-02 0.16697E-01 0.14575E-01 0.76364E-02  12.375      2478    .            
 0.29390E-02 0.13530E-01 0.55372E-02 0.15196E-01 0.14608E-01 0.75737E-02  12.380      2479    .            
 0.28973E-02 0.12940E-01 0.56039E-02 0.13572E-01 0.14641E-01 0.75010E-02  12.385      2480    .            
 0.28613E-02 0.12378E-01 0.56616E-02 0.11853E-01 0.14674E-01 0.74189E-02  12.390      2481    .            
 0.28312E-02 0.11867E-01 0.57097E-02 0.10086E-01 0.14707E-01 0.73286E-02  12.395      2482    .            
 0.28074E-02 0.11431E-01 0.57476E-02 0.83439E-02 0.14739E-01 0.72312E-02  12.400      2483    .            
 0.27900E-02 0.11093E-01 0.57748E-02 0.67591E-02 0.14770E-01 0.71283E-02  12.405      2484    .            
 0.27792E-02 0.10872E-01 0.57909E-02 0.55767E-02 0.14801E-01 0.70215E-02  12.410      2485    .            
 0.27749E-02 0.10784E-01 0.57957E-02 0.51657E-02 0.14831E-01 0.69129E-02  12.415      2486    .            
 0.27774E-02 0.10836E-01 0.57890E-02 0.57303E-02 0.14860E-01 0.68041E-02  12.420      2487    .            
 0.27866E-02 0.11027E-01 0.57710E-02 0.70366E-02 0.14889E-01 0.66971E-02  12.425      2488    .            
 0.28024E-02 0.11347E-01 0.57415E-02 0.87319E-02 0.14918E-01 0.65938E-02  12.430      2489    .            
 0.28249E-02 0.11780E-01 0.57010E-02 0.10589E-01 0.14945E-01 0.64958E-02  12.435      2490    .            
 0.28539E-02 0.12305E-01 0.56498E-02 0.12486E-01 0.14973E-01 0.64046E-02  12.440      2491    .            
 0.28891E-02 0.12899E-01 0.55882E-02 0.14352E-01 0.14999E-01 0.63214E-02  12.445      2492    .            
 0.29306E-02 0.13540E-01 0.55169E-02 0.16142E-01 0.15026E-01 0.62473E-02  12.450      2493    .            
 0.29778E-02 0.14205E-01 0.54364E-02 0.17825E-01 0.15052E-01 0.61828E-02  12.455      2494    .            
 0.30307E-02 0.14874E-01 0.53477E-02 0.19375E-01 0.15077E-01 0.61285E-02  12.460      2495    .            
 0.30888E-02 0.15527E-01 0.52513E-02 0.20775E-01 0.15102E-01 0.60841E-02  12.465      2496    .            
 0.31517E-02 0.16148E-01 0.51483E-02 0.22013E-01 0.15127E-01 0.60495E-02  12.470      2497    .            
 0.32191E-02 0.16719E-01 0.50394E-02 0.23077E-01 0.15152E-01 0.60240E-02  12.475      2498    .            
 0.32904E-02 0.17226E-01 0.49257E-02 0.23963E-01 0.15177E-01 0.60065E-02  12.480      2499    .            
 0.33650E-02 0.17654E-01 0.48081E-02 0.24667E-01 0.15202E-01 0.59959E-02  12.485      2500    .            
 0.34425E-02 0.17991E-01 0.46874E-02 0.25189E-01 0.15227E-01 0.59907E-02  12.490      2501    .            
 0.35222E-02 0.18226E-01 0.45648E-02 0.25532E-01 0.15251E-01 0.59891E-02  12.495      2502    .            
 0.36033E-02 0.18349E-01 0.44411E-02 0.25701E-01 0.15276E-01 0.59894E-02  12.500      2503    .            
 0.36854E-02 0.18351E-01 0.43172E-02 0.25705E-01 0.15301E-01 0.59895E-02  12.505      2504    .            
 0.37675E-02 0.18226E-01 0.41940E-02 0.25551E-01 0.15325E-01 0.59877E-02  12.510      2505    .            
 0.38490E-02 0.17968E-01 0.40723E-02 0.25253E-01 0.15350E-01 0.59819E-02  12.515      2506    .            
 0.39291E-02 0.17576E-01 0.39528E-02 0.24820E-01 0.15375E-01 0.59705E-02  12.520      2507    .            
 0.40070E-02 0.17048E-01 0.38363E-02 0.24268E-01 0.15400E-01 0.59519E-02  12.525      2508    .            
 0.40819E-02 0.16388E-01 0.37234E-02 0.23611E-01 0.15424E-01 0.59248E-02  12.530      2509    .            
 0.41532E-02 0.15600E-01 0.36146E-02 0.22863E-01 0.15448E-01 0.58883E-02  12.535      2510    .            
 0.42199E-02 0.14694E-01 0.35105E-02 0.22039E-01 0.15472E-01 0.58418E-02  12.540      2511    .            
 0.42815E-02 0.13684E-01 0.34116E-02 0.21156E-01 0.15496E-01 0.57850E-02  12.545      2512    .            
 0.43373E-02 0.12588E-01 0.33183E-02 0.20228E-01 0.15520E-01 0.57181E-02  12.550      2513    .            
 0.43865E-02 0.11432E-01 0.32308E-02 0.19272E-01 0.15543E-01 0.56416E-02  12.555      2514    .            
 0.44288E-02 0.10254E-01 0.31495E-02 0.18304E-01 0.15565E-01 0.55565E-02  12.560      2515    .            
 0.44634E-02 0.91039E-02 0.30745E-02 0.17338E-01 0.15587E-01 0.54639E-02  12.565      2516    .            
 0.44901E-02 0.80578E-02 0.30061E-02 0.16392E-01 0.15609E-01 0.53654E-02  12.570      2517    .            
 0.45085E-02 0.72200E-02 0.29444E-02 0.15482E-01 0.15630E-01 0.52627E-02  12.575      2518    .            
 0.45184E-02 0.67169E-02 0.28894E-02 0.14623E-01 0.15650E-01 0.51576E-02  12.580      2519    .            
 0.45195E-02 0.66563E-02 0.28413E-02 0.13832E-01 0.15670E-01 0.50521E-02  12.585      2520    .            
 0.45119E-02 0.70601E-02 0.27998E-02 0.13124E-01 0.15689E-01 0.49482E-02  12.590      2521    .            
 0.44955E-02 0.78498E-02 0.27652E-02 0.12513E-01 0.15707E-01 0.48475E-02  12.595      2522    .            
 0.44704E-02 0.89027E-02 0.27371E-02 0.12011E-01 0.15725E-01 0.47518E-02  12.600      2523    .            
 0.44369E-02 0.10106E-01 0.27156E-02 0.11624E-01 0.15742E-01 0.46626E-02  12.605      2524    .            
 0.43953E-02 0.11377E-01 0.27004E-02 0.11354E-01 0.15758E-01 0.45811E-02  12.610      2525    .            
 0.43460E-02 0.12655E-01 0.26913E-02 0.11200E-01 0.15774E-01 0.45081E-02  12.615      2526    .            
 0.42894E-02 0.13898E-01 0.26881E-02 0.11149E-01 0.15790E-01 0.44442E-02  12.620      2527    .            
 0.42261E-02 0.15075E-01 0.26906E-02 0.11189E-01 0.15805E-01 0.43898E-02  12.625      2528    .            
 0.41567E-02 0.16164E-01 0.26983E-02 0.11301E-01 0.15819E-01 0.43448E-02  12.630      2529    .            
 0.40817E-02 0.17147E-01 0.27110E-02 0.11464E-01 0.15834E-01 0.43089E-02  12.635      2530    .            
 0.40020E-02 0.18011E-01 0.27282E-02 0.11659E-01 0.15848E-01 0.42816E-02  12.640      2531    .            
 0.39183E-02 0.18749E-01 0.27496E-02 0.11865E-01 0.15862E-01 0.42620E-02  12.645      2532    .            
 0.38312E-02 0.19355E-01 0.27746E-02 0.12065E-01 0.15876E-01 0.42492E-02  12.650      2533    .            
 0.37416E-02 0.19827E-01 0.28028E-02 0.12243E-01 0.15890E-01 0.42419E-02  12.655      2534    .            
 0.36502E-02 0.20164E-01 0.28337E-02 0.12384E-01 0.15904E-01 0.42387E-02  12.660      2535    .            
 0.35578E-02 0.20369E-01 0.28668E-02 0.12479E-01 0.15918E-01 0.42380E-02  12.665      2536    .            
 0.34651E-02 0.20447E-01 0.29014E-02 0.12517E-01 0.15932E-01 0.42384E-02  12.670      2537    .            
 0.33729E-02 0.20404E-01 0.29370E-02 0.12494E-01 0.15946E-01 0.42380E-02  12.675      2538    .            
 0.32818E-02 0.20248E-01 0.29730E-02 0.12405E-01 0.15960E-01 0.42353E-02  12.680      2539    .            
 0.31925E-02 0.19989E-01 0.30088E-02 0.12249E-01 0.15974E-01 0.42286E-02  12.685      2540    .            
 0.31057E-02 0.19638E-01 0.30439E-02 0.12028E-01 0.15988E-01 0.42166E-02  12.690      2541    .            
 0.30218E-02 0.19206E-01 0.30775E-02 0.11748E-01 0.16002E-01 0.41980E-02  12.695      2542    .            
 0.29415E-02 0.18706E-01 0.31092E-02 0.11417E-01 0.16015E-01 0.41718E-02  12.700      2543    .            
 0.28652E-02 0.18151E-01 0.31383E-02 0.11049E-01 0.16029E-01 0.41376E-02  12.705      2544    .            
 0.27934E-02 0.17556E-01 0.31644E-02 0.10659E-01 0.16042E-01 0.40951E-02  12.710      2545    .            
 0.27265E-02 0.16935E-01 0.31869E-02 0.10269E-01 0.16055E-01 0.40445E-02  12.715      2546    .            
 0.26648E-02 0.16303E-01 0.32054E-02 0.99060E-02 0.16067E-01 0.39864E-02  12.720      2547    .            
 0.26087E-02 0.15675E-01 0.32194E-02 0.95985E-02 0.16079E-01 0.39217E-02  12.725      2548    .            
 0.25583E-02 0.15067E-01 0.32286E-02 0.93778E-02 0.16091E-01 0.38517E-02  12.730      2549    .            
 0.25140E-02 0.14496E-01 0.32327E-02 0.92730E-02 0.16101E-01 0.37780E-02  12.735      2550    .            
 0.24759E-02 0.13976E-01 0.32314E-02 0.93065E-02 0.16112E-01 0.37022E-02  12.740      2551    .            
 0.24441E-02 0.13522E-01 0.32246E-02 0.94898E-02 0.16121E-01 0.36264E-02  12.745      2552    .            
 0.24188E-02 0.13148E-01 0.32121E-02 0.98211E-02 0.16130E-01 0.35522E-02  12.750      2553    .            
 0.24000E-02 0.12863E-01 0.31938E-02 0.10287E-01 0.16139E-01 0.34813E-02  12.755      2554    .            
 0.23878E-02 0.12676E-01 0.31699E-02 0.10864E-01 0.16146E-01 0.34153E-02  12.760      2555    .            
 0.23820E-02 0.12589E-01 0.31403E-02 0.11525E-01 0.16153E-01 0.33553E-02  12.765      2556    .            
 0.23827E-02 0.12601E-01 0.31053E-02 0.12243E-01 0.16159E-01 0.33021E-02  12.770      2557    .            
 0.23897E-02 0.12705E-01 0.30651E-02 0.12991E-01 0.16165E-01 0.32560E-02  12.775      2558    .            
 0.24029E-02 0.12891E-01 0.30199E-02 0.13746E-01 0.16170E-01 0.32171E-02  12.780      2559    .            
 0.24220E-02 0.13146E-01 0.29702E-02 0.14485E-01 0.16174E-01 0.31851E-02  12.785      2560    .            
 0.24470E-02 0.13455E-01 0.29162E-02 0.15193E-01 0.16179E-01 0.31595E-02  12.790      2561    .            
 0.24774E-02 0.13800E-01 0.28585E-02 0.15854E-01 0.16182E-01 0.31395E-02  12.795      2562    .            
 0.25130E-02 0.14165E-01 0.27976E-02 0.16457E-01 0.16186E-01 0.31243E-02  12.800      2563    .            
 0.25535E-02 0.14533E-01 0.27339E-02 0.16993E-01 0.16189E-01 0.31132E-02  12.805      2564    .            
 0.25983E-02 0.14890E-01 0.26681E-02 0.17457E-01 0.16192E-01 0.31055E-02  12.810      2565    .            
 0.26472E-02 0.15220E-01 0.26007E-02 0.17844E-01 0.16194E-01 0.31004E-02  12.815      2566    .            
 0.26996E-02 0.15509E-01 0.25323E-02 0.18152E-01 0.16197E-01 0.30975E-02  12.820      2567    .            
 0.27550E-02 0.15746E-01 0.24636E-02 0.18382E-01 0.16199E-01 0.30960E-02  12.825      2568    .            
 0.28130E-02 0.15919E-01 0.23950E-02 0.18536E-01 0.16202E-01 0.30957E-02  12.830      2569    .            
 0.28729E-02 0.16019E-01 0.23273E-02 0.18618E-01 0.16205E-01 0.30958E-02  12.835      2570    .            
 0.29341E-02 0.16038E-01 0.22611E-02 0.18632E-01 0.16207E-01 0.30960E-02  12.840      2571    .            
 0.29960E-02 0.15970E-01 0.21970E-02 0.18587E-01 0.16210E-01 0.30957E-02  12.845      2572    .            
 0.30581E-02 0.15810E-01 0.21355E-02 0.18489E-01 0.16212E-01 0.30943E-02  12.850      2573    .            
 0.31197E-02 0.15556E-01 0.20772E-02 0.18347E-01 0.16215E-01 0.30915E-02  12.855      2574    .            
 0.31800E-02 0.15207E-01 0.20228E-02 0.18172E-01 0.16217E-01 0.30868E-02  12.860      2575    .            
 0.32386E-02 0.14766E-01 0.19726E-02 0.17973E-01 0.16220E-01 0.30802E-02  12.865      2576    .            
 0.32947E-02 0.14238E-01 0.19274E-02 0.17762E-01 0.16222E-01 0.30716E-02  12.870      2577    .            
 0.33478E-02 0.13631E-01 0.18875E-02 0.17550E-01 0.16224E-01 0.30616E-02  12.875      2578    .            
 0.33972E-02 0.12957E-01 0.18533E-02 0.17347E-01 0.16226E-01 0.30505E-02  12.880      2579    .            
 0.34423E-02 0.12231E-01 0.18254E-02 0.17165E-01 0.16227E-01 0.30395E-02  12.885      2580    .            
 0.34828E-02 0.11476E-01 0.18040E-02 0.17014E-01 0.16228E-01 0.30295E-02  12.890      2581    .            
 0.35180E-02 0.10720E-01 0.17894E-02 0.16904E-01 0.16228E-01 0.30219E-02  12.895      2582    .            
 0.35476E-02 0.99952E-02 0.17820E-02 0.16844E-01 0.16228E-01 0.30181E-02  12.900      2583    .            
 0.35712E-02 0.93455E-02 0.17818E-02 0.16841E-01 0.16227E-01 0.30192E-02  12.905      2584    .            
 0.35886E-02 0.88186E-02 0.17891E-02 0.16900E-01 0.16226E-01 0.30263E-02  12.910      2585    .            
 0.35994E-02 0.84634E-02 0.18038E-02 0.17025E-01 0.16223E-01 0.30401E-02  12.915      2586    .            
 0.36036E-02 0.83201E-02 0.18260E-02 0.17217E-01 0.16221E-01 0.30607E-02  12.920      2587    .            
 0.36011E-02 0.84081E-02 0.18557E-02 0.17476E-01 0.16217E-01 0.30878E-02  12.925      2588    .            
 0.35918E-02 0.87191E-02 0.18926E-02 0.17797E-01 0.16213E-01 0.31208E-02  12.930      2589    .            
 0.35759E-02 0.92208E-02 0.19367E-02 0.18177E-01 0.16208E-01 0.31585E-02  12.935      2590    .            
 0.35535E-02 0.98671E-02 0.19878E-02 0.18609E-01 0.16202E-01 0.31992E-02  12.940      2591    .            
 0.35249E-02 0.10609E-01 0.20455E-02 0.19085E-01 0.16196E-01 0.32415E-02  12.945      2592    .            
 0.34903E-02 0.11403E-01 0.21098E-02 0.19594E-01 0.16190E-01 0.32836E-02  12.950      2593    .            
 0.34501E-02 0.12211E-01 0.21802E-02 0.20126E-01 0.16182E-01 0.33238E-02  12.955      2594    .            
 0.34048E-02 0.13003E-01 0.22565E-02 0.20671E-01 0.16175E-01 0.33608E-02  12.960      2595    .            
 0.33547E-02 0.13755E-01 0.23382E-02 0.21215E-01 0.16166E-01 0.33935E-02  12.965      2596    .            
 0.33005E-02 0.14448E-01 0.24251E-02 0.21747E-01 0.16158E-01 0.34211E-02  12.970      2597    .            
 0.32427E-02 0.15068E-01 0.25168E-02 0.22253E-01 0.16149E-01 0.34434E-02  12.975      2598    .            
 0.31819E-02 0.15604E-01 0.26127E-02 0.22720E-01 0.16141E-01 0.34602E-02  12.980      2599    .            
 0.31188E-02 0.16051E-01 0.27125E-02 0.23136E-01 0.16132E-01 0.34719E-02  12.985      2600    .            
 0.30538E-02 0.16403E-01 0.28156E-02 0.23487E-01 0.16123E-01 0.34793E-02  12.990      2601    .            
 0.29878E-02 0.16660E-01 0.29215E-02 0.23762E-01 0.16114E-01 0.34832E-02  12.995      2602    .            
 0.29213E-02 0.16821E-01 0.30295E-02 0.23948E-01 0.16104E-01 0.34846E-02  13.000      2603    .            
 0.28550E-02 0.16892E-01 0.31391E-02 0.24034E-01 0.16095E-01 0.34849E-02  13.005      2604    .            
 0.27895E-02 0.16875E-01 0.32496E-02 0.24011E-01 0.16086E-01 0.34852E-02  13.010      2605    .            
 0.27254E-02 0.16778E-01 0.33604E-02 0.23870E-01 0.16077E-01 0.34868E-02  13.015      2606    .            
 0.26633E-02 0.16609E-01 0.34706E-02 0.23604E-01 0.16068E-01 0.34907E-02  13.020      2607    .            
 0.26038E-02 0.16378E-01 0.35796E-02 0.23207E-01 0.16059E-01 0.34983E-02  13.025      2608    .            
 0.25473E-02 0.16094E-01 0.36866E-02 0.22676E-01 0.16050E-01 0.35104E-02  13.030      2609    .            
 0.24945E-02 0.15771E-01 0.37909E-02 0.22011E-01 0.16041E-01 0.35282E-02  13.035      2610    .            
 0.24457E-02 0.15421E-01 0.38917E-02 0.21212E-01 0.16031E-01 0.35524E-02  13.040      2611    .            
 0.24014E-02 0.15057E-01 0.39882E-02 0.20284E-01 0.16021E-01 0.35838E-02  13.045      2612    .            
 0.23620E-02 0.14695E-01 0.40797E-02 0.19233E-01 0.16011E-01 0.36231E-02  13.050      2613    .            
 0.23278E-02 0.14349E-01 0.41656E-02 0.18069E-01 0.16001E-01 0.36708E-02  13.055      2614    .            
 0.22992E-02 0.14034E-01 0.42451E-02 0.16805E-01 0.15990E-01 0.37272E-02  13.060      2615    .            
 0.22764E-02 0.13765E-01 0.43178E-02 0.15459E-01 0.15978E-01 0.37923E-02  13.065      2616    .            
 0.22597E-02 0.13555E-01 0.43830E-02 0.14052E-01 0.15966E-01 0.38658E-02  13.070      2617    .            
 0.22492E-02 0.13418E-01 0.44403E-02 0.12613E-01 0.15953E-01 0.39470E-02  13.075      2618    .            
 0.22451E-02 0.13362E-01 0.44893E-02 0.11178E-01 0.15940E-01 0.40350E-02  13.080      2619    .            
 0.22475E-02 0.13395E-01 0.45298E-02 0.97976E-02 0.15926E-01 0.41285E-02  13.085      2620    .            
 0.22564E-02 0.13518E-01 0.45615E-02 0.85401E-02 0.15911E-01 0.42257E-02  13.090      2621    .            
 0.22719E-02 0.13730E-01 0.45843E-02 0.74994E-02 0.15896E-01 0.43251E-02  13.095      2622    .            
 0.22940E-02 0.14027E-01 0.45981E-02 0.67913E-02 0.15880E-01 0.44245E-02  13.100      2623    .            
 0.23226E-02 0.14400E-01 0.46031E-02 0.65198E-02 0.15863E-01 0.45219E-02  13.105      2624    .            
 0.23576E-02 0.14838E-01 0.45995E-02 0.67126E-02 0.15845E-01 0.46155E-02  13.110      2625    .            
 0.23988E-02 0.15328E-01 0.45875E-02 0.72935E-02 0.15827E-01 0.47033E-02  13.115      2626    .            
 0.24460E-02 0.15858E-01 0.45674E-02 0.81312E-02 0.15809E-01 0.47839E-02  13.120      2627    .            
 0.24990E-02 0.16411E-01 0.45398E-02 0.91026E-02 0.15790E-01 0.48559E-02  13.125      2628    .            
 0.25576E-02 0.16974E-01 0.45051E-02 0.10116E-01 0.15770E-01 0.49184E-02  13.130      2629    .            
 0.26214E-02 0.17532E-01 0.44640E-02 0.11108E-01 0.15751E-01 0.49710E-02  13.135      2630    .            
 0.26901E-02 0.18069E-01 0.44170E-02 0.12037E-01 0.15730E-01 0.50135E-02  13.140      2631    .            
 0.27633E-02 0.18573E-01 0.43649E-02 0.12873E-01 0.15710E-01 0.50462E-02  13.145      2632    .            
 0.28404E-02 0.19030E-01 0.43085E-02 0.13596E-01 0.15690E-01 0.50698E-02  13.150      2633    .            
 0.29212E-02 0.19425E-01 0.42486E-02 0.14193E-01 0.15669E-01 0.50855E-02  13.155      2634    .            
 0.30049E-02 0.19748E-01 0.41858E-02 0.14656E-01 0.15648E-01 0.50947E-02  13.160      2635    .            
 0.30911E-02 0.19985E-01 0.41212E-02 0.14980E-01 0.15628E-01 0.50990E-02  13.165      2636    .            
 0.31792E-02 0.20128E-01 0.40553E-02 0.15164E-01 0.15607E-01 0.51003E-02  13.170      2637    .            
 0.32685E-02 0.20166E-01 0.39892E-02 0.15212E-01 0.15586E-01 0.51005E-02  13.175      2638    .            
 0.33583E-02 0.20092E-01 0.39235E-02 0.15126E-01 0.15566E-01 0.51016E-02  13.180      2639    .            
 0.34480E-02 0.19898E-01 0.38591E-02 0.14915E-01 0.15545E-01 0.51055E-02  13.185      2640    .            
 0.35369E-02 0.19582E-01 0.37967E-02 0.14587E-01 0.15524E-01 0.51142E-02  13.190      2641    .            
 0.36241E-02 0.19139E-01 0.37369E-02 0.14155E-01 0.15504E-01 0.51292E-02  13.195      2642    .            
 0.37090E-02 0.18570E-01 0.36805E-02 0.13632E-01 0.15483E-01 0.51520E-02  13.200      2643    .            
 0.37909E-02 0.17878E-01 0.36280E-02 0.13034E-01 0.15462E-01 0.51838E-02  13.205      2644    .            
 0.38690E-02 0.17066E-01 0.35801E-02 0.12380E-01 0.15441E-01 0.52256E-02  13.210      2645    .            
 0.39426E-02 0.16144E-01 0.35372E-02 0.11695E-01 0.15419E-01 0.52779E-02  13.215      2646    .            
 0.40110E-02 0.15123E-01 0.34999E-02 0.11005E-01 0.15397E-01 0.53409E-02  13.220      2647    .            
 0.40737E-02 0.14019E-01 0.34685E-02 0.10342E-01 0.15375E-01 0.54147E-02  13.225      2648    .            
 0.41300E-02 0.12853E-01 0.34435E-02 0.97464E-02 0.15353E-01 0.54987E-02  13.230      2649    .            
 0.41795E-02 0.11655E-01 0.34251E-02 0.92617E-02 0.15329E-01 0.55923E-02  13.235      2650    .            
 0.42216E-02 0.10462E-01 0.34137E-02 0.89342E-02 0.15306E-01 0.56942E-02  13.240      2651    .            
 0.42561E-02 0.93259E-02 0.34094E-02 0.88049E-02 0.15281E-01 0.58031E-02  13.245      2652    .            
 0.42825E-02 0.83178E-02 0.34125E-02 0.89006E-02 0.15256E-01 0.59172E-02  13.250      2653    .            
 0.43008E-02 0.75284E-02 0.34231E-02 0.92263E-02 0.15230E-01 0.60348E-02  13.255      2654    .            
 0.43107E-02 0.70577E-02 0.34412E-02 0.97652E-02 0.15204E-01 0.61539E-02  13.260      2655    .            
 0.43123E-02 0.69801E-02 0.34670E-02 0.10485E-01 0.15177E-01 0.62722E-02  13.265      2656    .            
 0.43056E-02 0.73008E-02 0.35003E-02 0.11346E-01 0.15149E-01 0.63877E-02  13.270      2657    .            
 0.42908E-02 0.79498E-02 0.35412E-02 0.12310E-01 0.15121E-01 0.64984E-02  13.275      2658    .            
 0.42680E-02 0.88236E-02 0.35895E-02 0.13342E-01 0.15092E-01 0.66025E-02  13.280      2659    .            
 0.42377E-02 0.98245E-02 0.36450E-02 0.14411E-01 0.15062E-01 0.66983E-02  13.285      2660    .            
 0.42001E-02 0.10876E-01 0.37076E-02 0.15490E-01 0.15032E-01 0.67845E-02  13.290      2661    .            
 0.41559E-02 0.11924E-01 0.37769E-02 0.16556E-01 0.15001E-01 0.68601E-02  13.295      2662    .            
 0.41056E-02 0.12927E-01 0.38526E-02 0.17586E-01 0.14971E-01 0.69246E-02  13.300      2663    .            
 0.40497E-02 0.13857E-01 0.39343E-02 0.18563E-01 0.14939E-01 0.69777E-02  13.305      2664    .            
 0.39888E-02 0.14694E-01 0.40215E-02 0.19467E-01 0.14908E-01 0.70196E-02  13.310      2665    .            
 0.39238E-02 0.15423E-01 0.41138E-02 0.20281E-01 0.14876E-01 0.70511E-02  13.315      2666    .            
 0.38553E-02 0.16034E-01 0.42104E-02 0.20990E-01 0.14845E-01 0.70732E-02  13.320      2667    .            
 0.37841E-02 0.16521E-01 0.43108E-02 0.21579E-01 0.14813E-01 0.70872E-02  13.325      2668    .            
 0.37108E-02 0.16880E-01 0.44143E-02 0.22032E-01 0.14781E-01 0.70949E-02  13.330      2669    .            
 0.36363E-02 0.17111E-01 0.45200E-02 0.22339E-01 0.14749E-01 0.70980E-02  13.335      2670    .            
 0.35614E-02 0.17218E-01 0.46271E-02 0.22486E-01 0.14717E-01 0.70987E-02  13.340      2671    .            
 0.34866E-02 0.17203E-01 0.47349E-02 0.22464E-01 0.14685E-01 0.70992E-02  13.345      2672    .            
 0.34128E-02 0.17075E-01 0.48422E-02 0.22266E-01 0.14654E-01 0.71014E-02  13.350      2673    .            
 0.33407E-02 0.16841E-01 0.49483E-02 0.21885E-01 0.14622E-01 0.71076E-02  13.355      2674    .            
 0.32708E-02 0.16511E-01 0.50520E-02 0.21318E-01 0.14590E-01 0.71195E-02  13.360      2675    .            
 0.32038E-02 0.16097E-01 0.51525E-02 0.20564E-01 0.14558E-01 0.71389E-02  13.365      2676    .            
 0.31403E-02 0.15612E-01 0.52488E-02 0.19626E-01 0.14526E-01 0.71672E-02  13.370      2677    .            
 0.30808E-02 0.15071E-01 0.53399E-02 0.18510E-01 0.14494E-01 0.72054E-02  13.375      2678    .            
 0.30257E-02 0.14489E-01 0.54248E-02 0.17226E-01 0.14461E-01 0.72543E-02  13.380      2679    .            
 0.29755E-02 0.13885E-01 0.55026E-02 0.15786E-01 0.14429E-01 0.73143E-02  13.385      2680    .            
 0.29306E-02 0.13276E-01 0.55725E-02 0.14211E-01 0.14396E-01 0.73853E-02  13.390      2681    .            
 0.28913E-02 0.12686E-01 0.56338E-02 0.12527E-01 0.14362E-01 0.74670E-02  13.395      2682    .            
 0.28580E-02 0.12135E-01 0.56856E-02 0.10775E-01 0.14328E-01 0.75587E-02  13.400      2683    .            
 0.28308E-02 0.11649E-01 0.57275E-02 0.90137E-02 0.14294E-01 0.76592E-02  13.405      2684    .            
 0.28100E-02 0.11251E-01 0.57588E-02 0.73496E-02 0.14259E-01 0.77672E-02  13.410      2685    .            
 0.27958E-02 0.10964E-01 0.57791E-02 0.59777E-02 0.14223E-01 0.78810E-02  13.415      2686    .            
 0.27882E-02 0.10805E-01 0.57882E-02 0.52332E-02 0.14187E-01 0.79989E-02  13.420      2687    .            
 0.27873E-02 0.10787E-01 0.57859E-02 0.54361E-02 0.14150E-01 0.81187E-02  13.425      2688    .            
 0.27932E-02 0.10912E-01 0.57721E-02 0.65092E-02 0.14112E-01 0.82385E-02  13.430      2689    .            
 0.28058E-02 0.11174E-01 0.57468E-02 0.80958E-02 0.14074E-01 0.83562E-02  13.435      2690    .            
 0.28251E-02 0.11559E-01 0.57103E-02 0.99160E-02 0.14036E-01 0.84698E-02  13.440      2691    .            
 0.28511E-02 0.12048E-01 0.56629E-02 0.11815E-01 0.13996E-01 0.85774E-02  13.445      2692    .            
 0.28834E-02 0.12618E-01 0.56050E-02 0.13707E-01 0.13956E-01 0.86773E-02  13.450      2693    .            
 0.29221E-02 0.13245E-01 0.55370E-02 0.15538E-01 0.13916E-01 0.87683E-02  13.455      2694    .            
 0.29668E-02 0.13906E-01 0.54596E-02 0.17272E-01 0.13875E-01 0.88491E-02  13.460      2695    .            
 0.30172E-02 0.14580E-01 0.53736E-02 0.18882E-01 0.13834E-01 0.89190E-02  13.465      2696    .            
 0.30730E-02 0.15247E-01 0.52796E-02 0.20348E-01 0.13793E-01 0.89777E-02  13.470      2697    .            
 0.31339E-02 0.15887E-01 0.51786E-02 0.21654E-01 0.13751E-01 0.90253E-02  13.475      2698    .            
 0.31994E-02 0.16483E-01 0.50714E-02 0.22791E-01 0.13709E-01 0.90621E-02  13.480      2699    .            
 0.32690E-02 0.17020E-01 0.49590E-02 0.23748E-01 0.13667E-01 0.90891E-02  13.485      2700    .            
 0.33423E-02 0.17483E-01 0.48422E-02 0.24524E-01 0.13624E-01 0.91073E-02  13.490      2701    .            
 0.34186E-02 0.17859E-01 0.47222E-02 0.25116E-01 0.13582E-01 0.91183E-02  13.495      2702    .            
 0.34974E-02 0.18136E-01 0.45997E-02 0.25527E-01 0.13540E-01 0.91239E-02  13.500      2703    .            
 0.35779E-02 0.18302E-01 0.44758E-02 0.25761E-01 0.13498E-01 0.91258E-02  13.505      2704    .            
 0.36596E-02 0.18349E-01 0.43514E-02 0.25824E-01 0.13455E-01 0.91263E-02  13.510      2705    .            
 0.37416E-02 0.18270E-01 0.42274E-02 0.25726E-01 0.13413E-01 0.91272E-02  13.515      2706    .            
 0.38233E-02 0.18059E-01 0.41046E-02 0.25477E-01 0.13371E-01 0.91308E-02  13.520      2707    .            
 0.39038E-02 0.17712E-01 0.39838E-02 0.25089E-01 0.13329E-01 0.91388E-02  13.525      2708    .            
 0.39824E-02 0.17229E-01 0.38657E-02 0.24576E-01 0.13286E-01 0.91531E-02  13.530      2709    .            
 0.40583E-02 0.16611E-01 0.37510E-02 0.23951E-01 0.13244E-01 0.91751E-02  13.535      2710    .            
 0.41307E-02 0.15863E-01 0.36403E-02 0.23230E-01 0.13202E-01 0.92061E-02  13.540      2711    .            
 0.41989E-02 0.14992E-01 0.35341E-02 0.22428E-01 0.13159E-01 0.92468E-02  13.545      2712    .            
 0.42621E-02 0.14012E-01 0.34330E-02 0.21560E-01 0.13116E-01 0.92979E-02  13.550      2713    .            
 0.43197E-02 0.12938E-01 0.33374E-02 0.20642E-01 0.13073E-01 0.93595E-02  13.555      2714    .            
 0.43709E-02 0.11796E-01 0.32475E-02 0.19691E-01 0.13030E-01 0.94314E-02  13.560      2715    .            
 0.44153E-02 0.10618E-01 0.31637E-02 0.18722E-01 0.12986E-01 0.95130E-02  13.565      2716    .            
 0.44522E-02 0.94523E-02 0.30863E-02 0.17752E-01 0.12942E-01 0.96034E-02  13.570      2717    .            
 0.44813E-02 0.83662E-02 0.30154E-02 0.16796E-01 0.12897E-01 0.97015E-02  13.575      2718    .            
 0.45021E-02 0.74561E-02 0.29512E-02 0.15871E-01 0.12852E-01 0.98058E-02  13.580      2719    .            
 0.45144E-02 0.68449E-02 0.28938E-02 0.14993E-01 0.12806E-01 0.99147E-02  13.585      2720    .            
 0.45180E-02 0.66528E-02 0.28431E-02 0.14178E-01 0.12759E-01 0.10026E-01  13.590      2721    .            
 0.45128E-02 0.69313E-02 0.27993E-02 0.13442E-01 0.12712E-01 0.10139E-01  13.595      2722    .            
 0.44988E-02 0.76265E-02 0.27622E-02 0.12799E-01 0.12665E-01 0.10250E-01  13.600      2723    .            
 0.44760E-02 0.86209E-02 0.27319E-02 0.12261E-01 0.12617E-01 0.10359E-01  13.605      2724    .            
 0.44448E-02 0.97956E-02 0.27081E-02 0.11837E-01 0.12568E-01 0.10462E-01  13.610      2725    .            
 0.44053E-02 0.11058E-01 0.26907E-02 0.11530E-01 0.12519E-01 0.10559E-01  13.615      2726    .            
 0.43579E-02 0.12343E-01 0.26796E-02 0.11339E-01 0.12469E-01 0.10649E-01  13.620      2727    .            
 0.43032E-02 0.13603E-01 0.26744E-02 0.11256E-01 0.12419E-01 0.10729E-01  13.625      2728    .            
 0.42415E-02 0.14805E-01 0.26750E-02 0.11268E-01 0.12369E-01 0.10800E-01  13.630      2729    .            
 0.41735E-02 0.15923E-01 0.26810E-02 0.11356E-01 0.12318E-01 0.10860E-01  13.635      2730    .            
 0.40998E-02 0.16939E-01 0.26921E-02 0.11503E-01 0.12267E-01 0.10910E-01  13.640      2731    .            
 0.40211E-02 0.17839E-01 0.27078E-02 0.11687E-01 0.12216E-01 0.10950E-01  13.645      2732    .            
 0.39382E-02 0.18614E-01 0.27279E-02 0.11888E-01 0.12165E-01 0.10980E-01  13.650      2733    .            
 0.38517E-02 0.19256E-01 0.27517E-02 0.12087E-01 0.12113E-01 0.11002E-01  13.655      2734    .            
 0.37625E-02 0.19764E-01 0.27789E-02 0.12269E-01 0.12062E-01 0.11016E-01  13.660      2735    .            
 0.36714E-02 0.20136E-01 0.28090E-02 0.12419E-01 0.12010E-01 0.11024E-01  13.665      2736    .            
 0.35790E-02 0.20374E-01 0.28413E-02 0.12524E-01 0.11959E-01 0.11027E-01  13.670      2737    .            
 0.34862E-02 0.20482E-01 0.28753E-02 0.12577E-01 0.11907E-01 0.11028E-01  13.675      2738    .            
 0.33936E-02 0.20467E-01 0.29106E-02 0.12568E-01 0.11856E-01 0.11029E-01  13.680      2739    .            
 0.33021E-02 0.20336E-01 0.29464E-02 0.12495E-01 0.11805E-01 0.11031E-01  13.685      2740    .            
 0.32122E-02 0.20098E-01 0.29821E-02 0.12356E-01 0.11753E-01 0.11035E-01  13.690      2741    .            
 0.31246E-02 0.19765E-01 0.30172E-02 0.12151E-01 0.11702E-01 0.11045E-01  13.695      2742    .            
 0.30399E-02 0.19347E-01 0.30511E-02 0.11886E-01 0.11650E-01 0.11060E-01  13.700      2743    .            
 0.29586E-02 0.18858E-01 0.30832E-02 0.11568E-01 0.11599E-01 0.11083E-01  13.705      2744    .            
 0.28814E-02 0.18311E-01 0.31129E-02 0.11210E-01 0.11547E-01 0.11114E-01  13.710      2745    .            
 0.28085E-02 0.17720E-01 0.31397E-02 0.10826E-01 0.11496E-01 0.11154E-01  13.715      2746    .            
 0.27404E-02 0.17099E-01 0.31630E-02 0.10437E-01 0.11444E-01 0.11204E-01  13.720      2747    .            
 0.26776E-02 0.16464E-01 0.31824E-02 0.10069E-01 0.11392E-01 0.11263E-01  13.725      2748    .            
 0.26202E-02 0.15831E-01 0.31974E-02 0.97485E-02 0.11339E-01 0.11331E-01  13.730      2749    .            
 0.25687E-02 0.15215E-01 0.32078E-02 0.95073E-02 0.11286E-01 0.11407E-01  13.735      2750    .            
 0.25232E-02 0.14632E-01 0.32131E-02 0.93744E-02 0.11233E-01 0.11490E-01  13.740      2751    .            
 0.24839E-02 0.14099E-01 0.32131E-02 0.93737E-02 0.11179E-01 0.11579E-01  13.745      2752    .            
 0.24510E-02 0.13630E-01 0.32076E-02 0.95192E-02 0.11125E-01 0.11674E-01  13.750      2753    .            
 0.24245E-02 0.13239E-01 0.31964E-02 0.98122E-02 0.11071E-01 0.11771E-01  13.755      2754    .            
 0.24046E-02 0.12937E-01 0.31796E-02 0.10242E-01 0.11016E-01 0.11870E-01  13.760      2755    .            
 0.23913E-02 0.12732E-01 0.31571E-02 0.10787E-01 0.10960E-01 0.11969E-01  13.765      2756    .            
 0.23845E-02 0.12629E-01 0.31290E-02 0.11422E-01 0.10904E-01 0.12066E-01  13.770      2757    .            
 0.23842E-02 0.12626E-01 0.30954E-02 0.12120E-01 0.10848E-01 0.12160E-01  13.774      2758    .            
 0.23903E-02 0.12718E-01 0.30566E-02 0.12853E-01 0.10791E-01 0.12249E-01  13.779      2759    .            
 0.24026E-02 0.12894E-01 0.30129E-02 0.13597E-01 0.10734E-01 0.12332E-01  13.784      2760    .            
 0.24210E-02 0.13143E-01 0.29645E-02 0.14330E-01 0.10676E-01 0.12407E-01  13.789      2761    .            
 0.24453E-02 0.13447E-01 0.29119E-02 0.15036E-01 0.10618E-01 0.12474E-01  13.794      2762    .            
 0.24751E-02 0.13791E-01 0.28555E-02 0.15698E-01 0.10560E-01 0.12532E-01  13.799      2763    .            
 0.25101E-02 0.14157E-01 0.27958E-02 0.16305E-01 0.10501E-01 0.12581E-01  13.804      2764    .            
 0.25501E-02 0.14530E-01 0.27333E-02 0.16847E-01 0.10442E-01 0.12621E-01  13.809      2765    .            
 0.25946E-02 0.14892E-01 0.26686E-02 0.17317E-01 0.10384E-01 0.12653E-01  13.814      2766    .            
 0.26431E-02 0.15228E-01 0.26022E-02 0.17712E-01 0.10325E-01 0.12676E-01  13.819      2767    .            
 0.26953E-02 0.15526E-01 0.25348E-02 0.18028E-01 0.10266E-01 0.12692E-01  13.824      2768    .            
 0.27506E-02 0.15772E-01 0.24670E-02 0.18267E-01 0.10207E-01 0.12702E-01  13.829      2769    .            
 0.28085E-02 0.15955E-01 0.23993E-02 0.18429E-01 0.10148E-01 0.12707E-01  13.834      2770    .            
 0.28684E-02 0.16065E-01 0.23324E-02 0.18519E-01 0.10089E-01 0.12709E-01  13.839      2771    .            
 0.29297E-02 0.16095E-01 0.22670E-02 0.18541E-01 0.10030E-01 0.12710E-01  13.844      2772    .            
 0.29919E-02 0.16036E-01 0.22035E-02 0.18502E-01 0.99712E-02 0.12710E-01  13.849      2773    .            
 0.30542E-02 0.15885E-01 0.21427E-02 0.18410E-01 0.99124E-02 0.12712E-01  13.854      2774    .            
 0.31161E-02 0.15639E-01 0.20850E-02 0.18273E-01 0.98537E-02 0.12718E-01  13.859      2775    .            
 0.31768E-02 0.15298E-01 0.20312E-02 0.18101E-01 0.97950E-02 0.12727E-01  13.864      2776    .            
 0.32358E-02 0.14863E-01 0.19816E-02 0.17906E-01 0.97364E-02 0.12743E-01  13.869      2777    .            
 0.32924E-02 0.14339E-01 0.19368E-02 0.17697E-01 0.96776E-02 0.12764E-01  13.874      2778    .            
 0.33460E-02 0.13735E-01 0.18974E-02 0.17486E-01 0.96189E-02 0.12794E-01  13.879      2779    .            
 0.33959E-02 0.13061E-01 0.18637E-02 0.17284E-01 0.95600E-02 0.12830E-01  13.884      2780    .            
 0.34417E-02 0.12335E-01 0.18362E-02 0.17103E-01 0.95009E-02 0.12875E-01  13.889      2781    .            
 0.34827E-02 0.11577E-01 0.18151E-02 0.16953E-01 0.94417E-02 0.12927E-01  13.894      2782    .            
 0.35185E-02 0.10814E-01 0.18010E-02 0.16845E-01 0.93822E-02 0.12986E-01  13.899      2783    .            
 0.35487E-02 0.10081E-01 0.17939E-02 0.16786E-01 0.93225E-02 0.13051E-01  13.904      2784    .            
 0.35729E-02 0.94192E-02 0.17941E-02 0.16785E-01 0.92624E-02 0.13123E-01  13.909      2785    .            
 0.35909E-02 0.88772E-02 0.18016E-02 0.16847E-01 0.92021E-02 0.13198E-01  13.914      2786    .            
 0.36023E-02 0.85044E-02 0.18167E-02 0.16976E-01 0.91414E-02 0.13278E-01  13.919      2787    .            
 0.36070E-02 0.83422E-02 0.18391E-02 0.17172E-01 0.90803E-02 0.13359E-01  13.924      2788    .            
 0.36050E-02 0.84122E-02 0.18690E-02 0.17437E-01 0.90189E-02 0.13440E-01  13.929      2789    .            
 0.35962E-02 0.87080E-02 0.19063E-02 0.17765E-01 0.89571E-02 0.13521E-01  13.934      2790    .            
 0.35808E-02 0.91984E-02 0.19506E-02 0.18153E-01 0.88950E-02 0.13600E-01  13.939      2791    .            
 0.35588E-02 0.98376E-02 0.20019E-02 0.18593E-01 0.88325E-02 0.13676E-01  13.944      2792    .            
 0.35306E-02 0.10576E-01 0.20600E-02 0.19077E-01 0.87698E-02 0.13747E-01  13.949      2793    .            
 0.34963E-02 0.11370E-01 0.21245E-02 0.19596E-01 0.87067E-02 0.13812E-01  13.954      2794    .            
 0.34564E-02 0.12179E-01 0.21952E-02 0.20139E-01 0.86435E-02 0.13871E-01  13.959      2795    .            
 0.34114E-02 0.12974E-01 0.22718E-02 0.20693E-01 0.85800E-02 0.13923E-01  13.964      2796    .            
 0.33616E-02 0.13729E-01 0.23539E-02 0.21247E-01 0.85163E-02 0.13967E-01  13.969      2797    .            
 0.33076E-02 0.14426E-01 0.24412E-02 0.21788E-01 0.84525E-02 0.14005E-01  13.974      2798    .            
 0.32499E-02 0.15051E-01 0.25333E-02 0.22303E-01 0.83887E-02 0.14034E-01  13.979      2799    .            
 0.31893E-02 0.15591E-01 0.26297E-02 0.22779E-01 0.83248E-02 0.14057E-01  13.984      2800    .            
 0.31262E-02 0.16042E-01 0.27299E-02 0.23202E-01 0.82609E-02 0.14074E-01  13.989      2801    .            
 0.30613E-02 0.16397E-01 0.28335E-02 0.23559E-01 0.81971E-02 0.14085E-01  13.994      2802    .            
 0.29954E-02 0.16656E-01 0.29398E-02 0.23839E-01 0.81333E-02 0.14091E-01  13.999      2803    .            
 0.29289E-02 0.16820E-01 0.30484E-02 0.24028E-01 0.80696E-02 0.14094E-01  14.004      2804    .            
 0.28627E-02 0.16891E-01 0.31585E-02 0.24116E-01 0.80060E-02 0.14095E-01  14.009      2805    .            
 0.27972E-02 0.16874E-01 0.32695E-02 0.24092E-01 0.79426E-02 0.14096E-01  14.014      2806    .            
 0.27331E-02 0.16776E-01 0.33807E-02 0.23949E-01 0.78792E-02 0.14096E-01  14.019      2807    .            
 0.26711E-02 0.16605E-01 0.34914E-02 0.23679E-01 0.78160E-02 0.14099E-01  14.024      2808    .            
 0.26116E-02 0.16371E-01 0.36009E-02 0.23276E-01 0.77529E-02 0.14104E-01  14.029      2809    .            
 0.25552E-02 0.16085E-01 0.37083E-02 0.22738E-01 0.76899E-02 0.14112E-01  14.034      2810    .            
 0.25025E-02 0.15758E-01 0.38129E-02 0.22063E-01 0.76269E-02 0.14126E-01  14.039      2811    .            
 0.24538E-02 0.15405E-01 0.39139E-02 0.21253E-01 0.75640E-02 0.14144E-01  14.044      2812    .            
 0.24096E-02 0.15038E-01 0.40106E-02 0.20312E-01 0.75011E-02 0.14168E-01  14.049      2813    .            
 0.23704E-02 0.14672E-01 0.41023E-02 0.19247E-01 0.74382E-02 0.14198E-01  14.054      2814    .            
 0.23364E-02 0.14323E-01 0.41883E-02 0.18069E-01 0.73753E-02 0.14233E-01  14.059      2815    .            
 0.23080E-02 0.14006E-01 0.42678E-02 0.16791E-01 0.73122E-02 0.14275E-01  14.064      2816    .            
 0.22855E-02 0.13737E-01 0.43404E-02 0.15430E-01 0.72491E-02 0.14321E-01  14.069      2817    .            
 0.22690E-02 0.13528E-01 0.44055E-02 0.14009E-01 0.71859E-02 0.14372E-01  14.074      2818    .            
 0.22589E-02 0.13393E-01 0.44625E-02 0.12557E-01 0.71226E-02 0.14426E-01  14.079      2819    .            
 0.22551E-02 0.13341E-01 0.45112E-02 0.11112E-01 0.70591E-02 0.14484E-01  14.084      2820    .            
 0.22579E-02 0.13379E-01 0.45513E-02 0.97251E-02 0.69954E-02 0.14544E-01  14.089      2821    .            
 0.22673E-02 0.13508E-01 0.45825E-02 0.84671E-02 0.69316E-02 0.14605E-01  14.094      2822    .            
 0.22832E-02 0.13728E-01 0.46047E-02 0.74354E-02 0.68676E-02 0.14665E-01  14.099      2823    .            
 0.23058E-02 0.14034E-01 0.46180E-02 0.67485E-02 0.68034E-02 0.14725E-01  14.104      2824    .            
 0.23348E-02 0.14415E-01 0.46224E-02 0.65097E-02 0.67391E-02 0.14783E-01  14.109      2825    .            
 0.23703E-02 0.14863E-01 0.46181E-02 0.67398E-02 0.66747E-02 0.14837E-01  14.114      2826    .            
 0.24120E-02 0.15362E-01 0.46053E-02 0.73537E-02 0.66102E-02 0.14888E-01  14.119      2827    .            
 0.24598E-02 0.15899E-01 0.45845E-02 0.82167E-02 0.65456E-02 0.14935E-01  14.124      2828    .            
 0.25133E-02 0.16460E-01 0.45561E-02 0.92054E-02 0.64810E-02 0.14976E-01  14.129      2829    .            
 0.25725E-02 0.17029E-01 0.45207E-02 0.10230E-01 0.64164E-02 0.15012E-01  14.134      2830    .            
 0.26368E-02 0.17591E-01 0.44787E-02 0.11228E-01 0.63519E-02 0.15043E-01  14.139      2831    .            
 0.27060E-02 0.18132E-01 0.44310E-02 0.12159E-01 0.62874E-02 0.15069E-01  14.144      2832    .            
 0.27797E-02 0.18638E-01 0.43782E-02 0.12993E-01 0.62230E-02 0.15089E-01  14.149      2833    .            
 0.28574E-02 0.19093E-01 0.43211E-02 0.13712E-01 0.61588E-02 0.15104E-01  14.154      2834    .            
 0.29386E-02 0.19487E-01 0.42605E-02 0.14303E-01 0.60948E-02 0.15114E-01  14.159      2835    .            
 0.30228E-02 0.19805E-01 0.41972E-02 0.14757E-01 0.60310E-02 0.15121E-01  14.164      2836    .            
 0.31094E-02 0.20036E-01 0.41320E-02 0.15071E-01 0.59675E-02 0.15125E-01  14.169      2837    .            
 0.31978E-02 0.20170E-01 0.40657E-02 0.15244E-01 0.59042E-02 0.15127E-01  14.174      2838    .            
 0.32874E-02 0.20198E-01 0.39991E-02 0.15278E-01 0.58413E-02 0.15127E-01  14.179      2839    .            
 0.33774E-02 0.20111E-01 0.39331E-02 0.15178E-01 0.57786E-02 0.15127E-01  14.184      2840    .            
 0.34673E-02 0.19903E-01 0.38684E-02 0.14952E-01 0.57163E-02 0.15128E-01  14.189      2841    .            
 0.35561E-02 0.19571E-01 0.38058E-02 0.14609E-01 0.56542E-02 0.15129E-01  14.194      2842    .            
 0.36433E-02 0.19111E-01 0.37460E-02 0.14161E-01 0.55925E-02 0.15133E-01  14.199      2843    .            
 0.37281E-02 0.18524E-01 0.36896E-02 0.13623E-01 0.55311E-02 0.15139E-01  14.204      2844    .            
 0.38097E-02 0.17812E-01 0.36372E-02 0.13011E-01 0.54700E-02 0.15148E-01  14.209      2845    .            
 0.38874E-02 0.16981E-01 0.35895E-02 0.12344E-01 0.54092E-02 0.15160E-01  14.214      2846    .            
 0.39605E-02 0.16041E-01 0.35469E-02 0.11648E-01 0.53487E-02 0.15176E-01  14.219      2847    .            
 0.40283E-02 0.15002E-01 0.35100E-02 0.10949E-01 0.52884E-02 0.15195E-01  14.224      2848    .            
 0.40903E-02 0.13883E-01 0.34791E-02 0.10282E-01 0.52285E-02 0.15219E-01  14.229      2849    .            
 0.41458E-02 0.12706E-01 0.34546E-02 0.96880E-02 0.51688E-02 0.15245E-01  14.234      2850    .            
 0.41943E-02 0.11500E-01 0.34369E-02 0.92110E-02 0.51093E-02 0.15275E-01  14.239      2851    .            
 0.42355E-02 0.10306E-01 0.34262E-02 0.88987E-02 0.50501E-02 0.15307E-01  14.244      2852    .            
 0.42689E-02 0.91785E-02 0.34227E-02 0.87918E-02 0.49911E-02 0.15341E-01  14.249      2853    .            
 0.42942E-02 0.81918E-02 0.34267E-02 0.89153E-02 0.49324E-02 0.15377E-01  14.254      2854    .            
 0.43112E-02 0.74400E-02 0.34382E-02 0.92713E-02 0.48740E-02 0.15414E-01  14.259      2855    .            
 0.43199E-02 0.70229E-02 0.34573E-02 0.98401E-02 0.48158E-02 0.15451E-01  14.264      2856    .            
 0.43202E-02 0.70075E-02 0.34841E-02 0.10587E-01 0.47580E-02 0.15488E-01  14.269      2857    .            
 0.43122E-02 0.73860E-02 0.35185E-02 0.11472E-01 0.47004E-02 0.15524E-01  14.274      2858    .            
 0.42961E-02 0.80796E-02 0.35605E-02 0.12455E-01 0.46432E-02 0.15559E-01  14.279      2859    .            
 0.42721E-02 0.89827E-02 0.36099E-02 0.13502E-01 0.45864E-02 0.15591E-01  14.284      2860    .            
 0.42406E-02 0.99997E-02 0.36666E-02 0.14582E-01 0.45300E-02 0.15621E-01  14.289      2861    .            
 0.42019E-02 0.11058E-01 0.37303E-02 0.15669E-01 0.44741E-02 0.15648E-01  14.294      2862    .            
 0.41566E-02 0.12104E-01 0.38007E-02 0.16737E-01 0.44187E-02 0.15673E-01  14.299      2863    .            
 0.41052E-02 0.13100E-01 0.38775E-02 0.17768E-01 0.43638E-02 0.15693E-01  14.304      2864    .            
 0.40483E-02 0.14019E-01 0.39603E-02 0.18740E-01 0.43096E-02 0.15711E-01  14.309      2865    .            
 0.39867E-02 0.14842E-01 0.40485E-02 0.19636E-01 0.42560E-02 0.15726E-01  14.314      2866    .            
 0.39209E-02 0.15554E-01 0.41417E-02 0.20439E-01 0.42031E-02 0.15737E-01  14.319      2867    .            
 0.38518E-02 0.16146E-01 0.42392E-02 0.21133E-01 0.41510E-02 0.15745E-01  14.324      2868    .            
 0.37800E-02 0.16612E-01 0.43404E-02 0.21702E-01 0.40997E-02 0.15751E-01  14.329      2869    .            
 0.37064E-02 0.16950E-01 0.44445E-02 0.22133E-01 0.40492E-02 0.15755E-01  14.334      2870    .            
 0.36316E-02 0.17160E-01 0.45507E-02 0.22413E-01 0.39996E-02 0.15757E-01  14.339      2871    .            
 0.35565E-02 0.17244E-01 0.46582E-02 0.22531E-01 0.39510E-02 0.15758E-01  14.344      2872    .            
 0.34818E-02 0.17208E-01 0.47661E-02 0.22476E-01 0.39034E-02 0.15758E-01  14.349      2873    .            
 0.34082E-02 0.17058E-01 0.48735E-02 0.22242E-01 0.38568E-02 0.15757E-01  14.354      2874    .            
 0.33363E-02 0.16803E-01 0.49793E-02 0.21824E-01 0.38112E-02 0.15757E-01  14.359      2875    .            
 0.32668E-02 0.16454E-01 0.50827E-02 0.21217E-01 0.37667E-02 0.15756E-01  14.364      2876    .            
 0.32003E-02 0.16022E-01 0.51826E-02 0.20423E-01 0.37234E-02 0.15757E-01  14.369      2877    .            
 0.31374E-02 0.15522E-01 0.52781E-02 0.19445E-01 0.36812E-02 0.15758E-01  14.374      2878    .            
 0.30787E-02 0.14967E-01 0.53681E-02 0.18288E-01 0.36401E-02 0.15760E-01  14.379      2879    .            
 0.30244E-02 0.14375E-01 0.54518E-02 0.16965E-01 0.36003E-02 0.15764E-01  14.384      2880    .            
 0.29752E-02 0.13763E-01 0.55282E-02 0.15489E-01 0.35617E-02 0.15768E-01  14.389      2881    .            
 0.29314E-02 0.13152E-01 0.55964E-02 0.13883E-01 0.35243E-02 0.15774E-01  14.394      2882    .            
 0.28933E-02 0.12563E-01 0.56558E-02 0.12175E-01 0.34882E-02 0.15782E-01  14.399      2883    .            
 0.28611E-02 0.12019E-01 0.57057E-02 0.10408E-01 0.34535E-02 0.15790E-01  14.404      2884    .            
 0.28353E-02 0.11546E-01 0.57453E-02 0.86508E-02 0.34200E-02 0.15800E-01  14.409      2885    .            
 0.28158E-02 0.11166E-01 0.57743E-02 0.70236E-02 0.33879E-02 0.15810E-01  14.414      2886    .            
 0.28030E-02 0.10903E-01 0.57923E-02 0.57506E-02 0.33573E-02 0.15821E-01  14.419      2887    .            
 0.27969E-02 0.10773E-01 0.57989E-02 0.51920E-02 0.33280E-02 0.15832E-01  14.424      2888    .            
 0.27975E-02 0.10786E-01 0.57941E-02 0.56100E-02 0.33002E-02 0.15844E-01  14.429      2889    .            
 0.28049E-02 0.10944E-01 0.57777E-02 0.68302E-02 0.32739E-02 0.15855E-01  14.434      2890    .            
 0.28191E-02 0.11237E-01 0.57499E-02 0.84908E-02 0.32492E-02 0.15867E-01  14.439      2891    .            
 0.28400E-02 0.11652E-01 0.57110E-02 0.10342E-01 0.32261E-02 0.15878E-01  14.444      2892    .            
 0.28675E-02 0.12165E-01 0.56611E-02 0.12248E-01 0.32046E-02 0.15889E-01  14.449      2893    .            
 0.29014E-02 0.12755E-01 0.56008E-02 0.14133E-01 0.31848E-02 0.15899E-01  14.454      2894    .            
 0.29415E-02 0.13397E-01 0.55307E-02 0.15947E-01 0.31668E-02 0.15908E-01  14.459      2895    .            
 0.29877E-02 0.14069E-01 0.54512E-02 0.17657E-01 0.31505E-02 0.15917E-01  14.464      2896    .            
 0.30395E-02 0.14748E-01 0.53633E-02 0.19238E-01 0.31360E-02 0.15924E-01  14.469      2897    .            
 0.30967E-02 0.15415E-01 0.52676E-02 0.20670E-01 0.31235E-02 0.15931E-01  14.474      2898    .            
 0.31589E-02 0.16050E-01 0.51650E-02 0.21940E-01 0.31128E-02 0.15937E-01  14.479      2899    .            
 0.32256E-02 0.16638E-01 0.50565E-02 0.23036E-01 0.31041E-02 0.15942E-01  14.484      2900    .            
 0.32963E-02 0.17162E-01 0.49429E-02 0.23952E-01 0.30974E-02 0.15946E-01  14.489      2901    .            
 0.33705E-02 0.17608E-01 0.48253E-02 0.24685E-01 0.30927E-02 0.15949E-01  14.494      2902    .            
 0.34477E-02 0.17962E-01 0.47045E-02 0.25235E-01 0.30900E-02 0.15952E-01  14.499      2903    .            
 0.35271E-02 0.18214E-01 0.45816E-02 0.25602E-01 0.30894E-02 0.15953E-01  14.504      2904    .            
 0.36082E-02 0.18352E-01 0.44575E-02 0.25794E-01 0.30908E-02 0.15954E-01  14.509      2905    .            
 0.36902E-02 0.18369E-01 0.43331E-02 0.25816E-01 0.30942E-02 0.15954E-01  14.514      2906    .            
 0.37724E-02 0.18256E-01 0.42093E-02 0.25678E-01 0.30998E-02 0.15954E-01  14.519      2907    .            
 0.38540E-02 0.18009E-01 0.40869E-02 0.25391E-01 0.31073E-02 0.15952E-01  14.524      2908    .            
 0.39342E-02 0.17626E-01 0.39667E-02 0.24967E-01 0.31169E-02 0.15949E-01  14.529      2909    .            
 0.40123E-02 0.17105E-01 0.38494E-02 0.24421E-01 0.31284E-02 0.15946E-01  14.534      2910    .            
 0.40875E-02 0.16449E-01 0.37357E-02 0.23766E-01 0.31419E-02 0.15941E-01  14.539      2911    .            
 0.41591E-02 0.15664E-01 0.36261E-02 0.23018E-01 0.31573E-02 0.15935E-01  14.544      2912    .            
 0.42261E-02 0.14759E-01 0.35213E-02 0.22191E-01 0.31746E-02 0.15928E-01  14.549      2913    .            
 0.42880E-02 0.13747E-01 0.34216E-02 0.21303E-01 0.31937E-02 0.15920E-01  14.554      2914    .            
 0.43440E-02 0.12649E-01 0.33275E-02 0.20369E-01 0.32146E-02 0.15911E-01  14.559      2915    .            
 0.43935E-02 0.11488E-01 0.32393E-02 0.19405E-01 0.32372E-02 0.15901E-01  14.564      2916    .            
 0.44360E-02 0.10304E-01 0.31573E-02 0.18427E-01 0.32614E-02 0.15889E-01  14.569      2917    .            
 0.44709E-02 0.91479E-02 0.30818E-02 0.17452E-01 0.32873E-02 0.15877E-01  14.574      2918    .            
 0.44978E-02 0.80950E-02 0.30128E-02 0.16495E-01 0.33147E-02 0.15863E-01  14.579      2919    .            
 0.45163E-02 0.72501E-02 0.29506E-02 0.15574E-01 0.33436E-02 0.15849E-01  14.584      2920    .            
 0.45263E-02 0.67410E-02 0.28952E-02 0.14705E-01 0.33740E-02 0.15834E-01  14.589      2921    .            
 0.45275E-02 0.66765E-02 0.28466E-02 0.13904E-01 0.34057E-02 0.15819E-01  14.594      2922    .            
 0.45198E-02 0.70795E-02 0.28048E-02 0.13187E-01 0.34388E-02 0.15804E-01  14.599      2923    .            
 0.45034E-02 0.78712E-02 0.27699E-02 0.12568E-01 0.34732E-02 0.15790E-01  14.604      2924    .            
 0.44783E-02 0.89280E-02 0.27416E-02 0.12058E-01 0.35089E-02 0.15775E-01  14.609      2925    .            
 0.44447E-02 0.10137E-01 0.27199E-02 0.11666E-01 0.35458E-02 0.15762E-01  14.614      2926    .            
 0.44030E-02 0.11412E-01 0.27046E-02 0.11394E-01 0.35839E-02 0.15749E-01  14.619      2927    .            
 0.43535E-02 0.12695E-01 0.26955E-02 0.11237E-01 0.36232E-02 0.15737E-01  14.624      2928    .            
 0.42967E-02 0.13943E-01 0.26923E-02 0.11186E-01 0.36636E-02 0.15727E-01  14.629      2929    .            
 0.42332E-02 0.15124E-01 0.26947E-02 0.11227E-01 0.37051E-02 0.15719E-01  14.634      2930    .            
 0.41635E-02 0.16216E-01 0.27025E-02 0.11340E-01 0.37477E-02 0.15711E-01  14.639      2931    .            
 0.40884E-02 0.17201E-01 0.27153E-02 0.11505E-01 0.37914E-02 0.15706E-01  14.644      2932    .            
 0.40084E-02 0.18067E-01 0.27326E-02 0.11702E-01 0.38361E-02 0.15702E-01  14.649      2933    .            
 0.39244E-02 0.18805E-01 0.27541E-02 0.11909E-01 0.38819E-02 0.15699E-01  14.654      2934    .            
 0.38371E-02 0.19410E-01 0.27793E-02 0.12110E-01 0.39286E-02 0.15698E-01  14.659      2935    .            
 0.37473E-02 0.19879E-01 0.28077E-02 0.12288E-01 0.39764E-02 0.15698E-01  14.664      2936    .            
 0.36557E-02 0.20212E-01 0.28388E-02 0.12429E-01 0.40250E-02 0.15698E-01  14.669      2937    .            
 0.35631E-02 0.20412E-01 0.28719E-02 0.12521E-01 0.40746E-02 0.15698E-01  14.674      2938    .            
 0.34703E-02 0.20483E-01 0.29066E-02 0.12556E-01 0.41251E-02 0.15698E-01  14.679      2939    .            
 0.33779E-02 0.20432E-01 0.29423E-02 0.12529E-01 0.41765E-02 0.15698E-01  14.684      2940    .            
 0.32868E-02 0.20267E-01 0.29784E-02 0.12434E-01 0.42287E-02 0.15696E-01  14.689      2941    .            
 0.31975E-02 0.19999E-01 0.30142E-02 0.12273E-01 0.42817E-02 0.15693E-01  14.694      2942    .            
 0.31107E-02 0.19637E-01 0.30492E-02 0.12046E-01 0.43354E-02 0.15687E-01  14.699      2943    .            
 0.30270E-02 0.19194E-01 0.30827E-02 0.11759E-01 0.43899E-02 0.15678E-01  14.704      2944    .            
 0.29469E-02 0.18683E-01 0.31143E-02 0.11423E-01 0.44450E-02 0.15667E-01  14.709      2945    .            
 0.28709E-02 0.18118E-01 0.31432E-02 0.11050E-01 0.45007E-02 0.15652E-01  14.714      2946    .            
 0.27994E-02 0.17512E-01 0.31690E-02 0.10657E-01 0.45570E-02 0.15633E-01  14.719      2947    .            
 0.27329E-02 0.16881E-01 0.31911E-02 0.10267E-01 0.46138E-02 0.15611E-01  14.724      2948    .            
 0.26717E-02 0.16241E-01 0.32092E-02 0.99066E-02 0.46711E-02 0.15585E-01  14.729      2949    .            
 0.26161E-02 0.15606E-01 0.32227E-02 0.96056E-02 0.47287E-02 0.15556E-01  14.734      2950    .            
 0.25664E-02 0.14994E-01 0.32314E-02 0.93952E-02 0.47868E-02 0.15523E-01  14.739      2951    .            
 0.25228E-02 0.14420E-01 0.32349E-02 0.93040E-02 0.48452E-02 0.15488E-01  14.744      2952    .            
 0.24855E-02 0.13900E-01 0.32330E-02 0.93533E-02 0.49039E-02 0.15450E-01  14.749      2953    .            
 0.24546E-02 0.13449E-01 0.32255E-02 0.95532E-02 0.49629E-02 0.15410E-01  14.754      2954    .            
 0.24302E-02 0.13081E-01 0.32123E-02 0.99003E-02 0.50221E-02 0.15369E-01  14.759      2955    .            
 0.24123E-02 0.12806E-01 0.31934E-02 0.10379E-01 0.50815E-02 0.15327E-01  14.764      2956    .            
 0.24010E-02 0.12631E-01 0.31688E-02 0.10967E-01 0.51411E-02 0.15286E-01  14.769      2957    .            
 0.23963E-02 0.12558E-01 0.31385E-02 0.11636E-01 0.52009E-02 0.15245E-01  14.774      2958    .            
 0.23980E-02 0.12585E-01 0.31029E-02 0.12357E-01 0.52609E-02 0.15205E-01  14.779      2959    .            
 0.24060E-02 0.12706E-01 0.30621E-02 0.13106E-01 0.53210E-02 0.15168E-01  14.784      2960    .            
 0.24203E-02 0.12908E-01 0.30163E-02 0.13857E-01 0.53813E-02 0.15134E-01  14.789      2961    .            
 0.24405E-02 0.13177E-01 0.29661E-02 0.14592E-01 0.54418E-02 0.15103E-01  14.794      2962    .            
 0.24665E-02 0.13498E-01 0.29117E-02 0.15292E-01 0.55025E-02 0.15075E-01  14.799      2963    .            
 0.24980E-02 0.13854E-01 0.28536E-02 0.15944E-01 0.55633E-02 0.15051E-01  14.804      2964    .            
 0.25346E-02 0.14227E-01 0.27924E-02 0.16537E-01 0.56244E-02 0.15032E-01  14.809      2965    .            
 0.25760E-02 0.14600E-01 0.27285E-02 0.17062E-01 0.56857E-02 0.15016E-01  14.814      2966    .            
 0.26217E-02 0.14958E-01 0.26626E-02 0.17513E-01 0.57473E-02 0.15005E-01  14.819      2967    .            
 0.26715E-02 0.15286E-01 0.25952E-02 0.17886E-01 0.58091E-02 0.14997E-01  14.824      2968    .            
 0.27246E-02 0.15570E-01 0.25268E-02 0.18180E-01 0.58711E-02 0.14992E-01  14.829      2969    .            
 0.27807E-02 0.15799E-01 0.24583E-02 0.18397E-01 0.59335E-02 0.14989E-01  14.834      2970    .            
 0.28393E-02 0.15960E-01 0.23900E-02 0.18537E-01 0.59961E-02 0.14988E-01  14.839      2971    .            
 0.28996E-02 0.16046E-01 0.23228E-02 0.18605E-01 0.60590E-02 0.14988E-01  14.844      2972    .            
 0.29612E-02 0.16047E-01 0.22571E-02 0.18606E-01 0.61222E-02 0.14987E-01  14.849      2973    .            
 0.30233E-02 0.15959E-01 0.21936E-02 0.18549E-01 0.61856E-02 0.14986E-01  14.854      2974    .            
 0.30855E-02 0.15777E-01 0.21328E-02 0.18439E-01 0.62493E-02 0.14983E-01  14.859      2975    .            
 0.31469E-02 0.15499E-01 0.20755E-02 0.18288E-01 0.63132E-02 0.14976E-01  14.864      2976    .            
 0.32070E-02 0.15126E-01 0.20220E-02 0.18105E-01 0.63773E-02 0.14966E-01  14.869      2977    .            
 0.32652E-02 0.14660E-01 0.19730E-02 0.17900E-01 0.64416E-02 0.14951E-01  14.874      2978    .            
 0.33207E-02 0.14108E-01 0.19289E-02 0.17684E-01 0.65060E-02 0.14931E-01  14.879      2979    .            
 0.33729E-02 0.13478E-01 0.18903E-02 0.17469E-01 0.65705E-02 0.14905E-01  14.884      2980    .            
 0.34214E-02 0.12785E-01 0.18576E-02 0.17267E-01 0.66350E-02 0.14873E-01  14.889      2981    .            
 0.34654E-02 0.12045E-01 0.18311E-02 0.17087E-01 0.66996E-02 0.14834E-01  14.894      2982    .            
 0.35046E-02 0.11283E-01 0.18113E-02 0.16942E-01 0.67641E-02 0.14790E-01  14.899      2983    .            
 0.35384E-02 0.10527E-01 0.17983E-02 0.16840E-01 0.68286E-02 0.14741E-01  14.904      2984    .            
 0.35665E-02 0.98140E-02 0.17925E-02 0.16790E-01 0.68930E-02 0.14686E-01  14.909      2985    .            
 0.35884E-02 0.91894E-02 0.17940E-02 0.16800E-01 0.69572E-02 0.14626E-01  14.914      2986    .            
 0.36040E-02 0.87023E-02 0.18029E-02 0.16873E-01 0.70213E-02 0.14563E-01  14.919      2987    .            
 0.36131E-02 0.84007E-02 0.18194E-02 0.17013E-01 0.70852E-02 0.14498E-01  14.924      2988    .            
 0.36154E-02 0.83202E-02 0.18432E-02 0.17222E-01 0.71489E-02 0.14430E-01  14.929      2989    .            
 0.36109E-02 0.84729E-02 0.18745E-02 0.17497E-01 0.72123E-02 0.14363E-01  14.934      2990    .            
 0.35998E-02 0.88427E-02 0.19130E-02 0.17835E-01 0.72756E-02 0.14296E-01  14.939      2991    .            
 0.35820E-02 0.93919E-02 0.19586E-02 0.18230E-01 0.73386E-02 0.14230E-01  14.944      2992    .            
 0.35578E-02 0.10072E-01 0.20112E-02 0.18676E-01 0.74015E-02 0.14168E-01  14.949      2993    .            
 0.35274E-02 0.10836E-01 0.20704E-02 0.19163E-01 0.74641E-02 0.14110E-01  14.954      2994    .            
 0.34911E-02 0.11639E-01 0.21360E-02 0.19681E-01 0.75266E-02 0.14056E-01  14.959      2995    .            
 0.34493E-02 0.12448E-01 0.22076E-02 0.20220E-01 0.75889E-02 0.14008E-01  14.964      2996    .            
 0.34025E-02 0.13232E-01 0.22851E-02 0.20768E-01 0.76511E-02 0.13966E-01  14.969      2997    .            
 0.33511E-02 0.13971E-01 0.23680E-02 0.21312E-01 0.77132E-02 0.13930E-01  14.974      2998    .            
 0.32958E-02 0.14645E-01 0.24559E-02 0.21839E-01 0.77753E-02 0.13901E-01  14.979      2999    .            
 0.32369E-02 0.15243E-01 0.25485E-02 0.22337E-01 0.78373E-02 0.13878E-01  14.984      3000    .            
 0.31753E-02 0.15755E-01 0.26452E-02 0.22792E-01 0.78994E-02 0.13861E-01  14.989      3001    .            
 0.31114E-02 0.16175E-01 0.27457E-02 0.23191E-01 0.79615E-02 0.13850E-01  14.994      3002    .            
 0.30460E-02 0.16499E-01 0.28493E-02 0.23522E-01 0.80237E-02 0.13843E-01  14.999      3003    .            
 0.29797E-02 0.16728E-01 0.29555E-02 0.23771E-01 0.80860E-02 0.13839E-01  15.004      3004    .            
 0.29131E-02 0.16861E-01 0.30637E-02 0.23927E-01 0.81483E-02 0.13838E-01  15.009      3005    .            
 0.28469E-02 0.16903E-01 0.31733E-02 0.23980E-01 0.82108E-02 0.13837E-01  15.014      3006    .            
 0.27816E-02 0.16860E-01 0.32835E-02 0.23920E-01 0.82734E-02 0.13836E-01  15.019      3007    .            
 0.27180E-02 0.16738E-01 0.33938E-02 0.23738E-01 0.83361E-02 0.13834E-01  15.024      3008    .            
 0.26565E-02 0.16545E-01 0.35033E-02 0.23429E-01 0.83989E-02 0.13828E-01  15.029      3009    .            
 0.25978E-02 0.16293E-01 0.36114E-02 0.22988E-01 0.84617E-02 0.13817E-01  15.034      3010    .            
 0.25424E-02 0.15992E-01 0.37172E-02 0.22412E-01 0.85246E-02 0.13801E-01  15.039      3011    .            
 0.24907E-02 0.15654E-01 0.38200E-02 0.21701E-01 0.85874E-02 0.13778E-01  15.044      3012    .            
 0.24432E-02 0.15293E-01 0.39191E-02 0.20857E-01 0.86502E-02 0.13748E-01  15.049      3013    .            
 0.24003E-02 0.14923E-01 0.40136E-02 0.19887E-01 0.87130E-02 0.13709E-01  15.054      3014    .            
 0.23625E-02 0.14559E-01 0.41029E-02 0.18797E-01 0.87756E-02 0.13662E-01  15.059      3015    .            
 0.23300E-02 0.14216E-01 0.41864E-02 0.17599E-01 0.88380E-02 0.13607E-01  15.064      3016    .            
 0.23032E-02 0.13910E-01 0.42633E-02 0.16308E-01 0.89002E-02 0.13544E-01  15.069      3017    .            
 0.22823E-02 0.13655E-01 0.43332E-02 0.14942E-01 0.89621E-02 0.13473E-01  15.074      3018    .            
 0.22676E-02 0.13464E-01 0.43954E-02 0.13527E-01 0.90237E-02 0.13396E-01  15.079      3019    .            
 0.22591E-02 0.13350E-01 0.44497E-02 0.12091E-01 0.90849E-02 0.13313E-01  15.084      3020    .            
 0.22571E-02 0.13321E-01 0.44956E-02 0.10678E-01 0.91458E-02 0.13226E-01  15.089      3021    .            
 0.22616E-02 0.13382E-01 0.45328E-02 0.93414E-02 0.92063E-02 0.13136E-01  15.094      3022    .            
 0.22727E-02 0.13535E-01 0.45613E-02 0.81580E-02 0.92663E-02 0.13044E-01  15.099      3023    .            
 0.22904E-02 0.13777E-01 0.45809E-02 0.72288E-02 0.93260E-02 0.12953E-01  15.104      3024    .            
 0.23146E-02 0.14102E-01 0.45916E-02 0.66690E-02 0.93852E-02 0.12863E-01  15.109      3025    .            
 0.23453E-02 0.14501E-01 0.45937E-02 0.65602E-02 0.94440E-02 0.12777E-01  15.114      3026    .            
 0.23824E-02 0.14960E-01 0.45872E-02 0.68929E-02 0.95024E-02 0.12695E-01  15.119      3027    .            
 0.24256E-02 0.15468E-01 0.45725E-02 0.75659E-02 0.95605E-02 0.12618E-01  15.124      3028    .            
 0.24747E-02 0.16010E-01 0.45499E-02 0.84481E-02 0.96182E-02 0.12549E-01  15.129      3029    .            
 0.25296E-02 0.16571E-01 0.45201E-02 0.94283E-02 0.96757E-02 0.12488E-01  15.134      3030    .            
 0.25900E-02 0.17135E-01 0.44834E-02 0.10426E-01 0.97329E-02 0.12435E-01  15.139      3031    .            
 0.26554E-02 0.17689E-01 0.44405E-02 0.11387E-01 0.97899E-02 0.12390E-01  15.144      3032    .            
 0.27256E-02 0.18218E-01 0.43922E-02 0.12274E-01 0.98467E-02 0.12354E-01  15.149      3033    .            
 0.28001E-02 0.18707E-01 0.43390E-02 0.13062E-01 0.99035E-02 0.12327E-01  15.154      3034    .            
 0.28784E-02 0.19143E-01 0.42818E-02 0.13732E-01 0.99601E-02 0.12307E-01  15.159      3035    .            
 0.29601E-02 0.19513E-01 0.42214E-02 0.14274E-01 0.10017E-01 0.12294E-01  15.164      3036    .            
 0.30446E-02 0.19805E-01 0.41585E-02 0.14680E-01 0.10073E-01 0.12286E-01  15.169      3037    .            
 0.31314E-02 0.20007E-01 0.40940E-02 0.14948E-01 0.10130E-01 0.12283E-01  15.174      3038    .            
 0.32197E-02 0.20110E-01 0.40287E-02 0.15078E-01 0.10187E-01 0.12281E-01  15.179      3039    .            
 0.33091E-02 0.20104E-01 0.39634E-02 0.15072E-01 0.10244E-01 0.12281E-01  15.184      3040    .            
 0.33987E-02 0.19983E-01 0.38989E-02 0.14936E-01 0.10300E-01 0.12279E-01  15.189      3041    .            
 0.34878E-02 0.19741E-01 0.38359E-02 0.14678E-01 0.10357E-01 0.12275E-01  15.194      3042    .            
 0.35759E-02 0.19373E-01 0.37752E-02 0.14308E-01 0.10414E-01 0.12266E-01  15.199      3043    .            
 0.36620E-02 0.18879E-01 0.37174E-02 0.13840E-01 0.10471E-01 0.12250E-01  15.204      3044    .            
 0.37455E-02 0.18259E-01 0.36633E-02 0.13286E-01 0.10528E-01 0.12227E-01  15.209      3045    .            
 0.38256E-02 0.17517E-01 0.36133E-02 0.12666E-01 0.10585E-01 0.12195E-01  15.214      3046    .            
 0.39017E-02 0.16659E-01 0.35681E-02 0.12001E-01 0.10641E-01 0.12153E-01  15.219      3047    .            
 0.39730E-02 0.15696E-01 0.35281E-02 0.11315E-01 0.10698E-01 0.12102E-01  15.224      3048    .            
 0.40389E-02 0.14641E-01 0.34939E-02 0.10638E-01 0.10754E-01 0.12040E-01  15.229      3049    .            
 0.40988E-02 0.13511E-01 0.34658E-02 0.10007E-01 0.10810E-01 0.11967E-01  15.234      3050    .            
 0.41521E-02 0.12332E-01 0.34442E-02 0.94637E-02 0.10865E-01 0.11885E-01  15.239      3051    .            
 0.41984E-02 0.11136E-01 0.34294E-02 0.90537E-02 0.10920E-01 0.11795E-01  15.244      3052    .            
 0.42373E-02 0.99655E-02 0.34216E-02 0.88225E-02 0.10975E-01 0.11697E-01  15.249      3053    .            
 0.42683E-02 0.88797E-02 0.34211E-02 0.88056E-02 0.11029E-01 0.11592E-01  15.254      3054    .            
 0.42913E-02 0.79568E-02 0.34280E-02 0.90198E-02 0.11083E-01 0.11483E-01  15.259      3055    .            
 0.43061E-02 0.72929E-02 0.34424E-02 0.94589E-02 0.11136E-01 0.11372E-01  15.264      3056    .            
 0.43125E-02 0.69811E-02 0.34645E-02 0.10097E-01 0.11188E-01 0.11259E-01  15.269      3057    .            
 0.43107E-02 0.70698E-02 0.34941E-02 0.10898E-01 0.11240E-01 0.11148E-01  15.274      3058    .            
 0.43007E-02 0.75309E-02 0.35314E-02 0.11822E-01 0.11292E-01 0.11040E-01  15.279      3059    .            
 0.42827E-02 0.82760E-02 0.35762E-02 0.12831E-01 0.11343E-01 0.10936E-01  15.284      3060    .            
 0.42569E-02 0.92020E-02 0.36283E-02 0.13893E-01 0.11393E-01 0.10839E-01  15.289      3061    .            
 0.42238E-02 0.10221E-01 0.36876E-02 0.14979E-01 0.11443E-01 0.10749E-01  15.294      3062    .            
 0.41837E-02 0.11265E-01 0.37538E-02 0.16063E-01 0.11492E-01 0.10669E-01  15.299      3063    .            
 0.41373E-02 0.12289E-01 0.38267E-02 0.17124E-01 0.11541E-01 0.10598E-01  15.304      3064    .            
 0.40849E-02 0.13255E-01 0.39058E-02 0.18140E-01 0.11590E-01 0.10538E-01  15.309      3065    .            
 0.40273E-02 0.14141E-01 0.39907E-02 0.19094E-01 0.11639E-01 0.10488E-01  15.314      3066    .            
 0.39651E-02 0.14928E-01 0.40809E-02 0.19967E-01 0.11687E-01 0.10449E-01  15.319      3067    .            
 0.38990E-02 0.15603E-01 0.41760E-02 0.20743E-01 0.11735E-01 0.10420E-01  15.324      3068    .            
 0.38298E-02 0.16158E-01 0.42752E-02 0.21406E-01 0.11783E-01 0.10399E-01  15.329      3069    .            
 0.37582E-02 0.16587E-01 0.43778E-02 0.21942E-01 0.11831E-01 0.10386E-01  15.334      3070    .            
 0.36849E-02 0.16890E-01 0.44832E-02 0.22336E-01 0.11879E-01 0.10379E-01  15.339      3071    .            
 0.36107E-02 0.17067E-01 0.45905E-02 0.22577E-01 0.11927E-01 0.10376E-01  15.344      3072    .            
 0.35363E-02 0.17120E-01 0.46988E-02 0.22653E-01 0.11975E-01 0.10375E-01  15.349      3073    .            
 0.34625E-02 0.17056E-01 0.48073E-02 0.22555E-01 0.12024E-01 0.10374E-01  15.354      3074    .            
 0.33899E-02 0.16881E-01 0.49151E-02 0.22276E-01 0.12072E-01 0.10372E-01  15.359      3075    .            
 0.33192E-02 0.16604E-01 0.50211E-02 0.21812E-01 0.12120E-01 0.10365E-01  15.364      3076    .            
 0.32511E-02 0.16237E-01 0.51244E-02 0.21161E-01 0.12168E-01 0.10351E-01  15.369      3077    .            
 0.31861E-02 0.15792E-01 0.52240E-02 0.20323E-01 0.12216E-01 0.10330E-01  15.374      3078    .            
 0.31248E-02 0.15281E-01 0.53189E-02 0.19302E-01 0.12264E-01 0.10300E-01  15.379      3079    .            
 0.30677E-02 0.14721E-01 0.54082E-02 0.18106E-01 0.12312E-01 0.10258E-01  15.384      3080    .            
 0.30152E-02 0.14128E-01 0.54908E-02 0.16746E-01 0.12359E-01 0.10206E-01  15.389      3081    .            
 0.29678E-02 0.13520E-01 0.55661E-02 0.15239E-01 0.12407E-01 0.10141E-01  15.394      3082    .            
 0.29258E-02 0.12918E-01 0.56330E-02 0.13606E-01 0.12454E-01 0.10065E-01  15.399      3083    .            
 0.28896E-02 0.12344E-01 0.56909E-02 0.11879E-01 0.12500E-01 0.99770E-02  15.404      3084    .            
 0.28594E-02 0.11821E-01 0.57392E-02 0.10103E-01 0.12546E-01 0.98786E-02  15.409      3085    .            
 0.28355E-02 0.11375E-01 0.57772E-02 0.83530E-02 0.12592E-01 0.97707E-02  15.414      3086    .            
 0.28181E-02 0.11028E-01 0.58044E-02 0.67603E-02 0.12637E-01 0.96550E-02  15.419      3087    .            
 0.28072E-02 0.10802E-01 0.58205E-02 0.55712E-02 0.12681E-01 0.95332E-02  15.424      3088    .            
 0.28030E-02 0.10712E-01 0.58254E-02 0.51567E-02 0.12725E-01 0.94072E-02  15.429      3089    .            
 0.28055E-02 0.10766E-01 0.58187E-02 0.57227E-02 0.12768E-01 0.92792E-02  15.434      3090    .            
 0.28149E-02 0.10963E-01 0.58006E-02 0.70322E-02 0.12810E-01 0.91514E-02  15.439      3091    .            
 0.28309E-02 0.11292E-01 0.57712E-02 0.87303E-02 0.12852E-01 0.90259E-02  15.444      3092    .            
 0.28536E-02 0.11735E-01 0.57307E-02 0.10589E-01 0.12893E-01 0.89049E-02  15.449      3093    .            
 0.28828E-02 0.12273E-01 0.56793E-02 0.12487E-01 0.12934E-01 0.87904E-02  15.454      3094    .            
 0.29184E-02 0.12880E-01 0.56177E-02 0.14353E-01 0.12974E-01 0.86840E-02  15.459      3095    .            
 0.29601E-02 0.13534E-01 0.55464E-02 0.16142E-01 0.13013E-01 0.85871E-02  15.464      3096    .            
 0.30078E-02 0.14211E-01 0.54660E-02 0.17823E-01 0.13052E-01 0.85011E-02  15.469      3097    .            
 0.30610E-02 0.14892E-01 0.53772E-02 0.19371E-01 0.13090E-01 0.84265E-02  15.474      3098    .            
 0.31196E-02 0.15556E-01 0.52808E-02 0.20770E-01 0.13128E-01 0.83638E-02  15.479      3099    .            
 0.31830E-02 0.16185E-01 0.51778E-02 0.22004E-01 0.13166E-01 0.83130E-02  15.484      3100    .            
 0.32508E-02 0.16762E-01 0.50690E-02 0.23065E-01 0.13204E-01 0.82736E-02  15.489      3101    .            
 0.33225E-02 0.17273E-01 0.49553E-02 0.23946E-01 0.13241E-01 0.82448E-02  15.494      3102    .            
 0.33976E-02 0.17704E-01 0.48378E-02 0.24645E-01 0.13278E-01 0.82253E-02  15.499      3103    .            
 0.34755E-02 0.18041E-01 0.47173E-02 0.25160E-01 0.13316E-01 0.82137E-02  15.504      3104    .            
 0.35556E-02 0.18273E-01 0.45948E-02 0.25496E-01 0.13353E-01 0.82079E-02  15.509      3105    .            
 0.36372E-02 0.18391E-01 0.44713E-02 0.25657E-01 0.13390E-01 0.82059E-02  15.514      3106    .            
 0.37195E-02 0.18385E-01 0.43476E-02 0.25650E-01 0.13427E-01 0.82055E-02  15.519      3107    .            
 0.38019E-02 0.18249E-01 0.42246E-02 0.25486E-01 0.13465E-01 0.82042E-02  15.524      3108    .            
 0.38836E-02 0.17979E-01 0.41032E-02 0.25174E-01 0.13502E-01 0.81998E-02  15.529      3109    .            
 0.39638E-02 0.17573E-01 0.39842E-02 0.24728E-01 0.13539E-01 0.81899E-02  15.534      3110    .            
 0.40418E-02 0.17029E-01 0.38681E-02 0.24161E-01 0.13577E-01 0.81725E-02  15.539      3111    .            
 0.41167E-02 0.16352E-01 0.37557E-02 0.23487E-01 0.13614E-01 0.81458E-02  15.544      3112    .            
 0.41878E-02 0.15548E-01 0.36476E-02 0.22722E-01 0.13651E-01 0.81083E-02  15.549      3113    .            
 0.42543E-02 0.14625E-01 0.35442E-02 0.21880E-01 0.13687E-01 0.80588E-02  15.554      3114    .            
 0.43155E-02 0.13599E-01 0.34461E-02 0.20979E-01 0.13724E-01 0.79968E-02  15.559      3115    .            
 0.43708E-02 0.12488E-01 0.33536E-02 0.20033E-01 0.13760E-01 0.79220E-02  15.564      3116    .            
 0.44196E-02 0.11321E-01 0.32671E-02 0.19059E-01 0.13796E-01 0.78346E-02  15.569      3117    .            
 0.44612E-02 0.10135E-01 0.31868E-02 0.18073E-01 0.13831E-01 0.77355E-02  15.574      3118    .            
 0.44952E-02 0.89846E-02 0.31130E-02 0.17092E-01 0.13866E-01 0.76256E-02  15.579      3119    .            
 0.45211E-02 0.79472E-02 0.30458E-02 0.16131E-01 0.13900E-01 0.75066E-02  15.584      3120    .            
 0.45388E-02 0.71305E-02 0.29853E-02 0.15208E-01 0.13933E-01 0.73803E-02  15.589      3121    .            
 0.45478E-02 0.66629E-02 0.29317E-02 0.14340E-01 0.13966E-01 0.72486E-02  15.594      3122    .            
 0.45481E-02 0.66470E-02 0.28849E-02 0.13542E-01 0.13998E-01 0.71140E-02  15.599      3123    .            
 0.45396E-02 0.70940E-02 0.28449E-02 0.12832E-01 0.14029E-01 0.69787E-02  15.604      3124    .            
 0.45223E-02 0.79165E-02 0.28118E-02 0.12225E-01 0.14059E-01 0.68452E-02  15.609      3125    .            
 0.44964E-02 0.89898E-02 0.27853E-02 0.11730E-01 0.14089E-01 0.67155E-02  15.614      3126    .            
 0.44622E-02 0.10204E-01 0.27653E-02 0.11357E-01 0.14118E-01 0.65920E-02  15.619      3127    .            
 0.44198E-02 0.11477E-01 0.27517E-02 0.11107E-01 0.14146E-01 0.64765E-02  15.624      3128    .            
 0.43698E-02 0.12752E-01 0.27442E-02 0.10975E-01 0.14174E-01 0.63705E-02  15.629      3129    .            
 0.43126E-02 0.13989E-01 0.27426E-02 0.10950E-01 0.14201E-01 0.62755E-02  15.634      3130    .            
 0.42487E-02 0.15156E-01 0.27466E-02 0.11016E-01 0.14228E-01 0.61922E-02  15.639      3131    .            
 0.41788E-02 0.16234E-01 0.27559E-02 0.11153E-01 0.14254E-01 0.61211E-02  15.644      3132    .            
 0.41035E-02 0.17203E-01 0.27701E-02 0.11340E-01 0.14280E-01 0.60625E-02  15.649      3133    .            
 0.40234E-02 0.18054E-01 0.27888E-02 0.11554E-01 0.14305E-01 0.60159E-02  15.654      3134    .            
 0.39394E-02 0.18777E-01 0.28116E-02 0.11777E-01 0.14330E-01 0.59806E-02  15.659      3135    .            
 0.38522E-02 0.19368E-01 0.28380E-02 0.11988E-01 0.14356E-01 0.59556E-02  15.664      3136    .            
 0.37625E-02 0.19823E-01 0.28675E-02 0.12172E-01 0.14381E-01 0.59395E-02  15.669      3137    .            
 0.36711E-02 0.20144E-01 0.28995E-02 0.12316E-01 0.14405E-01 0.59304E-02  15.674      3138    .            
 0.35788E-02 0.20332E-01 0.29336E-02 0.12408E-01 0.14430E-01 0.59265E-02  15.679      3139    .            
 0.34863E-02 0.20393E-01 0.29692E-02 0.12439E-01 0.14455E-01 0.59256E-02  15.683      3140    .            
 0.33943E-02 0.20333E-01 0.30056E-02 0.12405E-01 0.14480E-01 0.59252E-02  15.688      3141    .            
 0.33036E-02 0.20160E-01 0.30422E-02 0.12302E-01 0.14505E-01 0.59231E-02  15.693      3142    .            
 0.32147E-02 0.19884E-01 0.30786E-02 0.12129E-01 0.14530E-01 0.59170E-02  15.698      3143    .            
 0.31284E-02 0.19515E-01 0.31139E-02 0.11889E-01 0.14555E-01 0.59047E-02  15.703      3144    .            
 0.30451E-02 0.19067E-01 0.31477E-02 0.11588E-01 0.14580E-01 0.58842E-02  15.708      3145    .            
 0.29655E-02 0.18551E-01 0.31793E-02 0.11237E-01 0.14605E-01 0.58539E-02  15.713      3146    .            
 0.28900E-02 0.17981E-01 0.32082E-02 0.10849E-01 0.14629E-01 0.58125E-02  15.718      3147    .            
 0.28190E-02 0.17371E-01 0.32339E-02 0.10444E-01 0.14653E-01 0.57593E-02  15.723      3148    .            
 0.27529E-02 0.16736E-01 0.32558E-02 0.10043E-01 0.14677E-01 0.56939E-02  15.728      3149    .            
 0.26922E-02 0.16093E-01 0.32735E-02 0.96764E-02 0.14701E-01 0.56164E-02  15.733      3150    .            
 0.26370E-02 0.15455E-01 0.32866E-02 0.93748E-02 0.14724E-01 0.55274E-02  15.738      3151    .            
 0.25877E-02 0.14840E-01 0.32947E-02 0.91712E-02 0.14746E-01 0.54281E-02  15.743      3152    .            
 0.25445E-02 0.14263E-01 0.32975E-02 0.90953E-02 0.14768E-01 0.53200E-02  15.748      3153    .            
 0.25075E-02 0.13741E-01 0.32947E-02 0.91683E-02 0.14789E-01 0.52049E-02  15.753      3154    .            
 0.24769E-02 0.13288E-01 0.32863E-02 0.93987E-02 0.14810E-01 0.50849E-02  15.758      3155    .            
 0.24527E-02 0.12918E-01 0.32721E-02 0.97809E-02 0.14829E-01 0.49624E-02  15.763      3156    .            
 0.24351E-02 0.12642E-01 0.32521E-02 0.10297E-01 0.14848E-01 0.48398E-02  15.768      3157    .            
 0.24239E-02 0.12467E-01 0.32262E-02 0.10921E-01 0.14866E-01 0.47193E-02  15.773      3158    .            
 0.24193E-02 0.12394E-01 0.31947E-02 0.11625E-01 0.14883E-01 0.46033E-02  15.778      3159    .            
 0.24210E-02 0.12422E-01 0.31577E-02 0.12378E-01 0.14900E-01 0.44937E-02  15.783      3160    .            
 0.24291E-02 0.12544E-01 0.31154E-02 0.13156E-01 0.14915E-01 0.43921E-02  15.788      3161    .            
 0.24433E-02 0.12747E-01 0.30682E-02 0.13933E-01 0.14930E-01 0.42998E-02  15.793      3162    .            
 0.24634E-02 0.13019E-01 0.30163E-02 0.14691E-01 0.14944E-01 0.42178E-02  15.798      3163    .            
 0.24892E-02 0.13342E-01 0.29602E-02 0.15411E-01 0.14958E-01 0.41465E-02  15.803      3164    .            
 0.25205E-02 0.13699E-01 0.29004E-02 0.16081E-01 0.14971E-01 0.40859E-02  15.808      3165    .            
 0.25568E-02 0.14074E-01 0.28373E-02 0.16690E-01 0.14984E-01 0.40360E-02  15.813      3166    .            
 0.25979E-02 0.14448E-01 0.27715E-02 0.17229E-01 0.14996E-01 0.39960E-02  15.818      3167    .            
 0.26433E-02 0.14808E-01 0.27036E-02 0.17692E-01 0.15008E-01 0.39653E-02  15.823      3168    .            
 0.26927E-02 0.15138E-01 0.26341E-02 0.18075E-01 0.15020E-01 0.39430E-02  15.828      3169    .            
 0.27454E-02 0.15424E-01 0.25636E-02 0.18379E-01 0.15032E-01 0.39278E-02  15.833      3170    .            
 0.28011E-02 0.15654E-01 0.24928E-02 0.18602E-01 0.15044E-01 0.39185E-02  15.838      3171    .            
 0.28592E-02 0.15818E-01 0.24222E-02 0.18747E-01 0.15055E-01 0.39138E-02  15.843      3172    .            
 0.29191E-02 0.15905E-01 0.23525E-02 0.18819E-01 0.15067E-01 0.39121E-02  15.848      3173    .            
 0.29801E-02 0.15910E-01 0.22843E-02 0.18823E-01 0.15078E-01 0.39118E-02  15.853      3174    .            
 0.30418E-02 0.15825E-01 0.22182E-02 0.18766E-01 0.15090E-01 0.39113E-02  15.858      3175    .            
 0.31035E-02 0.15647E-01 0.21547E-02 0.18655E-01 0.15101E-01 0.39088E-02  15.863      3176    .            
 0.31645E-02 0.15374E-01 0.20945E-02 0.18500E-01 0.15113E-01 0.39028E-02  15.868      3177    .            
 0.32241E-02 0.15005E-01 0.20382E-02 0.18311E-01 0.15124E-01 0.38919E-02  15.873      3178    .            
 0.32818E-02 0.14546E-01 0.19861E-02 0.18098E-01 0.15136E-01 0.38748E-02  15.878      3179    .            
 0.33369E-02 0.14000E-01 0.19389E-02 0.17872E-01 0.15147E-01 0.38506E-02  15.883      3180    .            
 0.33889E-02 0.13377E-01 0.18971E-02 0.17644E-01 0.15158E-01 0.38188E-02  15.888      3181    .            
 0.34370E-02 0.12691E-01 0.18610E-02 0.17426E-01 0.15169E-01 0.37795E-02  15.893      3182    .            
 0.34807E-02 0.11958E-01 0.18312E-02 0.17228E-01 0.15179E-01 0.37331E-02  15.898      3183    .            
 0.35197E-02 0.11202E-01 0.18078E-02 0.17061E-01 0.15189E-01 0.36805E-02  15.903      3184    .            
 0.35533E-02 0.10453E-01 0.17914E-02 0.16935E-01 0.15198E-01 0.36232E-02  15.908      3185    .            
 0.35812E-02 0.97452E-02 0.17820E-02 0.16858E-01 0.15207E-01 0.35629E-02  15.913      3186    .            
 0.36031E-02 0.91241E-02 0.17799E-02 0.16838E-01 0.15215E-01 0.35018E-02  15.918      3187    .            
 0.36187E-02 0.86385E-02 0.17853E-02 0.16879E-01 0.15222E-01 0.34421E-02  15.923      3188    .            
 0.36277E-02 0.83362E-02 0.17981E-02 0.16985E-01 0.15229E-01 0.33861E-02  15.928      3189    .            
 0.36301E-02 0.82531E-02 0.18184E-02 0.17158E-01 0.15234E-01 0.33359E-02  15.933      3190    .            
 0.36258E-02 0.84017E-02 0.18462E-02 0.17397E-01 0.15239E-01 0.32932E-02  15.938      3191    .            
 0.36148E-02 0.87671E-02 0.18812E-02 0.17699E-01 0.15243E-01 0.32591E-02  15.943      3192    .            
 0.35972E-02 0.93121E-02 0.19234E-02 0.18058E-01 0.15246E-01 0.32341E-02  15.948      3193    .            
 0.35732E-02 0.99893E-02 0.19725E-02 0.18469E-01 0.15249E-01 0.32181E-02  15.953      3194    .            
 0.35430E-02 0.10751E-01 0.20284E-02 0.18923E-01 0.15250E-01 0.32104E-02  15.958      3195    .            
 0.35069E-02 0.11554E-01 0.20907E-02 0.19409E-01 0.15251E-01 0.32097E-02  15.963      3196    .            
 0.34654E-02 0.12364E-01 0.21591E-02 0.19919E-01 0.15251E-01 0.32144E-02  15.968      3197    .            
 0.34188E-02 0.13152E-01 0.22333E-02 0.20441E-01 0.15251E-01 0.32229E-02  15.973      3198    .            
 0.33676E-02 0.13895E-01 0.23131E-02 0.20962E-01 0.15250E-01 0.32335E-02  15.978      3199    .            
 0.33123E-02 0.14577E-01 0.23979E-02 0.21470E-01 0.15249E-01 0.32445E-02  15.983      3200    .            
 0.32536E-02 0.15184E-01 0.24873E-02 0.21952E-01 0.15247E-01 0.32550E-02  15.988      3201    .            
 0.31920E-02 0.15706E-01 0.25810E-02 0.22396E-01 0.15245E-01 0.32639E-02  15.993      3202    .            
 0.31280E-02 0.16138E-01 0.26785E-02 0.22789E-01 0.15243E-01 0.32709E-02  15.998      3203    .            
 0.30625E-02 0.16475E-01 0.27792E-02 0.23118E-01 0.15241E-01 0.32758E-02  16.003      3204    .            
 0.29959E-02 0.16717E-01 0.28827E-02 0.23371E-01 0.15238E-01 0.32787E-02  16.008      3205    .            
 0.29289E-02 0.16864E-01 0.29882E-02 0.23537E-01 0.15236E-01 0.32801E-02  16.013      3206    .            
 0.28622E-02 0.16921E-01 0.30952E-02 0.23605E-01 0.15234E-01 0.32803E-02  16.018      3207    .            
 0.27964E-02 0.16891E-01 0.32031E-02 0.23565E-01 0.15231E-01 0.32801E-02  16.023      3208    .            
 0.27321E-02 0.16782E-01 0.33112E-02 0.23410E-01 0.15229E-01 0.32799E-02  16.028      3209    .            
 0.26698E-02 0.16601E-01 0.34186E-02 0.23132E-01 0.15226E-01 0.32804E-02  16.033      3210    .            
 0.26102E-02 0.16359E-01 0.35249E-02 0.22728E-01 0.15224E-01 0.32820E-02  16.038      3211    .            
 0.25537E-02 0.16067E-01 0.36291E-02 0.22194E-01 0.15222E-01 0.32855E-02  16.043      3212    .            
 0.25008E-02 0.15735E-01 0.37305E-02 0.21530E-01 0.15219E-01 0.32915E-02  16.048      3213    .            
 0.24521E-02 0.15378E-01 0.38285E-02 0.20737E-01 0.15216E-01 0.33006E-02  16.053      3214    .            
 0.24078E-02 0.15008E-01 0.39223E-02 0.19821E-01 0.15213E-01 0.33140E-02  16.058      3215    .            
 0.23685E-02 0.14641E-01 0.40111E-02 0.18789E-01 0.15210E-01 0.33324E-02  16.063      3216    .            
 0.23344E-02 0.14291E-01 0.40944E-02 0.17651E-01 0.15206E-01 0.33571E-02  16.068      3217    .            
 0.23058E-02 0.13972E-01 0.41715E-02 0.16420E-01 0.15202E-01 0.33891E-02  16.073      3218    .            
 0.22831E-02 0.13701E-01 0.42419E-02 0.15114E-01 0.15197E-01 0.34295E-02  16.078      3219    .            
 0.22664E-02 0.13490E-01 0.43050E-02 0.13755E-01 0.15192E-01 0.34791E-02  16.083      3220    .            
 0.22559E-02 0.13351E-01 0.43604E-02 0.12372E-01 0.15185E-01 0.35382E-02  16.088      3221    .            
 0.22518E-02 0.13294E-01 0.44078E-02 0.11000E-01 0.15178E-01 0.36069E-02  16.093      3222    .            
 0.22542E-02 0.13324E-01 0.44468E-02 0.96889E-02 0.15171E-01 0.36845E-02  16.098      3223    .            
 0.22630E-02 0.13445E-01 0.44774E-02 0.85041E-02 0.15162E-01 0.37701E-02  16.103      3224    .            
 0.22784E-02 0.13654E-01 0.44994E-02 0.75325E-02 0.15152E-01 0.38620E-02  16.108      3225    .            
 0.23003E-02 0.13947E-01 0.45128E-02 0.68774E-02 0.15142E-01 0.39583E-02  16.113      3226    .            
 0.23287E-02 0.14314E-01 0.45177E-02 0.66263E-02 0.15131E-01 0.40565E-02  16.118      3227    .            
 0.23633E-02 0.14746E-01 0.45142E-02 0.67991E-02 0.15119E-01 0.41544E-02  16.123      3228    .            
 0.24041E-02 0.15230E-01 0.45027E-02 0.73278E-02 0.15106E-01 0.42495E-02  16.128      3229    .            
 0.24509E-02 0.15750E-01 0.44836E-02 0.80967E-02 0.15093E-01 0.43395E-02  16.133      3230    .            
 0.25034E-02 0.16294E-01 0.44571E-02 0.89948E-02 0.15079E-01 0.44224E-02  16.138      3231    .            
 0.25614E-02 0.16846E-01 0.44240E-02 0.99367E-02 0.15064E-01 0.44966E-02  16.143      3232    .            
 0.26245E-02 0.17392E-01 0.43846E-02 0.10862E-01 0.15049E-01 0.45610E-02  16.148      3233    .            
 0.26924E-02 0.17918E-01 0.43398E-02 0.11730E-01 0.15034E-01 0.46148E-02  16.153      3234    .            
 0.27647E-02 0.18409E-01 0.42901E-02 0.12511E-01 0.15018E-01 0.46578E-02  16.158      3235    .            
 0.28410E-02 0.18852E-01 0.42363E-02 0.13187E-01 0.15002E-01 0.46904E-02  16.163      3236    .            
 0.29207E-02 0.19235E-01 0.41791E-02 0.13743E-01 0.14986E-01 0.47135E-02  16.168      3237    .            
 0.30034E-02 0.19544E-01 0.41194E-02 0.14172E-01 0.14969E-01 0.47281E-02  16.173      3238    .            
 0.30885E-02 0.19769E-01 0.40578E-02 0.14468E-01 0.14953E-01 0.47361E-02  16.178      3239    .            
 0.31754E-02 0.19900E-01 0.39953E-02 0.14632E-01 0.14937E-01 0.47391E-02  16.183      3240    .            
 0.32634E-02 0.19927E-01 0.39326E-02 0.14664E-01 0.14920E-01 0.47393E-02  16.188      3241    .            
 0.33519E-02 0.19843E-01 0.38704E-02 0.14570E-01 0.14904E-01 0.47389E-02  16.193      3242    .            
 0.34402E-02 0.19641E-01 0.38095E-02 0.14357E-01 0.14888E-01 0.47401E-02  16.198      3243    .            
 0.35276E-02 0.19318E-01 0.37506E-02 0.14033E-01 0.14871E-01 0.47449E-02  16.203      3244    .            
 0.36134E-02 0.18872E-01 0.36944E-02 0.13610E-01 0.14855E-01 0.47554E-02  16.208      3245    .            
 0.36968E-02 0.18303E-01 0.36416E-02 0.13103E-01 0.14838E-01 0.47733E-02  16.213      3246    .            
 0.37772E-02 0.17613E-01 0.35927E-02 0.12528E-01 0.14822E-01 0.48002E-02  16.218      3247    .            
 0.38538E-02 0.16808E-01 0.35483E-02 0.11905E-01 0.14805E-01 0.48374E-02  16.223      3248    .            
 0.39259E-02 0.15897E-01 0.35090E-02 0.11257E-01 0.14788E-01 0.48860E-02  16.228      3249    .            
 0.39930E-02 0.14891E-01 0.34751E-02 0.10615E-01 0.14770E-01 0.49465E-02  16.233      3250    .            
 0.40544E-02 0.13807E-01 0.34472E-02 0.10011E-01 0.14753E-01 0.50193E-02  16.238      3251    .            
 0.41095E-02 0.12666E-01 0.34255E-02 0.94848E-02 0.14734E-01 0.51044E-02  16.243      3252    .            
 0.41578E-02 0.11497E-01 0.34104E-02 0.90813E-02 0.14715E-01 0.52014E-02  16.248      3253    .            
 0.41990E-02 0.10338E-01 0.34022E-02 0.88439E-02 0.14696E-01 0.53092E-02  16.253      3254    .            
 0.42326E-02 0.92391E-02 0.34010E-02 0.88083E-02 0.14675E-01 0.54268E-02  16.258      3255    .            
 0.42584E-02 0.82688E-02 0.34072E-02 0.89938E-02 0.14654E-01 0.55525E-02  16.263      3256    .            
 0.42762E-02 0.75130E-02 0.34207E-02 0.93987E-02 0.14632E-01 0.56843E-02  16.268      3257    .            
 0.42859E-02 0.70653E-02 0.34417E-02 0.10002E-01 0.14609E-01 0.58201E-02  16.273      3258    .            
 0.42874E-02 0.69931E-02 0.34703E-02 0.10770E-01 0.14586E-01 0.59574E-02  16.278      3259    .            
 0.42808E-02 0.72994E-02 0.35063E-02 0.11665E-01 0.14561E-01 0.60939E-02  16.283      3260    .            
 0.42662E-02 0.79191E-02 0.35498E-02 0.12653E-01 0.14536E-01 0.62269E-02  16.288      3261    .            
 0.42440E-02 0.87550E-02 0.36007E-02 0.13699E-01 0.14510E-01 0.63540E-02  16.293      3262    .            
 0.42144E-02 0.97151E-02 0.36587E-02 0.14777E-01 0.14484E-01 0.64732E-02  16.298      3263    .            
 0.41779E-02 0.10727E-01 0.37237E-02 0.15860E-01 0.14456E-01 0.65825E-02  16.303      3264    .            
 0.41348E-02 0.11736E-01 0.37953E-02 0.16927E-01 0.14429E-01 0.66805E-02  16.308      3265    .            
 0.40857E-02 0.12705E-01 0.38733E-02 0.17958E-01 0.14400E-01 0.67659E-02  16.313      3266    .            
 0.40312E-02 0.13605E-01 0.39572E-02 0.18933E-01 0.14371E-01 0.68382E-02  16.318      3267    .            
 0.39719E-02 0.14416E-01 0.40466E-02 0.19836E-01 0.14342E-01 0.68972E-02  16.323      3268    .            
 0.39086E-02 0.15123E-01 0.41410E-02 0.20649E-01 0.14313E-01 0.69432E-02  16.328      3269    .            
 0.38418E-02 0.15717E-01 0.42398E-02 0.21357E-01 0.14283E-01 0.69770E-02  16.333      3270    .            
 0.37724E-02 0.16191E-01 0.43423E-02 0.21945E-01 0.14253E-01 0.70001E-02  16.338      3271    .            
 0.37011E-02 0.16541E-01 0.44478E-02 0.22398E-01 0.14223E-01 0.70140E-02  16.343      3272    .            
 0.36285E-02 0.16767E-01 0.45556E-02 0.22705E-01 0.14193E-01 0.70208E-02  16.348      3273    .            
 0.35554E-02 0.16872E-01 0.46648E-02 0.22853E-01 0.14164E-01 0.70228E-02  16.353      3274    .            
 0.34826E-02 0.16859E-01 0.47746E-02 0.22833E-01 0.14134E-01 0.70225E-02  16.358      3275    .            
 0.34108E-02 0.16735E-01 0.48840E-02 0.22637E-01 0.14104E-01 0.70223E-02  16.363      3276    .            
 0.33405E-02 0.16507E-01 0.49921E-02 0.22259E-01 0.14074E-01 0.70248E-02  16.368      3277    .            
 0.32724E-02 0.16186E-01 0.50979E-02 0.21696E-01 0.14044E-01 0.70323E-02  16.373      3278    .            
 0.32072E-02 0.15783E-01 0.52006E-02 0.20948E-01 0.14014E-01 0.70470E-02  16.378      3279    .            
 0.31455E-02 0.15310E-01 0.52990E-02 0.20016E-01 0.13984E-01 0.70709E-02  16.383      3280    .            
 0.30876E-02 0.14782E-01 0.53922E-02 0.18906E-01 0.13954E-01 0.71054E-02  16.388      3281    .            
 0.30341E-02 0.14214E-01 0.54794E-02 0.17628E-01 0.13923E-01 0.71519E-02  16.393      3282    .            
 0.29854E-02 0.13625E-01 0.55595E-02 0.16194E-01 0.13893E-01 0.72111E-02  16.398      3283    .            
 0.29420E-02 0.13032E-01 0.56318E-02 0.14623E-01 0.13862E-01 0.72833E-02  16.403      3284    .            
 0.29041E-02 0.12458E-01 0.56955E-02 0.12941E-01 0.13830E-01 0.73685E-02  16.408      3285    .            
 0.28720E-02 0.11925E-01 0.57498E-02 0.11182E-01 0.13798E-01 0.74662E-02  16.413      3286    .            
 0.28461E-02 0.11457E-01 0.57942E-02 0.93997E-02 0.13766E-01 0.75754E-02  16.418      3287    .            
 0.28264E-02 0.11077E-01 0.58282E-02 0.76836E-02 0.13733E-01 0.76948E-02  16.423      3288    .            
 0.28132E-02 0.10808E-01 0.58513E-02 0.61998E-02 0.13699E-01 0.78228E-02  16.428      3289    .            
 0.28065E-02 0.10668E-01 0.58633E-02 0.52495E-02 0.13664E-01 0.79574E-02  16.433      3290    .            
 0.28066E-02 0.10667E-01 0.58639E-02 0.51968E-02 0.13629E-01 0.80964E-02  16.438      3291    .            
 0.28133E-02 0.10810E-01 0.58531E-02 0.60808E-02 0.13593E-01 0.82375E-02  16.443      3292    .            
 0.28267E-02 0.11087E-01 0.58309E-02 0.75645E-02 0.13556E-01 0.83781E-02  16.448      3293    .            
 0.28467E-02 0.11487E-01 0.57975E-02 0.93317E-02 0.13518E-01 0.85159E-02  16.453      3294    .            
 0.28733E-02 0.11989E-01 0.57532E-02 0.11203E-01 0.13480E-01 0.86485E-02  16.458      3295    .            
 0.29063E-02 0.12570E-01 0.56984E-02 0.13080E-01 0.13441E-01 0.87737E-02  16.463      3296    .            
 0.29455E-02 0.13207E-01 0.56336E-02 0.14905E-01 0.13401E-01 0.88897E-02  16.468      3297    .            
 0.29907E-02 0.13878E-01 0.55593E-02 0.16640E-01 0.13361E-01 0.89948E-02  16.473      3298    .            
 0.30416E-02 0.14562E-01 0.54764E-02 0.18258E-01 0.13320E-01 0.90878E-02  16.478      3299    .            
 0.30979E-02 0.15238E-01 0.53854E-02 0.19736E-01 0.13279E-01 0.91678E-02  16.483      3300    .            
 0.31593E-02 0.15889E-01 0.52873E-02 0.21060E-01 0.13237E-01 0.92346E-02  16.488      3301    .            
 0.32253E-02 0.16497E-01 0.51829E-02 0.22217E-01 0.13195E-01 0.92882E-02  16.493      3302    .            
 0.32955E-02 0.17047E-01 0.50731E-02 0.23199E-01 0.13153E-01 0.93292E-02  16.498      3303    .            
 0.33694E-02 0.17525E-01 0.49589E-02 0.24001E-01 0.13111E-01 0.93586E-02  16.503      3304    .            
 0.34463E-02 0.17916E-01 0.48412E-02 0.24622E-01 0.13068E-01 0.93780E-02  16.508      3305    .            
 0.35258E-02 0.18209E-01 0.47209E-02 0.25061E-01 0.13026E-01 0.93890E-02  16.513      3306    .            
 0.36071E-02 0.18394E-01 0.45991E-02 0.25323E-01 0.12983E-01 0.93938E-02  16.518      3307    .            
 0.36896E-02 0.18461E-01 0.44766E-02 0.25414E-01 0.12941E-01 0.93946E-02  16.523      3308    .            
 0.37726E-02 0.18403E-01 0.43543E-02 0.25341E-01 0.12899E-01 0.93940E-02  16.528      3309    .            
 0.38554E-02 0.18214E-01 0.42330E-02 0.25114E-01 0.12856E-01 0.93942E-02  16.533      3310    .            
 0.39371E-02 0.17891E-01 0.41136E-02 0.24746E-01 0.12814E-01 0.93978E-02  16.538      3311    .            
 0.40170E-02 0.17431E-01 0.39968E-02 0.24247E-01 0.12771E-01 0.94069E-02  16.543      3312    .            
 0.40943E-02 0.16836E-01 0.38833E-02 0.23633E-01 0.12729E-01 0.94236E-02  16.548      3313    .            
 0.41683E-02 0.16110E-01 0.37736E-02 0.22917E-01 0.12686E-01 0.94495E-02  16.553      3314    .            
 0.42383E-02 0.15261E-01 0.36685E-02 0.22115E-01 0.12644E-01 0.94861E-02  16.558      3315    .            
 0.43034E-02 0.14299E-01 0.35683E-02 0.21243E-01 0.12601E-01 0.95342E-02  16.563      3316    .            
 0.43630E-02 0.13240E-01 0.34735E-02 0.20314E-01 0.12558E-01 0.95945E-02  16.568      3317    .            
 0.44164E-02 0.12105E-01 0.33844E-02 0.19347E-01 0.12514E-01 0.96672E-02  16.573      3318    .            
 0.44631E-02 0.10924E-01 0.33015E-02 0.18356E-01 0.12470E-01 0.97518E-02  16.578      3319    .            
 0.45025E-02 0.97391E-02 0.32249E-02 0.17359E-01 0.12426E-01 0.98477E-02  16.583      3320    .            
 0.45342E-02 0.86090E-02 0.31548E-02 0.16371E-01 0.12381E-01 0.99538E-02  16.588      3321    .            
 0.45578E-02 0.76193E-02 0.30914E-02 0.15410E-01 0.12335E-01 0.10069E-01  16.593      3322    .            
 0.45730E-02 0.68853E-02 0.30347E-02 0.14492E-01 0.12289E-01 0.10191E-01  16.598      3323    .            
 0.45796E-02 0.65353E-02 0.29850E-02 0.13636E-01 0.12242E-01 0.10318E-01  16.603      3324    .            
 0.45775E-02 0.66521E-02 0.29421E-02 0.12859E-01 0.12195E-01 0.10448E-01  16.608      3325    .            
 0.45666E-02 0.72153E-02 0.29060E-02 0.12179E-01 0.12147E-01 0.10579E-01  16.613      3326    .            
 0.45470E-02 0.81188E-02 0.28766E-02 0.11609E-01 0.12098E-01 0.10708E-01  16.618      3327    .            
 0.45189E-02 0.92381E-02 0.28539E-02 0.11161E-01 0.12048E-01 0.10834E-01  16.623      3328    .            
 0.44825E-02 0.10471E-01 0.28377E-02 0.10843E-01 0.11998E-01 0.10954E-01  16.628      3329    .            
 0.44382E-02 0.11743E-01 0.28278E-02 0.10653E-01 0.11948E-01 0.11067E-01  16.633      3330    .            
 0.43865E-02 0.13005E-01 0.28239E-02 0.10583E-01 0.11896E-01 0.11170E-01  16.638      3331    .            
 0.43277E-02 0.14219E-01 0.28259E-02 0.10619E-01 0.11845E-01 0.11263E-01  16.643      3332    .            
 0.42624E-02 0.15358E-01 0.28333E-02 0.10742E-01 0.11792E-01 0.11344E-01  16.648      3333    .            
 0.41913E-02 0.16402E-01 0.28459E-02 0.10930E-01 0.11740E-01 0.11413E-01  16.653      3334    .            
 0.41149E-02 0.17336E-01 0.28632E-02 0.11159E-01 0.11687E-01 0.11470E-01  16.658      3335    .            
 0.40341E-02 0.18149E-01 0.28849E-02 0.11406E-01 0.11634E-01 0.11516E-01  16.663      3336    .            
 0.39496E-02 0.18834E-01 0.29105E-02 0.11652E-01 0.11581E-01 0.11549E-01  16.668      3337    .            
 0.38620E-02 0.19386E-01 0.29395E-02 0.11878E-01 0.11527E-01 0.11573E-01  16.673      3338    .            
 0.37722E-02 0.19803E-01 0.29714E-02 0.12068E-01 0.11474E-01 0.11588E-01  16.678      3339    .            
 0.36809E-02 0.20087E-01 0.30057E-02 0.12209E-01 0.11420E-01 0.11596E-01  16.683      3340    .            
 0.35888E-02 0.20241E-01 0.30418E-02 0.12292E-01 0.11367E-01 0.11599E-01  16.688      3341    .            
 0.34967E-02 0.20269E-01 0.30791E-02 0.12308E-01 0.11314E-01 0.11599E-01  16.693      3342    .            
 0.34054E-02 0.20178E-01 0.31170E-02 0.12252E-01 0.11260E-01 0.11599E-01  16.698      3343    .            
 0.33154E-02 0.19977E-01 0.31549E-02 0.12122E-01 0.11207E-01 0.11599E-01  16.703      3344    .            
 0.32274E-02 0.19676E-01 0.31922E-02 0.11919E-01 0.11153E-01 0.11603E-01  16.708      3345    .            
 0.31421E-02 0.19285E-01 0.32282E-02 0.11646E-01 0.11100E-01 0.11613E-01  16.713      3346    .            
 0.30600E-02 0.18816E-01 0.32624E-02 0.11312E-01 0.11047E-01 0.11630E-01  16.718      3347    .            
 0.29815E-02 0.18283E-01 0.32942E-02 0.10927E-01 0.10993E-01 0.11655E-01  16.723      3348    .            
 0.29073E-02 0.17699E-01 0.33230E-02 0.10507E-01 0.10940E-01 0.11690E-01  16.728      3349    .            
 0.28377E-02 0.17078E-01 0.33482E-02 0.10074E-01 0.10886E-01 0.11736E-01  16.733      3350    .            
 0.27730E-02 0.16436E-01 0.33695E-02 0.96545E-02 0.10832E-01 0.11792E-01  16.738      3351    .            
 0.27137E-02 0.15786E-01 0.33862E-02 0.92793E-02 0.10778E-01 0.11858E-01  16.743      3352    .            
 0.26600E-02 0.15146E-01 0.33981E-02 0.89842E-02 0.10723E-01 0.11935E-01  16.748      3353    .            
 0.26122E-02 0.14531E-01 0.34047E-02 0.88050E-02 0.10668E-01 0.12021E-01  16.753      3354    .            
 0.25704E-02 0.13957E-01 0.34058E-02 0.87725E-02 0.10613E-01 0.12116E-01  16.758      3355    .            
 0.25348E-02 0.13442E-01 0.34011E-02 0.89063E-02 0.10557E-01 0.12218E-01  16.763      3356    .            
 0.25056E-02 0.12998E-01 0.33905E-02 0.92103E-02 0.10501E-01 0.12325E-01  16.768      3357    .            
 0.24828E-02 0.12641E-01 0.33740E-02 0.96725E-02 0.10444E-01 0.12436E-01  16.773      3358    .            
 0.24665E-02 0.12379E-01 0.33514E-02 0.10269E-01 0.10386E-01 0.12549E-01  16.778      3359    .            
 0.24566E-02 0.12220E-01 0.33228E-02 0.10970E-01 0.10328E-01 0.12662E-01  16.783      3360    .            
 0.24531E-02 0.12165E-01 0.32884E-02 0.11743E-01 0.10269E-01 0.12773E-01  16.788      3361    .            
 0.24560E-02 0.12212E-01 0.32484E-02 0.12558E-01 0.10210E-01 0.12879E-01  16.793      3362    .            
 0.24650E-02 0.12351E-01 0.32029E-02 0.13389E-01 0.10150E-01 0.12981E-01  16.798      3363    .            
 0.24801E-02 0.12570E-01 0.31524E-02 0.14212E-01 0.10090E-01 0.13075E-01  16.803      3364    .            
 0.25011E-02 0.12856E-01 0.30971E-02 0.15007E-01 0.10029E-01 0.13161E-01  16.808      3365    .            
 0.25277E-02 0.13190E-01 0.30376E-02 0.15759E-01 0.99683E-02 0.13237E-01  16.813      3366    .            
 0.25595E-02 0.13556E-01 0.29742E-02 0.16454E-01 0.99069E-02 0.13304E-01  16.818      3367    .            
 0.25964E-02 0.13935E-01 0.29075E-02 0.17082E-01 0.98453E-02 0.13360E-01  16.823      3368    .            
 0.26379E-02 0.14313E-01 0.28380E-02 0.17636E-01 0.97835E-02 0.13406E-01  16.828      3369    .            
 0.26836E-02 0.14672E-01 0.27663E-02 0.18109E-01 0.97215E-02 0.13441E-01  16.833      3370    .            
 0.27331E-02 0.14999E-01 0.26929E-02 0.18499E-01 0.96594E-02 0.13468E-01  16.838      3371    .            
 0.27860E-02 0.15280E-01 0.26186E-02 0.18805E-01 0.95973E-02 0.13486E-01  16.843      3372    .            
 0.28416E-02 0.15503E-01 0.25438E-02 0.19028E-01 0.95351E-02 0.13497E-01  16.848      3373    .            
 0.28995E-02 0.15658E-01 0.24693E-02 0.19171E-01 0.94730E-02 0.13502E-01  16.853      3374    .            
 0.29592E-02 0.15737E-01 0.23955E-02 0.19237E-01 0.94109E-02 0.13504E-01  16.858      3375    .            
 0.30199E-02 0.15730E-01 0.23232E-02 0.19233E-01 0.93489E-02 0.13503E-01  16.863      3376    .            
 0.30811E-02 0.15635E-01 0.22530E-02 0.19165E-01 0.92870E-02 0.13503E-01  16.868      3377    .            
 0.31421E-02 0.15445E-01 0.21853E-02 0.19042E-01 0.92251E-02 0.13504E-01  16.873      3378    .            
 0.32024E-02 0.15161E-01 0.21209E-02 0.18873E-01 0.91633E-02 0.13508E-01  16.878      3379    .            
 0.32613E-02 0.14783E-01 0.20602E-02 0.18668E-01 0.91016E-02 0.13517E-01  16.883      3380    .            
 0.33181E-02 0.14315E-01 0.20038E-02 0.18437E-01 0.90398E-02 0.13532E-01  16.888      3381    .            
 0.33723E-02 0.13762E-01 0.19521E-02 0.18191E-01 0.89780E-02 0.13554E-01  16.893      3382    .            
 0.34232E-02 0.13135E-01 0.19058E-02 0.17941E-01 0.89162E-02 0.13584E-01  16.898      3383    .            
 0.34702E-02 0.12446E-01 0.18652E-02 0.17699E-01 0.88542E-02 0.13623E-01  16.903      3384    .            
 0.35128E-02 0.11715E-01 0.18307E-02 0.17475E-01 0.87921E-02 0.13670E-01  16.908      3385    .            
 0.35506E-02 0.10965E-01 0.18027E-02 0.17279E-01 0.87298E-02 0.13726E-01  16.913      3386    .            
 0.35830E-02 0.10225E-01 0.17816E-02 0.17122E-01 0.86673E-02 0.13789E-01  16.918      3387    .            
 0.36098E-02 0.95339E-02 0.17676E-02 0.17011E-01 0.86044E-02 0.13860E-01  16.923      3388    .            
 0.36304E-02 0.89361E-02 0.17608E-02 0.16955E-01 0.85412E-02 0.13938E-01  16.928      3389    .            
 0.36448E-02 0.84812E-02 0.17616E-02 0.16958E-01 0.84777E-02 0.14020E-01  16.933      3390    .            
 0.36526E-02 0.82161E-02 0.17699E-02 0.17024E-01 0.84138E-02 0.14106E-01  16.938      3391    .            
 0.36538E-02 0.81740E-02 0.17857E-02 0.17155E-01 0.83495E-02 0.14195E-01  16.943      3392    .            
 0.36483E-02 0.83635E-02 0.18090E-02 0.17351E-01 0.82849E-02 0.14285E-01  16.948      3393    .            
 0.36361E-02 0.87654E-02 0.18397E-02 0.17609E-01 0.82198E-02 0.14374E-01  16.953      3394    .            
 0.36174E-02 0.93404E-02 0.18777E-02 0.17924E-01 0.81543E-02 0.14461E-01  16.958      3395    .            
 0.35924E-02 0.10040E-01 0.19226E-02 0.18291E-01 0.80885E-02 0.14544E-01  16.963      3396    .            
 0.35611E-02 0.10818E-01 0.19744E-02 0.18701E-01 0.80224E-02 0.14623E-01  16.968      3397    .            
 0.35241E-02 0.11633E-01 0.20326E-02 0.19145E-01 0.79559E-02 0.14696E-01  16.973      3398    .            
 0.34815E-02 0.12450E-01 0.20971E-02 0.19614E-01 0.78892E-02 0.14761E-01  16.978      3399    .            
 0.34340E-02 0.13242E-01 0.21674E-02 0.20097E-01 0.78222E-02 0.14820E-01  16.983      3400    .            
 0.33819E-02 0.13988E-01 0.22433E-02 0.20581E-01 0.77551E-02 0.14870E-01  16.988      3401    .            
 0.33257E-02 0.14671E-01 0.23242E-02 0.21056E-01 0.76879E-02 0.14912E-01  16.993      3402    .            
 0.32661E-02 0.15278E-01 0.24098E-02 0.21508E-01 0.76205E-02 0.14945E-01  16.998      3403    .            
 0.32036E-02 0.15801E-01 0.24997E-02 0.21925E-01 0.75532E-02 0.14972E-01  17.003      3404    .            
 0.31388E-02 0.16233E-01 0.25934E-02 0.22294E-01 0.74859E-02 0.14991E-01  17.008      3405    .            
 0.30724E-02 0.16570E-01 0.26903E-02 0.22605E-01 0.74186E-02 0.15003E-01  17.013      3406    .            
 0.30050E-02 0.16812E-01 0.27900E-02 0.22844E-01 0.73514E-02 0.15011E-01  17.018      3407    .            
 0.29372E-02 0.16960E-01 0.28918E-02 0.23001E-01 0.72844E-02 0.15014E-01  17.023      3408    .            
 0.28696E-02 0.17017E-01 0.29951E-02 0.23066E-01 0.72174E-02 0.15015E-01  17.028      3409    .            
 0.28029E-02 0.16988E-01 0.30994E-02 0.23030E-01 0.71507E-02 0.15014E-01  17.033      3410    .            
 0.27377E-02 0.16880E-01 0.32040E-02 0.22884E-01 0.70841E-02 0.15014E-01  17.038      3411    .            
 0.26745E-02 0.16701E-01 0.33081E-02 0.22623E-01 0.70176E-02 0.15015E-01  17.043      3412    .            
 0.26139E-02 0.16459E-01 0.34111E-02 0.22241E-01 0.69514E-02 0.15018E-01  17.048      3413    .            
 0.25564E-02 0.16167E-01 0.35122E-02 0.21737E-01 0.68852E-02 0.15025E-01  17.053      3414    .            
 0.25024E-02 0.15835E-01 0.36108E-02 0.21109E-01 0.68192E-02 0.15036E-01  17.058      3415    .            
 0.24526E-02 0.15477E-01 0.37061E-02 0.20360E-01 0.67533E-02 0.15053E-01  17.063      3416    .            
 0.24072E-02 0.15105E-01 0.37975E-02 0.19494E-01 0.66875E-02 0.15075E-01  17.068      3417    .            
 0.23666E-02 0.14733E-01 0.38842E-02 0.18518E-01 0.66217E-02 0.15104E-01  17.073      3418    .            
 0.23312E-02 0.14377E-01 0.39657E-02 0.17440E-01 0.65559E-02 0.15138E-01  17.078      3419    .            
 0.23014E-02 0.14051E-01 0.40413E-02 0.16275E-01 0.64901E-02 0.15178E-01  17.083      3420    .            
 0.22773E-02 0.13769E-01 0.41106E-02 0.15039E-01 0.64243E-02 0.15224E-01  17.088      3421    .            
 0.22591E-02 0.13544E-01 0.41729E-02 0.13753E-01 0.63584E-02 0.15275E-01  17.093      3422    .            
 0.22472E-02 0.13388E-01 0.42279E-02 0.12442E-01 0.62924E-02 0.15329E-01  17.098      3423    .            
 0.22415E-02 0.13312E-01 0.42753E-02 0.11141E-01 0.62264E-02 0.15388E-01  17.103      3424    .            
 0.22423E-02 0.13321E-01 0.43147E-02 0.98937E-02 0.61602E-02 0.15448E-01  17.108      3425    .            
 0.22495E-02 0.13418E-01 0.43460E-02 0.87581E-02 0.60939E-02 0.15510E-01  17.113      3426    .            
 0.22632E-02 0.13602E-01 0.43691E-02 0.78089E-02 0.60275E-02 0.15572E-01  17.118      3427    .            
 0.22834E-02 0.13869E-01 0.43840E-02 0.71344E-02 0.59609E-02 0.15634E-01  17.123      3428    .            
 0.23099E-02 0.14212E-01 0.43907E-02 0.68128E-02 0.58943E-02 0.15694E-01  17.128      3429    .            
 0.23427E-02 0.14619E-01 0.43894E-02 0.68737E-02 0.58277E-02 0.15751E-01  17.133      3430    .            
 0.23817E-02 0.15079E-01 0.43804E-02 0.72746E-02 0.57610E-02 0.15804E-01  17.138      3431    .            
 0.24266E-02 0.15578E-01 0.43640E-02 0.79222E-02 0.56943E-02 0.15853E-01  17.143      3432    .            
 0.24772E-02 0.16102E-01 0.43406E-02 0.87159E-02 0.56277E-02 0.15897E-01  17.148      3433    .            
 0.25333E-02 0.16637E-01 0.43106E-02 0.95722E-02 0.55612E-02 0.15936E-01  17.153      3434    .            
 0.25945E-02 0.17168E-01 0.42747E-02 0.10430E-01 0.54948E-02 0.15969E-01  17.158      3435    .            
 0.26605E-02 0.17682E-01 0.42334E-02 0.11244E-01 0.54287E-02 0.15997E-01  17.163      3436    .            
 0.27310E-02 0.18165E-01 0.41874E-02 0.11986E-01 0.53627E-02 0.16019E-01  17.168      3437    .            
 0.28054E-02 0.18603E-01 0.41374E-02 0.12633E-01 0.52970E-02 0.16037E-01  17.173      3438    .            
 0.28833E-02 0.18983E-01 0.40840E-02 0.13171E-01 0.52316E-02 0.16049E-01  17.178      3439    .            
 0.29642E-02 0.19294E-01 0.40282E-02 0.13591E-01 0.51666E-02 0.16057E-01  17.183      3440    .            
 0.30475E-02 0.19525E-01 0.39705E-02 0.13888E-01 0.51020E-02 0.16062E-01  17.188      3441    .            
 0.31327E-02 0.19664E-01 0.39118E-02 0.14059E-01 0.50378E-02 0.16064E-01  17.193      3442    .            
 0.32192E-02 0.19704E-01 0.38528E-02 0.14106E-01 0.49741E-02 0.16064E-01  17.198      3443    .            
 0.33062E-02 0.19637E-01 0.37943E-02 0.14032E-01 0.49109E-02 0.16064E-01  17.203      3444    .            
 0.33932E-02 0.19456E-01 0.37369E-02 0.13845E-01 0.48482E-02 0.16063E-01  17.208      3445    .            
 0.34794E-02 0.19158E-01 0.36815E-02 0.13553E-01 0.47859E-02 0.16063E-01  17.213      3446    .            
 0.35641E-02 0.18740E-01 0.36287E-02 0.13167E-01 0.47243E-02 0.16064E-01  17.218      3447    .            
 0.36467E-02 0.18202E-01 0.35791E-02 0.12701E-01 0.46631E-02 0.16067E-01  17.223      3448    .            
 0.37264E-02 0.17546E-01 0.35332E-02 0.12171E-01 0.46025E-02 0.16073E-01  17.228      3449    .            
 0.38025E-02 0.16778E-01 0.34917E-02 0.11598E-01 0.45425E-02 0.16081E-01  17.233      3450    .            
 0.38744E-02 0.15905E-01 0.34551E-02 0.11004E-01 0.44830E-02 0.16093E-01  17.238      3451    .            
 0.39414E-02 0.14939E-01 0.34238E-02 0.10419E-01 0.44241E-02 0.16108E-01  17.243      3452    .            
 0.40029E-02 0.13894E-01 0.33982E-02 0.98764E-02 0.43657E-02 0.16126E-01  17.248      3453    .            
 0.40585E-02 0.12790E-01 0.33787E-02 0.94139E-02 0.43078E-02 0.16147E-01  17.253      3454    .            
 0.41074E-02 0.11655E-01 0.33657E-02 0.90736E-02 0.42506E-02 0.16171E-01  17.258      3455    .            
 0.41495E-02 0.10523E-01 0.33593E-02 0.88957E-02 0.41939E-02 0.16197E-01  17.263      3456    .            
 0.41842E-02 0.94396E-02 0.33599E-02 0.89119E-02 0.41378E-02 0.16226E-01  17.268      3457    .            
 0.42113E-02 0.84674E-02 0.33677E-02 0.91377E-02 0.40823E-02 0.16256E-01  17.273      3458    .            
 0.42306E-02 0.76846E-02 0.33827E-02 0.95701E-02 0.40274E-02 0.16287E-01  17.278      3459    .            
 0.42419E-02 0.71793E-02 0.34050E-02 0.10189E-01 0.39732E-02 0.16319E-01  17.283      3460    .            
 0.42453E-02 0.70225E-02 0.34348E-02 0.10963E-01 0.39197E-02 0.16351E-01  17.288      3461    .            
 0.42407E-02 0.72325E-02 0.34720E-02 0.11858E-01 0.38669E-02 0.16382E-01  17.293      3462    .            
 0.42284E-02 0.77617E-02 0.35166E-02 0.12843E-01 0.38149E-02 0.16412E-01  17.298      3463    .            
 0.42084E-02 0.85230E-02 0.35684E-02 0.13885E-01 0.37638E-02 0.16441E-01  17.303      3464    .            
 0.41811E-02 0.94264E-02 0.36274E-02 0.14959E-01 0.37136E-02 0.16468E-01  17.308      3465    .            
 0.41469E-02 0.10397E-01 0.36933E-02 0.16041E-01 0.36644E-02 0.16493E-01  17.313      3466    .            
 0.41062E-02 0.11379E-01 0.37659E-02 0.17109E-01 0.36161E-02 0.16515E-01  17.318      3467    .            
 0.40596E-02 0.12332E-01 0.38448E-02 0.18144E-01 0.35690E-02 0.16535E-01  17.323      3468    .            
 0.40075E-02 0.13225E-01 0.39297E-02 0.19128E-01 0.35231E-02 0.16551E-01  17.328      3469    .            
 0.39506E-02 0.14036E-01 0.40201E-02 0.20043E-01 0.34784E-02 0.16566E-01  17.333      3470    .            
 0.38895E-02 0.14750E-01 0.41156E-02 0.20873E-01 0.34351E-02 0.16577E-01  17.338      3471    .            
 0.38249E-02 0.15355E-01 0.42156E-02 0.21601E-01 0.33931E-02 0.16586E-01  17.343      3472    .            
 0.37576E-02 0.15845E-01 0.43194E-02 0.22214E-01 0.33526E-02 0.16593E-01  17.348      3473    .            
 0.36881E-02 0.16216E-01 0.44264E-02 0.22697E-01 0.33137E-02 0.16598E-01  17.353      3474    .            
 0.36174E-02 0.16465E-01 0.45358E-02 0.23037E-01 0.32764E-02 0.16600E-01  17.358      3475    .            
 0.35460E-02 0.16595E-01 0.46468E-02 0.23222E-01 0.32408E-02 0.16602E-01  17.363      3476    .            
 0.34747E-02 0.16609E-01 0.47586E-02 0.23242E-01 0.32069E-02 0.16602E-01  17.368      3477    .            
 0.34042E-02 0.16513E-01 0.48702E-02 0.23089E-01 0.31749E-02 0.16601E-01  17.373      3478    .            
 0.33352E-02 0.16313E-01 0.49808E-02 0.22756E-01 0.31447E-02 0.16599E-01  17.378      3479    .            
 0.32682E-02 0.16020E-01 0.50894E-02 0.22240E-01 0.31164E-02 0.16598E-01  17.383      3480    .            
 0.32039E-02 0.15644E-01 0.51949E-02 0.21539E-01 0.30900E-02 0.16595E-01  17.388      3481    .            
 0.31428E-02 0.15197E-01 0.52966E-02 0.20655E-01 0.30657E-02 0.16593E-01  17.393      3482    .            
 0.30855E-02 0.14694E-01 0.53933E-02 0.19591E-01 0.30434E-02 0.16591E-01  17.398      3483    .            
 0.30325E-02 0.14149E-01 0.54841E-02 0.18357E-01 0.30232E-02 0.16589E-01  17.403      3484    .            
 0.29841E-02 0.13579E-01 0.55683E-02 0.16962E-01 0.30050E-02 0.16587E-01  17.408      3485    .            
 0.29408E-02 0.13004E-01 0.56448E-02 0.15425E-01 0.29889E-02 0.16585E-01  17.413      3486    .            
 0.29029E-02 0.12443E-01 0.57129E-02 0.13765E-01 0.29750E-02 0.16584E-01  17.418      3487    .            
 0.28708E-02 0.11919E-01 0.57719E-02 0.12014E-01 0.29632E-02 0.16583E-01  17.423      3488    .            
 0.28446E-02 0.11456E-01 0.58211E-02 0.10215E-01 0.29535E-02 0.16582E-01  17.428      3489    .            
 0.28247E-02 0.11078E-01 0.58601E-02 0.84373E-02 0.29460E-02 0.16581E-01  17.433      3490    .            
 0.28111E-02 0.10805E-01 0.58883E-02 0.68032E-02 0.29406E-02 0.16580E-01  17.438      3491    .            
 0.28040E-02 0.10657E-01 0.59054E-02 0.55478E-02 0.29374E-02 0.16579E-01  17.443      3492    .            
 0.28035E-02 0.10647E-01 0.59113E-02 0.50422E-02 0.29364E-02 0.16579E-01  17.448      3493    .            
 0.28097E-02 0.10777E-01 0.59057E-02 0.55283E-02 0.29375E-02 0.16579E-01  17.453      3494    .            
 0.28225E-02 0.11042E-01 0.58887E-02 0.67904E-02 0.29408E-02 0.16578E-01  17.458      3495    .            
 0.28419E-02 0.11431E-01 0.58605E-02 0.84592E-02 0.29462E-02 0.16578E-01  17.463      3496    .            
 0.28679E-02 0.11924E-01 0.58212E-02 0.10296E-01 0.29537E-02 0.16578E-01  17.468      3497    .            
 0.29003E-02 0.12500E-01 0.57713E-02 0.12172E-01 0.29634E-02 0.16578E-01  17.473      3498    .            
 0.29389E-02 0.13135E-01 0.57112E-02 0.14017E-01 0.29753E-02 0.16579E-01  17.478      3499    .            
 0.29835E-02 0.13808E-01 0.56415E-02 0.15786E-01 0.29892E-02 0.16579E-01  17.483      3500    .            
 0.30340E-02 0.14498E-01 0.55627E-02 0.17447E-01 0.30052E-02 0.16580E-01  17.488      3501    .            
 0.30899E-02 0.15185E-01 0.54757E-02 0.18976E-01 0.30234E-02 0.16582E-01  17.493      3502    .            
 0.31510E-02 0.15850E-01 0.53813E-02 0.20355E-01 0.30436E-02 0.16583E-01  17.498      3503    .            
 0.32168E-02 0.16476E-01 0.52802E-02 0.21571E-01 0.30658E-02 0.16585E-01  17.503      3504    .            
 0.32869E-02 0.17048E-01 0.51735E-02 0.22615E-01 0.30900E-02 0.16587E-01  17.508      3505    .            
 0.33608E-02 0.17551E-01 0.50619E-02 0.23479E-01 0.31163E-02 0.16590E-01  17.513      3506    .            
 0.34380E-02 0.17972E-01 0.49466E-02 0.24161E-01 0.31444E-02 0.16592E-01  17.518      3507    .            
 0.35178E-02 0.18298E-01 0.48284E-02 0.24661E-01 0.31745E-02 0.16594E-01  17.523      3508    .            
 0.35997E-02 0.18518E-01 0.47082E-02 0.24981E-01 0.32065E-02 0.16595E-01  17.528      3509    .            
 0.36831E-02 0.18624E-01 0.45871E-02 0.25127E-01 0.32402E-02 0.16596E-01  17.533      3510    .            
 0.37671E-02 0.18606E-01 0.44659E-02 0.25104E-01 0.32757E-02 0.16596E-01  17.538      3511    .            
 0.38510E-02 0.18458E-01 0.43455E-02 0.24922E-01 0.33129E-02 0.16595E-01  17.543      3512    .            
 0.39342E-02 0.18177E-01 0.42267E-02 0.24593E-01 0.33517E-02 0.16592E-01  17.548      3513    .            
 0.40159E-02 0.17760E-01 0.41102E-02 0.24128E-01 0.33921E-02 0.16587E-01  17.553      3514    .            
 0.40952E-02 0.17207E-01 0.39969E-02 0.23541E-01 0.34340E-02 0.16580E-01  17.558      3515    .            
 0.41714E-02 0.16521E-01 0.38873E-02 0.22845E-01 0.34773E-02 0.16571E-01  17.563      3516    .            
 0.42438E-02 0.15708E-01 0.37820E-02 0.22056E-01 0.35219E-02 0.16559E-01  17.569      3517    .            
 0.43116E-02 0.14778E-01 0.36815E-02 0.21189E-01 0.35679E-02 0.16544E-01  17.574      3518    .            
 0.43740E-02 0.13743E-01 0.35864E-02 0.20260E-01 0.36150E-02 0.16526E-01  17.579      3519    .            
 0.44306E-02 0.12623E-01 0.34970E-02 0.19284E-01 0.36632E-02 0.16506E-01  17.584      3520    .            
 0.44806E-02 0.11444E-01 0.34136E-02 0.18278E-01 0.37125E-02 0.16483E-01  17.589      3521    .            
 0.45235E-02 0.10241E-01 0.33366E-02 0.17259E-01 0.37628E-02 0.16457E-01  17.594      3522    .            
 0.45588E-02 0.90640E-02 0.32661E-02 0.16244E-01 0.38140E-02 0.16429E-01  17.599      3523    .            
 0.45861E-02 0.79871E-02 0.32023E-02 0.15249E-01 0.38660E-02 0.16398E-01  17.604      3524    .            
 0.46051E-02 0.71133E-02 0.31453E-02 0.14293E-01 0.39189E-02 0.16367E-01  17.609      3525    .            
 0.46155E-02 0.65722E-02 0.30953E-02 0.13396E-01 0.39725E-02 0.16334E-01  17.614      3526    .            
 0.46172E-02 0.64781E-02 0.30522E-02 0.12576E-01 0.40267E-02 0.16301E-01  17.618      3527    .            
 0.46101E-02 0.68592E-02 0.30160E-02 0.11854E-01 0.40817E-02 0.16267E-01  17.623      3528    .            
 0.45943E-02 0.76368E-02 0.29867E-02 0.11246E-01 0.41372E-02 0.16235E-01  17.628      3529    .            
 0.45699E-02 0.86838E-02 0.29642E-02 0.10767E-01 0.41934E-02 0.16203E-01  17.633      3530    .            
 0.45371E-02 0.98838E-02 0.29483E-02 0.10428E-01 0.42501E-02 0.16174E-01  17.638      3531    .            
 0.44962E-02 0.11152E-01 0.29388E-02 0.10229E-01 0.43074E-02 0.16146E-01  17.643      3532    .            
 0.44476E-02 0.12427E-01 0.29355E-02 0.10165E-01 0.43652E-02 0.16121E-01  17.648      3533    .            
 0.43918E-02 0.13668E-01 0.29382E-02 0.10219E-01 0.44235E-02 0.16099E-01  17.653      3534    .            
 0.43293E-02 0.14844E-01 0.29465E-02 0.10371E-01 0.44823E-02 0.16080E-01  17.658      3535    .            
 0.42606E-02 0.15931E-01 0.29601E-02 0.10596E-01 0.45417E-02 0.16065E-01  17.663      3536    .            
 0.41865E-02 0.16913E-01 0.29787E-02 0.10868E-01 0.46016E-02 0.16053E-01  17.668      3537    .            
 0.41075E-02 0.17778E-01 0.30018E-02 0.11162E-01 0.46620E-02 0.16044E-01  17.674      3538    .            
 0.40245E-02 0.18516E-01 0.30290E-02 0.11455E-01 0.47230E-02 0.16038E-01  17.679      3539    .            
 0.39382E-02 0.19122E-01 0.30598E-02 0.11727E-01 0.47845E-02 0.16035E-01  17.684      3540    .            
 0.38493E-02 0.19593E-01 0.30936E-02 0.11961E-01 0.48464E-02 0.16034E-01  17.689      3541    .            
 0.37586E-02 0.19929E-01 0.31300E-02 0.12142E-01 0.49089E-02 0.16034E-01  17.694      3542    .            
 0.36669E-02 0.20132E-01 0.31683E-02 0.12260E-01 0.49720E-02 0.16035E-01  17.699      3543    .            
 0.35748E-02 0.20206E-01 0.32080E-02 0.12306E-01 0.50354E-02 0.16036E-01  17.704      3544    .            
 0.34832E-02 0.20157E-01 0.32484E-02 0.12274E-01 0.50994E-02 0.16036E-01  17.709      3545    .            
 0.33927E-02 0.19994E-01 0.32889E-02 0.12160E-01 0.51638E-02 0.16034E-01  17.714      3546    .            
 0.33040E-02 0.19725E-01 0.33288E-02 0.11964E-01 0.52286E-02 0.16029E-01  17.719      3547    .            
 0.32177E-02 0.19360E-01 0.33676E-02 0.11689E-01 0.52938E-02 0.16020E-01  17.724      3548    .            
 0.31344E-02 0.18913E-01 0.34046E-02 0.11343E-01 0.53593E-02 0.16007E-01  17.729      3549    .            
 0.30546E-02 0.18394E-01 0.34392E-02 0.10934E-01 0.54252E-02 0.15989E-01  17.734      3550    .            
 0.29788E-02 0.17818E-01 0.34708E-02 0.10479E-01 0.54913E-02 0.15965E-01  17.739      3551    .            
 0.29075E-02 0.17199E-01 0.34987E-02 0.99989E-02 0.55576E-02 0.15936E-01  17.744      3552    .            
 0.28411E-02 0.16551E-01 0.35226E-02 0.95196E-02 0.56240E-02 0.15900E-01  17.749      3553    .            
 0.27798E-02 0.15889E-01 0.35419E-02 0.90755E-02 0.56906E-02 0.15859E-01  17.754      3554    .            
 0.27241E-02 0.15231E-01 0.35561E-02 0.87061E-02 0.57572E-02 0.15812E-01  17.759      3555    .            
 0.26741E-02 0.14590E-01 0.35650E-02 0.84543E-02 0.58239E-02 0.15761E-01  17.764      3556    .            
 0.26301E-02 0.13986E-01 0.35680E-02 0.83598E-02 0.58905E-02 0.15704E-01  17.769      3557    .            
 0.25923E-02 0.13434E-01 0.35651E-02 0.84511E-02 0.59571E-02 0.15644E-01  17.774      3558    .            
 0.25608E-02 0.12949E-01 0.35559E-02 0.87381E-02 0.60236E-02 0.15581E-01  17.779      3559    .            
 0.25357E-02 0.12548E-01 0.35405E-02 0.92099E-02 0.60900E-02 0.15516E-01  17.784      3560    .            
 0.25170E-02 0.12242E-01 0.35187E-02 0.98400E-02 0.61563E-02 0.15451E-01  17.789      3561    .            
 0.25048E-02 0.12039E-01 0.34905E-02 0.10593E-01 0.62225E-02 0.15385E-01  17.794      3562    .            
 0.24990E-02 0.11945E-01 0.34561E-02 0.11433E-01 0.62885E-02 0.15321E-01  17.799      3563    .            
 0.24996E-02 0.11956E-01 0.34156E-02 0.12324E-01 0.63543E-02 0.15260E-01  17.804      3564    .            
 0.25064E-02 0.12067E-01 0.33692E-02 0.13236E-01 0.64201E-02 0.15202E-01  17.809      3565    .            
 0.25194E-02 0.12266E-01 0.33173E-02 0.14144E-01 0.64857E-02 0.15149E-01  17.814      3566    .            
 0.25382E-02 0.12539E-01 0.32602E-02 0.15026E-01 0.65513E-02 0.15101E-01  17.819      3567    .            
 0.25628E-02 0.12868E-01 0.31983E-02 0.15863E-01 0.66168E-02 0.15059E-01  17.824      3568    .            
 0.25927E-02 0.13236E-01 0.31322E-02 0.16643E-01 0.66822E-02 0.15023E-01  17.829      3569    .            
 0.26278E-02 0.13624E-01 0.30622E-02 0.17352E-01 0.67477E-02 0.14993E-01  17.834      3570    .            
 0.26676E-02 0.14016E-01 0.29889E-02 0.17982E-01 0.68132E-02 0.14970E-01  17.839      3571    .            
 0.27118E-02 0.14394E-01 0.29129E-02 0.18527E-01 0.68787E-02 0.14952E-01  17.844      3572    .            
 0.27600E-02 0.14743E-01 0.28349E-02 0.18984E-01 0.69444E-02 0.14941E-01  17.849      3573    .            
 0.28116E-02 0.15051E-01 0.27553E-02 0.19350E-01 0.70101E-02 0.14934E-01  17.854      3574    .            
 0.28662E-02 0.15303E-01 0.26750E-02 0.19625E-01 0.70761E-02 0.14930E-01  17.859      3575    .            
 0.29233E-02 0.15489E-01 0.25943E-02 0.19812E-01 0.71421E-02 0.14930E-01  17.864      3576    .            
 0.29823E-02 0.15601E-01 0.25141E-02 0.19916E-01 0.72083E-02 0.14931E-01  17.869      3577    .            
 0.30425E-02 0.15628E-01 0.24349E-02 0.19940E-01 0.72747E-02 0.14931E-01  17.874      3578    .            
 0.31035E-02 0.15567E-01 0.23573E-02 0.19892E-01 0.73412E-02 0.14930E-01  17.879      3579    .            
 0.31645E-02 0.15412E-01 0.22820E-02 0.19780E-01 0.74079E-02 0.14926E-01  17.884      3580    .            
 0.32249E-02 0.15161E-01 0.22095E-02 0.19613E-01 0.74747E-02 0.14918E-01  17.889      3581    .            
 0.32841E-02 0.14814E-01 0.21403E-02 0.19401E-01 0.75416E-02 0.14904E-01  17.894      3582    .            
 0.33415E-02 0.14375E-01 0.20751E-02 0.19154E-01 0.76085E-02 0.14884E-01  17.899      3583    .            
 0.33964E-02 0.13848E-01 0.20144E-02 0.18884E-01 0.76754E-02 0.14856E-01  17.904      3584    .            
 0.34482E-02 0.13241E-01 0.19586E-02 0.18600E-01 0.77423E-02 0.14819E-01  17.909      3585    .            
 0.34963E-02 0.12569E-01 0.19082E-02 0.18316E-01 0.78091E-02 0.14774E-01  17.914      3586    .            
 0.35402E-02 0.11846E-01 0.18637E-02 0.18041E-01 0.78757E-02 0.14720E-01  17.919      3587    .            
 0.35793E-02 0.11095E-01 0.18255E-02 0.17787E-01 0.79421E-02 0.14657E-01  17.924      3588    .            
 0.36131E-02 0.10346E-01 0.17940E-02 0.17564E-01 0.80083E-02 0.14587E-01  17.929      3589    .            
 0.36414E-02 0.96326E-02 0.17694E-02 0.17381E-01 0.80742E-02 0.14509E-01  17.934      3590    .            
 0.36636E-02 0.90003E-02 0.17521E-02 0.17246E-01 0.81398E-02 0.14424E-01  17.939      3591    .            
 0.36796E-02 0.84989E-02 0.17423E-02 0.17166E-01 0.82049E-02 0.14335E-01  17.944      3592    .            
 0.36891E-02 0.81790E-02 0.17400E-02 0.17146E-01 0.82697E-02 0.14242E-01  17.949      3593    .            
 0.36919E-02 0.80805E-02 0.17454E-02 0.17190E-01 0.83341E-02 0.14146E-01  17.954      3594    .            
 0.36879E-02 0.82198E-02 0.17586E-02 0.17297E-01 0.83980E-02 0.14050E-01  17.959      3595    .            
 0.36772E-02 0.85846E-02 0.17793E-02 0.17468E-01 0.84615E-02 0.13955E-01  17.964      3596    .            
 0.36599E-02 0.91383E-02 0.18075E-02 0.17700E-01 0.85246E-02 0.13863E-01  17.969      3597    .            
 0.36360E-02 0.98325E-02 0.18431E-02 0.17986E-01 0.85872E-02 0.13775E-01  17.974      3598    .            
 0.36058E-02 0.10618E-01 0.18858E-02 0.18322E-01 0.86495E-02 0.13692E-01  17.979      3599    .            
 0.35696E-02 0.11451E-01 0.19353E-02 0.18698E-01 0.87114E-02 0.13617E-01  17.984      3600    .            
 0.35278E-02 0.12295E-01 0.19913E-02 0.19105E-01 0.87730E-02 0.13549E-01  17.989      3601    .            
 0.34806E-02 0.13121E-01 0.20534E-02 0.19534E-01 0.88344E-02 0.13489E-01  17.994      3602    .            
 0.34287E-02 0.13905E-01 0.21214E-02 0.19972E-01 0.88955E-02 0.13439E-01  17.999      3603    .            
 0.33725E-02 0.14629E-01 0.21948E-02 0.20409E-01 0.89564E-02 0.13398E-01  18.004      3604    .            
 0.33126E-02 0.15279E-01 0.22732E-02 0.20833E-01 0.90172E-02 0.13366E-01  18.009      3605    .            
 0.32495E-02 0.15846E-01 0.23562E-02 0.21231E-01 0.90780E-02 0.13343E-01  18.014      3606    .            
 0.31838E-02 0.16321E-01 0.24432E-02 0.21591E-01 0.91387E-02 0.13327E-01  18.019      3607    .            
 0.31163E-02 0.16702E-01 0.25338E-02 0.21902E-01 0.91994E-02 0.13318E-01  18.024      3608    .            
 0.30474E-02 0.16985E-01 0.26274E-02 0.22151E-01 0.92601E-02 0.13314E-01  18.029      3609    .            
 0.29780E-02 0.17171E-01 0.27235E-02 0.22328E-01 0.93209E-02 0.13313E-01  18.034      3610    .            
 0.29085E-02 0.17264E-01 0.28215E-02 0.22423E-01 0.93818E-02 0.13314E-01  18.039      3611    .            
 0.28396E-02 0.17267E-01 0.29208E-02 0.22426E-01 0.94427E-02 0.13314E-01  18.044      3612    .            
 0.27720E-02 0.17187E-01 0.30207E-02 0.22329E-01 0.95038E-02 0.13312E-01  18.049      3613    .            
 0.27062E-02 0.17031E-01 0.31206E-02 0.22125E-01 0.95648E-02 0.13306E-01  18.054      3614    .            
 0.26427E-02 0.16808E-01 0.32198E-02 0.21810E-01 0.96259E-02 0.13294E-01  18.059      3615    .            
 0.25822E-02 0.16528E-01 0.33176E-02 0.21380E-01 0.96870E-02 0.13274E-01  18.064      3616    .            
 0.25251E-02 0.16204E-01 0.34134E-02 0.20833E-01 0.97480E-02 0.13245E-01  18.069      3617    .            
 0.24718E-02 0.15846E-01 0.35064E-02 0.20172E-01 0.98088E-02 0.13206E-01  18.074      3618    .            
 0.24229E-02 0.15469E-01 0.35959E-02 0.19398E-01 0.98695E-02 0.13155E-01  18.079      3619    .            
 0.23787E-02 0.15085E-01 0.36814E-02 0.18518E-01 0.99300E-02 0.13094E-01  18.084      3620    .            
 0.23396E-02 0.14710E-01 0.37621E-02 0.17540E-01 0.99901E-02 0.13021E-01  18.089      3621    .            
 0.23059E-02 0.14358E-01 0.38375E-02 0.16475E-01 0.10050E-01 0.12938E-01  18.094      3622    .            
 0.22778E-02 0.14042E-01 0.39071E-02 0.15338E-01 0.10109E-01 0.12844E-01  18.099      3623    .            
 0.22557E-02 0.13778E-01 0.39703E-02 0.14148E-01 0.10168E-01 0.12741E-01  18.104      3624    .            
 0.22397E-02 0.13577E-01 0.40268E-02 0.12926E-01 0.10227E-01 0.12630E-01  18.109      3625    .            
 0.22299E-02 0.13450E-01 0.40761E-02 0.11703E-01 0.10284E-01 0.12514E-01  18.114      3626    .            
 0.22266E-02 0.13404E-01 0.41180E-02 0.10515E-01 0.10342E-01 0.12394E-01  18.119      3627    .            
 0.22297E-02 0.13446E-01 0.41522E-02 0.94095E-02 0.10398E-01 0.12271E-01  18.124      3628    .            
 0.22393E-02 0.13575E-01 0.41787E-02 0.84467E-02 0.10454E-01 0.12148E-01  18.129      3629    .            
 0.22554E-02 0.13788E-01 0.41973E-02 0.76967E-02 0.10510E-01 0.12028E-01  18.134      3630    .            
 0.22780E-02 0.14081E-01 0.42081E-02 0.72301E-02 0.10564E-01 0.11911E-01  18.139      3631    .            
 0.23069E-02 0.14443E-01 0.42113E-02 0.70920E-02 0.10619E-01 0.11801E-01  18.144      3632    .            
 0.23420E-02 0.14863E-01 0.42069E-02 0.72767E-02 0.10672E-01 0.11698E-01  18.149      3633    .            
 0.23831E-02 0.15328E-01 0.41954E-02 0.77266E-02 0.10725E-01 0.11605E-01  18.154      3634    .            
 0.24301E-02 0.15826E-01 0.41771E-02 0.83587E-02 0.10778E-01 0.11522E-01  18.159      3635    .            
 0.24826E-02 0.16341E-01 0.41524E-02 0.90918E-02 0.10830E-01 0.11450E-01  18.164      3636    .            
 0.25404E-02 0.16859E-01 0.41218E-02 0.98599E-02 0.10882E-01 0.11390E-01  18.169      3637    .            
 0.26031E-02 0.17366E-01 0.40859E-02 0.10613E-01 0.10934E-01 0.11341E-01  18.174      3638    .            
 0.26704E-02 0.17848E-01 0.40452E-02 0.11317E-01 0.10986E-01 0.11304E-01  18.179      3639    .            
 0.27418E-02 0.18291E-01 0.40005E-02 0.11944E-01 0.11037E-01 0.11277E-01  18.184      3640    .            
 0.28169E-02 0.18683E-01 0.39524E-02 0.12478E-01 0.11089E-01 0.11259E-01  18.189      3641    .            
 0.28952E-02 0.19012E-01 0.39016E-02 0.12906E-01 0.11140E-01 0.11249E-01  18.194      3642    .            
 0.29762E-02 0.19266E-01 0.38489E-02 0.13222E-01 0.11191E-01 0.11245E-01  18.199      3643    .            
 0.30593E-02 0.19434E-01 0.37950E-02 0.13421E-01 0.11242E-01 0.11244E-01  18.204      3644    .            
 0.31438E-02 0.19507E-01 0.37406E-02 0.13504E-01 0.11294E-01 0.11245E-01  18.209      3645    .            
 0.32292E-02 0.19477E-01 0.36865E-02 0.13473E-01 0.11345E-01 0.11245E-01  18.214      3646    .            
 0.33148E-02 0.19338E-01 0.36334E-02 0.13334E-01 0.11397E-01 0.11241E-01  18.219      3647    .            
 0.33999E-02 0.19085E-01 0.35820E-02 0.13094E-01 0.11448E-01 0.11232E-01  18.224      3648    .            
 0.34838E-02 0.18715E-01 0.35329E-02 0.12764E-01 0.11500E-01 0.11215E-01  18.229      3649    .            
 0.35659E-02 0.18227E-01 0.34868E-02 0.12358E-01 0.11551E-01 0.11188E-01  18.234      3650    .            
 0.36453E-02 0.17623E-01 0.34443E-02 0.11892E-01 0.11602E-01 0.11150E-01  18.239      3651    .            
 0.37216E-02 0.16907E-01 0.34059E-02 0.11385E-01 0.11653E-01 0.11100E-01  18.244      3652    .            
 0.37938E-02 0.16086E-01 0.33721E-02 0.10860E-01 0.11704E-01 0.11036E-01  18.249      3653    .            
 0.38615E-02 0.15170E-01 0.33434E-02 0.10346E-01 0.11754E-01 0.10959E-01  18.254      3654    .            
 0.39240E-02 0.14172E-01 0.33202E-02 0.98744E-02 0.11804E-01 0.10869E-01  18.259      3655    .            
 0.39808E-02 0.13112E-01 0.33030E-02 0.94825E-02 0.11854E-01 0.10766E-01  18.264      3656    .            
 0.40314E-02 0.12012E-01 0.32920E-02 0.92090E-02 0.11903E-01 0.10652E-01  18.269      3657    .            
 0.40752E-02 0.10904E-01 0.32876E-02 0.90901E-02 0.11951E-01 0.10528E-01  18.274      3658    .            
 0.41119E-02 0.98295E-02 0.32899E-02 0.91538E-02 0.11999E-01 0.10395E-01  18.279      3659    .            
 0.41413E-02 0.88433E-02 0.32993E-02 0.94133E-02 0.12046E-01 0.10257E-01  18.284      3660    .            
 0.41630E-02 0.80154E-02 0.33158E-02 0.98654E-02 0.12092E-01 0.10114E-01  18.289      3661    .            
 0.41770E-02 0.74271E-02 0.33396E-02 0.10492E-01 0.12137E-01 0.99702E-02  18.294      3662    .            
 0.41831E-02 0.71537E-02 0.33707E-02 0.11267E-01 0.12182E-01 0.98273E-02  18.299      3663    .            
 0.41814E-02 0.72316E-02 0.34092E-02 0.12160E-01 0.12226E-01 0.96880E-02  18.304      3664    .            
 0.41720E-02 0.76370E-02 0.34550E-02 0.13140E-01 0.12269E-01 0.95544E-02  18.309      3665    .            
 0.41550E-02 0.82980E-02 0.35081E-02 0.14179E-01 0.12312E-01 0.94289E-02  18.314      3666    .            
 0.41307E-02 0.91281E-02 0.35683E-02 0.15253E-01 0.12353E-01 0.93131E-02  18.319      3667    .            
 0.40995E-02 0.10050E-01 0.36355E-02 0.16338E-01 0.12395E-01 0.92086E-02  18.324      3668    .            
 0.40617E-02 0.11002E-01 0.37093E-02 0.17415E-01 0.12436E-01 0.91166E-02  18.329      3669    .            
 0.40179E-02 0.11940E-01 0.37897E-02 0.18462E-01 0.12476E-01 0.90378E-02  18.334      3670    .            
 0.39686E-02 0.12830E-01 0.38761E-02 0.19463E-01 0.12516E-01 0.89725E-02  18.339      3671    .            
 0.39144E-02 0.13647E-01 0.39681E-02 0.20399E-01 0.12555E-01 0.89205E-02  18.344      3672    .            
 0.38558E-02 0.14374E-01 0.40654E-02 0.21255E-01 0.12595E-01 0.88812E-02  18.349      3673    .            
 0.37937E-02 0.14999E-01 0.41673E-02 0.22015E-01 0.12634E-01 0.88534E-02  18.354      3674    .            
 0.37286E-02 0.15511E-01 0.42732E-02 0.22662E-01 0.12673E-01 0.88358E-02  18.359      3675    .            
 0.36613E-02 0.15908E-01 0.43825E-02 0.23183E-01 0.12712E-01 0.88263E-02  18.364      3676    .            
 0.35925E-02 0.16185E-01 0.44944E-02 0.23563E-01 0.12751E-01 0.88227E-02  18.369      3677    .            
 0.35229E-02 0.16344E-01 0.46082E-02 0.23792E-01 0.12791E-01 0.88226E-02  18.374      3678    .            
 0.34532E-02 0.16388E-01 0.47229E-02 0.23857E-01 0.12830E-01 0.88233E-02  18.379      3679    .            
 0.33842E-02 0.16321E-01 0.48378E-02 0.23750E-01 0.12869E-01 0.88221E-02  18.384      3680    .            
 0.33164E-02 0.16151E-01 0.49518E-02 0.23464E-01 0.12908E-01 0.88164E-02  18.389      3681    .            
 0.32506E-02 0.15886E-01 0.50641E-02 0.22994E-01 0.12947E-01 0.88037E-02  18.394      3682    .            
 0.31873E-02 0.15537E-01 0.51737E-02 0.22338E-01 0.12986E-01 0.87815E-02  18.399      3683    .            
 0.31271E-02 0.15116E-01 0.52795E-02 0.21495E-01 0.13025E-01 0.87481E-02  18.404      3684    .            
 0.30706E-02 0.14636E-01 0.53806E-02 0.20470E-01 0.13064E-01 0.87018E-02  18.409      3685    .            
 0.30182E-02 0.14113E-01 0.54761E-02 0.19270E-01 0.13102E-01 0.86415E-02  18.414      3686    .            
 0.29704E-02 0.13564E-01 0.55651E-02 0.17904E-01 0.13141E-01 0.85667E-02  18.419      3687    .            
 0.29276E-02 0.13007E-01 0.56466E-02 0.16386E-01 0.13178E-01 0.84772E-02  18.424      3688    .            
 0.28901E-02 0.12462E-01 0.57198E-02 0.14737E-01 0.13215E-01 0.83736E-02  18.429      3689    .            
 0.28583E-02 0.11953E-01 0.57841E-02 0.12982E-01 0.13252E-01 0.82568E-02  18.434      3690    .            
 0.28324E-02 0.11502E-01 0.58387E-02 0.11158E-01 0.13288E-01 0.81282E-02  18.439      3691    .            
 0.28127E-02 0.11133E-01 0.58830E-02 0.93205E-02 0.13323E-01 0.79897E-02  18.444      3692    .            
 0.27994E-02 0.10868E-01 0.59167E-02 0.75625E-02 0.13358E-01 0.78435E-02  18.449      3693    .            
 0.27925E-02 0.10727E-01 0.59392E-02 0.60614E-02 0.13391E-01 0.76919E-02  18.454      3694    .            
 0.27923E-02 0.10722E-01 0.59504E-02 0.51398E-02 0.13424E-01 0.75377E-02  18.459      3695    .            
 0.27987E-02 0.10856E-01 0.59501E-02 0.51686E-02 0.13456E-01 0.73835E-02  18.464      3696    .            
 0.28118E-02 0.11127E-01 0.59383E-02 0.61393E-02 0.13487E-01 0.72320E-02  18.469      3697    .            
 0.28315E-02 0.11520E-01 0.59150E-02 0.76792E-02 0.13517E-01 0.70858E-02  18.474      3698    .            
 0.28578E-02 0.12020E-01 0.58805E-02 0.94741E-02 0.13547E-01 0.69473E-02  18.479      3699    .            
 0.28906E-02 0.12603E-01 0.58352E-02 0.11352E-01 0.13575E-01 0.68185E-02  18.484      3700    .            
 0.29297E-02 0.13249E-01 0.57794E-02 0.13221E-01 0.13603E-01 0.67012E-02  18.489      3701    .            
 0.29749E-02 0.13933E-01 0.57137E-02 0.15027E-01 0.13631E-01 0.65967E-02  18.494      3702    .            
 0.30260E-02 0.14637E-01 0.56388E-02 0.16732E-01 0.13657E-01 0.65059E-02  18.499      3703    .            
 0.30826E-02 0.15339E-01 0.55553E-02 0.18310E-01 0.13683E-01 0.64292E-02  18.504      3704    .            
 0.31445E-02 0.16021E-01 0.54641E-02 0.19741E-01 0.13709E-01 0.63667E-02  18.509      3705    .            
 0.32113E-02 0.16666E-01 0.53660E-02 0.21009E-01 0.13735E-01 0.63179E-02  18.514      3706    .            
 0.32824E-02 0.17258E-01 0.52620E-02 0.22104E-01 0.13760E-01 0.62817E-02  18.519      3707    .            
 0.33575E-02 0.17782E-01 0.51528E-02 0.23018E-01 0.13785E-01 0.62570E-02  18.524      3708    .            
 0.34359E-02 0.18224E-01 0.50396E-02 0.23747E-01 0.13810E-01 0.62419E-02  18.529      3709    .            
 0.35172E-02 0.18572E-01 0.49233E-02 0.24290E-01 0.13835E-01 0.62344E-02  18.534      3710    .            
 0.36007E-02 0.18815E-01 0.48049E-02 0.24648E-01 0.13860E-01 0.62321E-02  18.539      3711    .            
 0.36856E-02 0.18942E-01 0.46852E-02 0.24826E-01 0.13885E-01 0.62324E-02  18.544      3712    .            
 0.37714E-02 0.18944E-01 0.45653E-02 0.24830E-01 0.13910E-01 0.62326E-02  18.549      3713    .            
 0.38573E-02 0.18816E-01 0.44461E-02 0.24670E-01 0.13935E-01 0.62301E-02  18.554      3714    .            
 0.39424E-02 0.18553E-01 0.43284E-02 0.24356E-01 0.13960E-01 0.62221E-02  18.559      3715    .            
 0.40262E-02 0.18152E-01 0.42129E-02 0.23899E-01 0.13985E-01 0.62064E-02  18.564      3716    .            
 0.41077E-02 0.17612E-01 0.41005E-02 0.23314E-01 0.14009E-01 0.61806E-02  18.569      3717    .            
 0.41861E-02 0.16936E-01 0.39918E-02 0.22614E-01 0.14034E-01 0.61431E-02  18.574      3718    .            
 0.42608E-02 0.16129E-01 0.38875E-02 0.21814E-01 0.14058E-01 0.60925E-02  18.579      3719    .            
 0.43310E-02 0.15201E-01 0.37880E-02 0.20931E-01 0.14083E-01 0.60280E-02  18.584      3720    .            
 0.43959E-02 0.14163E-01 0.36939E-02 0.19980E-01 0.14106E-01 0.59494E-02  18.589      3721    .            
 0.44549E-02 0.13033E-01 0.36055E-02 0.18977E-01 0.14129E-01 0.58571E-02  18.594      3722    .            
 0.45074E-02 0.11836E-01 0.35234E-02 0.17941E-01 0.14152E-01 0.57520E-02  18.599      3723    .            
 0.45527E-02 0.10604E-01 0.34477E-02 0.16887E-01 0.14174E-01 0.56354E-02  18.604      3724    .            
 0.45904E-02 0.93851E-02 0.33786E-02 0.15834E-01 0.14195E-01 0.55094E-02  18.609      3725    .            
 0.46201E-02 0.82467E-02 0.33165E-02 0.14802E-01 0.14215E-01 0.53761E-02  18.614      3726    .            
 0.46414E-02 0.72870E-02 0.32613E-02 0.13809E-01 0.14235E-01 0.52381E-02  18.619      3727    .            
 0.46540E-02 0.66362E-02 0.32133E-02 0.12878E-01 0.14253E-01 0.50982E-02  18.624      3728    .            
 0.46578E-02 0.64237E-02 0.31723E-02 0.12031E-01 0.14271E-01 0.49591E-02  18.629      3729    .            
 0.46527E-02 0.67052E-02 0.31385E-02 0.11291E-01 0.14288E-01 0.48237E-02  18.634      3730    .            
 0.46388E-02 0.74193E-02 0.31118E-02 0.10680E-01 0.14304E-01 0.46943E-02  18.639      3731    .            
 0.46161E-02 0.84368E-02 0.30920E-02 0.10216E-01 0.14318E-01 0.45732E-02  18.644      3732    .            
 0.45849E-02 0.96314E-02 0.30790E-02 0.99101E-02 0.14332E-01 0.44622E-02  18.649      3733    .            
 0.45454E-02 0.10909E-01 0.30727E-02 0.97643E-02 0.14346E-01 0.43625E-02  18.654      3734    .            
 0.44981E-02 0.12202E-01 0.30728E-02 0.97687E-02 0.14358E-01 0.42748E-02  18.659      3735    .            
 0.44434E-02 0.13466E-01 0.30790E-02 0.99035E-02 0.14370E-01 0.41996E-02  18.664      3736    .            
 0.43818E-02 0.14667E-01 0.30910E-02 0.10142E-01 0.14381E-01 0.41367E-02  18.669      3737    .            
 0.43139E-02 0.15781E-01 0.31085E-02 0.10454E-01 0.14392E-01 0.40855E-02  18.674      3738    .            
 0.42403E-02 0.16789E-01 0.31312E-02 0.10809E-01 0.14402E-01 0.40453E-02  18.679      3739    .            
 0.41619E-02 0.17679E-01 0.31584E-02 0.11179E-01 0.14412E-01 0.40151E-02  18.684      3740    .            
 0.40792E-02 0.18440E-01 0.31899E-02 0.11539E-01 0.14422E-01 0.39937E-02  18.689      3741    .            
 0.39931E-02 0.19067E-01 0.32250E-02 0.11868E-01 0.14432E-01 0.39797E-02  18.694      3742    .            
 0.39043E-02 0.19555E-01 0.32633E-02 0.12149E-01 0.14441E-01 0.39718E-02  18.699      3743    .            
 0.38136E-02 0.19905E-01 0.33041E-02 0.12365E-01 0.14451E-01 0.39684E-02  18.704      3744    .            
 0.37218E-02 0.20119E-01 0.33469E-02 0.12506E-01 0.14460E-01 0.39678E-02  18.709      3745    .            
 0.36296E-02 0.20200E-01 0.33909E-02 0.12563E-01 0.14470E-01 0.39682E-02  18.714      3746    .            
 0.35378E-02 0.20155E-01 0.34357E-02 0.12529E-01 0.14479E-01 0.39678E-02  18.719      3747    .            
 0.34471E-02 0.19991E-01 0.34804E-02 0.12401E-01 0.14489E-01 0.39649E-02  18.724      3748    .            
 0.33581E-02 0.19718E-01 0.35245E-02 0.12179E-01 0.14498E-01 0.39578E-02  18.729      3749    .            
 0.32716E-02 0.19347E-01 0.35672E-02 0.11865E-01 0.14508E-01 0.39449E-02  18.734      3750    .            
 0.31880E-02 0.18889E-01 0.36079E-02 0.11467E-01 0.14517E-01 0.39251E-02  18.739      3751    .            
 0.31080E-02 0.18357E-01 0.36459E-02 0.10995E-01 0.14526E-01 0.38976E-02  18.744      3752    .            
 0.30321E-02 0.17765E-01 0.36805E-02 0.10465E-01 0.14535E-01 0.38622E-02  18.749      3753    .            
 0.29607E-02 0.17127E-01 0.37113E-02 0.99007E-02 0.14543E-01 0.38190E-02  18.754      3754    .            
 0.28941E-02 0.16459E-01 0.37375E-02 0.93317E-02 0.14551E-01 0.37690E-02  18.759      3755    .            
 0.28329E-02 0.15777E-01 0.37588E-02 0.87973E-02 0.14559E-01 0.37137E-02  18.764      3756    .            
 0.27772E-02 0.15096E-01 0.37745E-02 0.83460E-02 0.14565E-01 0.36548E-02  18.769      3757    .            
 0.27274E-02 0.14434E-01 0.37844E-02 0.80318E-02 0.14571E-01 0.35950E-02  18.774      3758    .            
 0.26837E-02 0.13809E-01 0.37880E-02 0.79071E-02 0.14577E-01 0.35369E-02  18.779      3759    .            
 0.26462E-02 0.13238E-01 0.37851E-02 0.80090E-02 0.14581E-01 0.34832E-02  18.784      3760    .            
 0.26150E-02 0.12739E-01 0.37755E-02 0.83483E-02 0.14584E-01 0.34365E-02  18.789      3761    .            
 0.25904E-02 0.12327E-01 0.37590E-02 0.89071E-02 0.14587E-01 0.33990E-02  18.794      3762    .            
 0.25722E-02 0.12015E-01 0.37356E-02 0.96471E-02 0.14588E-01 0.33723E-02  18.799      3763    .            
 0.25606E-02 0.11814E-01 0.37054E-02 0.10522E-01 0.14589E-01 0.33570E-02  18.804      3764    .            
 0.25555E-02 0.11726E-01 0.36683E-02 0.11487E-01 0.14588E-01 0.33532E-02  18.809      3765    .            
 0.25568E-02 0.11751E-01 0.36246E-02 0.12501E-01 0.14587E-01 0.33597E-02  18.814      3766    .            
 0.25644E-02 0.11880E-01 0.35746E-02 0.13532E-01 0.14585E-01 0.33750E-02  18.819      3767    .            
 0.25782E-02 0.12101E-01 0.35185E-02 0.14550E-01 0.14582E-01 0.33969E-02  18.824      3768    .            
 0.25979E-02 0.12398E-01 0.34568E-02 0.15534E-01 0.14578E-01 0.34229E-02  18.829      3769    .            
 0.26233E-02 0.12753E-01 0.33899E-02 0.16464E-01 0.14574E-01 0.34507E-02  18.834      3770    .            
 0.26542E-02 0.13145E-01 0.33182E-02 0.17326E-01 0.14569E-01 0.34781E-02  18.839      3771    .            
 0.26903E-02 0.13556E-01 0.32423E-02 0.18107E-01 0.14563E-01 0.35034E-02  18.844      3772    .            
 0.27311E-02 0.13968E-01 0.31628E-02 0.18800E-01 0.14558E-01 0.35252E-02  18.849      3773    .            
 0.27763E-02 0.14364E-01 0.30803E-02 0.19397E-01 0.14551E-01 0.35429E-02  18.854      3774    .            
 0.28254E-02 0.14727E-01 0.29954E-02 0.19894E-01 0.14545E-01 0.35561E-02  18.859      3775    .            
 0.28779E-02 0.15043E-01 0.29087E-02 0.20291E-01 0.14539E-01 0.35650E-02  18.864      3776    .            
 0.29334E-02 0.15301E-01 0.28210E-02 0.20588E-01 0.14532E-01 0.35704E-02  18.869      3777    .            
 0.29913E-02 0.15488E-01 0.27328E-02 0.20787E-01 0.14526E-01 0.35729E-02  18.874      3778    .            
 0.30510E-02 0.15595E-01 0.26449E-02 0.20893E-01 0.14519E-01 0.35738E-02  18.879      3779    .            
 0.31120E-02 0.15614E-01 0.25578E-02 0.20911E-01 0.14512E-01 0.35740E-02  18.884      3780    .            
 0.31735E-02 0.15540E-01 0.24722E-02 0.20849E-01 0.14506E-01 0.35747E-02  18.889      3781    .            
 0.32349E-02 0.15368E-01 0.23887E-02 0.20715E-01 0.14499E-01 0.35772E-02  18.894      3782    .            
 0.32956E-02 0.15097E-01 0.23079E-02 0.20520E-01 0.14493E-01 0.35823E-02  18.899      3783    .            
 0.33549E-02 0.14726E-01 0.22303E-02 0.20273E-01 0.14486E-01 0.35913E-02  18.904      3784    .            
 0.34122E-02 0.14260E-01 0.21566E-02 0.19986E-01 0.14479E-01 0.36052E-02  18.909      3785    .            
 0.34669E-02 0.13705E-01 0.20872E-02 0.19669E-01 0.14472E-01 0.36252E-02  18.914      3786    .            
 0.35182E-02 0.13070E-01 0.20227E-02 0.19336E-01 0.14465E-01 0.36525E-02  18.919      3787    .            
 0.35657E-02 0.12369E-01 0.19635E-02 0.18997E-01 0.14457E-01 0.36883E-02  18.924      3788    .            
 0.36086E-02 0.11621E-01 0.19101E-02 0.18664E-01 0.14449E-01 0.37337E-02  18.929      3789    .            
 0.36467E-02 0.10850E-01 0.18629E-02 0.18348E-01 0.14440E-01 0.37899E-02  18.934      3790    .            
 0.36792E-02 0.10087E-01 0.18223E-02 0.18060E-01 0.14430E-01 0.38577E-02  18.939      3791    .            
 0.37059E-02 0.93728E-02 0.17886E-02 0.17810E-01 0.14420E-01 0.39373E-02  18.944      3792    .            
 0.37264E-02 0.87565E-02 0.17622E-02 0.17606E-01 0.14409E-01 0.40288E-02  18.949      3793    .            
 0.37404E-02 0.82928E-02 0.17433E-02 0.17456E-01 0.14397E-01 0.41314E-02  18.954      3794    .            
 0.37477E-02 0.80343E-02 0.17320E-02 0.17365E-01 0.14384E-01 0.42438E-02  18.959      3795    .            
 0.37482E-02 0.80179E-02 0.17286E-02 0.17337E-01 0.14370E-01 0.43643E-02  18.964      3796    .            
 0.37417E-02 0.82518E-02 0.17330E-02 0.17374E-01 0.14355E-01 0.44904E-02  18.969      3797    .            
 0.37284E-02 0.87124E-02 0.17452E-02 0.17474E-01 0.14339E-01 0.46195E-02  18.974      3798    .            
 0.37082E-02 0.93546E-02 0.17651E-02 0.17636E-01 0.14322E-01 0.47487E-02  18.979      3799    .            
 0.36814E-02 0.10125E-01 0.17926E-02 0.17856E-01 0.14305E-01 0.48752E-02  18.984      3800    .            
 0.36482E-02 0.10973E-01 0.18275E-02 0.18126E-01 0.14286E-01 0.49962E-02  18.989      3801    .            
 0.36088E-02 0.11856E-01 0.18694E-02 0.18439E-01 0.14267E-01 0.51091E-02  18.994      3802    .            
 0.35638E-02 0.12738E-01 0.19181E-02 0.18786E-01 0.14247E-01 0.52119E-02  18.999      3803    .            
 0.35135E-02 0.13591E-01 0.19732E-02 0.19157E-01 0.14226E-01 0.53028E-02  19.004      3804    .            
 0.34583E-02 0.14394E-01 0.20343E-02 0.19541E-01 0.14205E-01 0.53807E-02  19.009      3805    .            
 0.33989E-02 0.15129E-01 0.21010E-02 0.19925E-01 0.14183E-01 0.54451E-02  19.014      3806    .            
 0.33358E-02 0.15783E-01 0.21729E-02 0.20299E-01 0.14161E-01 0.54960E-02  19.019      3807    .            
 0.32695E-02 0.16347E-01 0.22494E-02 0.20650E-01 0.14139E-01 0.55342E-02  19.024      3808    .            
 0.32009E-02 0.16815E-01 0.23301E-02 0.20967E-01 0.14117E-01 0.55607E-02  19.029      3809    .            
 0.31303E-02 0.17183E-01 0.24144E-02 0.21237E-01 0.14094E-01 0.55774E-02  19.034      3810    .            
 0.30587E-02 0.17450E-01 0.25018E-02 0.21449E-01 0.14072E-01 0.55863E-02  19.039      3811    .            
 0.29865E-02 0.17617E-01 0.25917E-02 0.21592E-01 0.14049E-01 0.55897E-02  19.044      3812    .            
 0.29144E-02 0.17688E-01 0.26836E-02 0.21658E-01 0.14027E-01 0.55905E-02  19.049      3813    .            
 0.28431E-02 0.17667E-01 0.27768E-02 0.21636E-01 0.14004E-01 0.55911E-02  19.054      3814    .            
 0.27732E-02 0.17561E-01 0.28706E-02 0.21520E-01 0.13982E-01 0.55944E-02  19.059      3815    .            
 0.27053E-02 0.17380E-01 0.29644E-02 0.21303E-01 0.13959E-01 0.56028E-02  19.064      3816    .            
 0.26399E-02 0.17131E-01 0.30576E-02 0.20981E-01 0.13937E-01 0.56188E-02  19.069      3817    .            
 0.25776E-02 0.16827E-01 0.31495E-02 0.20551E-01 0.13914E-01 0.56446E-02  19.074      3818    .            
 0.25188E-02 0.16478E-01 0.32394E-02 0.20014E-01 0.13891E-01 0.56818E-02  19.079      3819    .            
 0.24641E-02 0.16098E-01 0.33265E-02 0.19369E-01 0.13868E-01 0.57319E-02  19.084      3820    .            
 0.24139E-02 0.15700E-01 0.34104E-02 0.18622E-01 0.13845E-01 0.57959E-02  19.089      3821    .            
 0.23686E-02 0.15299E-01 0.34904E-02 0.17778E-01 0.13821E-01 0.58745E-02  19.094      3822    .            
 0.23285E-02 0.14908E-01 0.35658E-02 0.16847E-01 0.13796E-01 0.59678E-02  19.099      3823    .            
 0.22939E-02 0.14542E-01 0.36361E-02 0.15841E-01 0.13771E-01 0.60754E-02  19.104      3824    .            
 0.22652E-02 0.14216E-01 0.37008E-02 0.14774E-01 0.13746E-01 0.61966E-02  19.109      3825    .            
 0.22425E-02 0.13944E-01 0.37594E-02 0.13668E-01 0.13719E-01 0.63300E-02  19.114      3826    .            
 0.22260E-02 0.13737E-01 0.38116E-02 0.12544E-01 0.13692E-01 0.64739E-02  19.119      3827    .            
 0.22159E-02 0.13606E-01 0.38570E-02 0.11434E-01 0.13664E-01 0.66263E-02  19.124      3828    .            
 0.22123E-02 0.13558E-01 0.38953E-02 0.10374E-01 0.13635E-01 0.67847E-02  19.129      3829    .            
 0.22153E-02 0.13597E-01 0.39264E-02 0.94088E-02 0.13605E-01 0.69464E-02  19.134      3830    .            
 0.22248E-02 0.13724E-01 0.39502E-02 0.85926E-02 0.13574E-01 0.71087E-02  19.139      3831    .            
 0.22409E-02 0.13935E-01 0.39666E-02 0.79826E-02 0.13542E-01 0.72686E-02  19.144      3832    .            
 0.22634E-02 0.14223E-01 0.39758E-02 0.76280E-02 0.13510E-01 0.74233E-02  19.149      3833    .            
 0.22923E-02 0.14580E-01 0.39777E-02 0.75522E-02 0.13476E-01 0.75702E-02  19.154      3834    .            
 0.23275E-02 0.14992E-01 0.39728E-02 0.77397E-02 0.13442E-01 0.77069E-02  19.159      3835    .            
 0.23686E-02 0.15447E-01 0.39612E-02 0.81408E-02 0.13407E-01 0.78314E-02  19.164      3836    .            
 0.24156E-02 0.15931E-01 0.39433E-02 0.86892E-02 0.13372E-01 0.79421E-02  19.169      3837    .            
 0.24680E-02 0.16430E-01 0.39196E-02 0.93199E-02 0.13335E-01 0.80379E-02  19.174      3838    .            
 0.25257E-02 0.16928E-01 0.38905E-02 0.99782E-02 0.13299E-01 0.81183E-02  19.179      3839    .            
 0.25882E-02 0.17412E-01 0.38567E-02 0.10621E-01 0.13262E-01 0.81832E-02  19.184      3840    .            
 0.26552E-02 0.17868E-01 0.38187E-02 0.11218E-01 0.13225E-01 0.82334E-02  19.189      3841    .            
 0.27262E-02 0.18281E-01 0.37771E-02 0.11745E-01 0.13187E-01 0.82699E-02  19.194      3842    .            
 0.28007E-02 0.18640E-01 0.37326E-02 0.12185E-01 0.13150E-01 0.82944E-02  19.199      3843    .            
 0.28782E-02 0.18932E-01 0.36860E-02 0.12529E-01 0.13112E-01 0.83089E-02  19.204      3844    .            
 0.29582E-02 0.19145E-01 0.36379E-02 0.12769E-01 0.13074E-01 0.83161E-02  19.209      3845    .            
 0.30401E-02 0.19271E-01 0.35891E-02 0.12904E-01 0.13036E-01 0.83185E-02  19.214      3846    .            
 0.31233E-02 0.19300E-01 0.35402E-02 0.12933E-01 0.12999E-01 0.83190E-02  19.219      3847    .            
 0.32071E-02 0.19224E-01 0.34919E-02 0.12862E-01 0.12961E-01 0.83206E-02  19.224      3848    .            
 0.32908E-02 0.19039E-01 0.34450E-02 0.12695E-01 0.12923E-01 0.83261E-02  19.229      3849    .            
 0.33737E-02 0.18740E-01 0.34001E-02 0.12444E-01 0.12886E-01 0.83381E-02  19.234      3850    .            
 0.34553E-02 0.18324E-01 0.33578E-02 0.12119E-01 0.12848E-01 0.83591E-02  19.239      3851    .            
 0.35347E-02 0.17794E-01 0.33188E-02 0.11736E-01 0.12810E-01 0.83912E-02  19.244      3852    .            
 0.36113E-02 0.17150E-01 0.32836E-02 0.11313E-01 0.12772E-01 0.84359E-02  19.249      3853    .            
 0.36843E-02 0.16400E-01 0.32526E-02 0.10874E-01 0.12734E-01 0.84945E-02  19.254      3854    .            
 0.37532E-02 0.15551E-01 0.32265E-02 0.10443E-01 0.12695E-01 0.85677E-02  19.259      3855    .            
 0.38174E-02 0.14615E-01 0.32057E-02 0.10051E-01 0.12656E-01 0.86557E-02  19.264      3856    .            
 0.38762E-02 0.13609E-01 0.31905E-02 0.97323E-02 0.12617E-01 0.87581E-02  19.269      3857    .            
 0.39291E-02 0.12554E-01 0.31813E-02 0.95209E-02 0.12577E-01 0.88742E-02  19.274      3858    .            
 0.39756E-02 0.11476E-01 0.31784E-02 0.94493E-02 0.12536E-01 0.90027E-02  19.279      3859    .            
 0.40153E-02 0.10413E-01 0.31821E-02 0.95423E-02 0.12494E-01 0.91419E-02  19.284      3860    .            
 0.40479E-02 0.94094E-02 0.31927E-02 0.98128E-02 0.12452E-01 0.92899E-02  19.289      3861    .            
 0.40731E-02 0.85273E-02 0.32102E-02 0.10260E-01 0.12409E-01 0.94442E-02  19.294      3862    .            
 0.40907E-02 0.78392E-02 0.32349E-02 0.10871E-01 0.12365E-01 0.96024E-02  19.299      3863    .            
 0.41007E-02 0.74203E-02 0.32669E-02 0.11623E-01 0.12320E-01 0.97618E-02  19.304      3864    .            
 0.41029E-02 0.73249E-02 0.33062E-02 0.12493E-01 0.12275E-01 0.99197E-02  19.309      3865    .            
 0.40974E-02 0.75588E-02 0.33527E-02 0.13451E-01 0.12229E-01 0.10073E-01  19.314      3866    .            
 0.40844E-02 0.80751E-02 0.34065E-02 0.14475E-01 0.12181E-01 0.10220E-01  19.319      3867    .            
 0.40641E-02 0.87969E-02 0.34675E-02 0.15538E-01 0.12134E-01 0.10358E-01  19.324      3868    .            
 0.40369E-02 0.96452E-02 0.35354E-02 0.16620E-01 0.12085E-01 0.10484E-01  19.329      3869    .            
 0.40030E-02 0.10553E-01 0.36102E-02 0.17700E-01 0.12036E-01 0.10598E-01  19.334      3870    .            
 0.39629E-02 0.11470E-01 0.36915E-02 0.18760E-01 0.11986E-01 0.10698E-01  19.339      3871    .            
 0.39172E-02 0.12356E-01 0.37790E-02 0.19781E-01 0.11936E-01 0.10783E-01  19.344      3872    .            
 0.38663E-02 0.13183E-01 0.38724E-02 0.20745E-01 0.11885E-01 0.10854E-01  19.349      3873    .            
 0.38110E-02 0.13930E-01 0.39712E-02 0.21636E-01 0.11835E-01 0.10910E-01  19.354      3874    .            
 0.37519E-02 0.14583E-01 0.40748E-02 0.22437E-01 0.11784E-01 0.10952E-01  19.359      3875    .            
 0.36895E-02 0.15130E-01 0.41828E-02 0.23133E-01 0.11732E-01 0.10982E-01  19.364      3876    .            
 0.36248E-02 0.15564E-01 0.42944E-02 0.23708E-01 0.11681E-01 0.11001E-01  19.369      3877    .            
 0.35582E-02 0.15883E-01 0.44089E-02 0.24147E-01 0.11630E-01 0.11012E-01  19.374      3878    .            
 0.34907E-02 0.16084E-01 0.45257E-02 0.24439E-01 0.11579E-01 0.11017E-01  19.379      3879    .            
 0.34228E-02 0.16171E-01 0.46437E-02 0.24570E-01 0.11527E-01 0.11018E-01  19.384      3880    .            
 0.33553E-02 0.16147E-01 0.47623E-02 0.24531E-01 0.11476E-01 0.11019E-01  19.389      3881    .            
 0.32889E-02 0.16019E-01 0.48804E-02 0.24313E-01 0.11425E-01 0.11021E-01  19.394      3882    .            
 0.32242E-02 0.15794E-01 0.49971E-02 0.23911E-01 0.11374E-01 0.11028E-01  19.399      3883    .            
 0.31618E-02 0.15483E-01 0.51114E-02 0.23321E-01 0.11322E-01 0.11042E-01  19.404      3884    .            
 0.31024E-02 0.15097E-01 0.52223E-02 0.22542E-01 0.11271E-01 0.11065E-01  19.409      3885    .            
 0.30464E-02 0.14649E-01 0.53289E-02 0.21576E-01 0.11220E-01 0.11099E-01  19.414      3886    .            
 0.29945E-02 0.14155E-01 0.54302E-02 0.20428E-01 0.11168E-01 0.11145E-01  19.419      3887    .            
 0.29470E-02 0.13632E-01 0.55252E-02 0.19107E-01 0.11116E-01 0.11203E-01  19.424      3888    .            
 0.29043E-02 0.13097E-01 0.56130E-02 0.17626E-01 0.11064E-01 0.11275E-01  19.429      3889    .            
 0.28670E-02 0.12571E-01 0.56928E-02 0.16002E-01 0.11012E-01 0.11360E-01  19.434      3890    .            
 0.28352E-02 0.12076E-01 0.57638E-02 0.14256E-01 0.10959E-01 0.11458E-01  19.439      3891    .            
 0.28093E-02 0.11636E-01 0.58252E-02 0.12420E-01 0.10906E-01 0.11567E-01  19.444      3892    .            
 0.27895E-02 0.11275E-01 0.58766E-02 0.10537E-01 0.10852E-01 0.11686E-01  19.449      3893    .            
 0.27761E-02 0.11014E-01 0.59172E-02 0.86752E-02 0.10797E-01 0.11814E-01  19.454      3894    .            
 0.27691E-02 0.10873E-01 0.59468E-02 0.69567E-02 0.10742E-01 0.11949E-01  19.459      3895    .            
 0.27688E-02 0.10866E-01 0.59650E-02 0.56146E-02 0.10686E-01 0.12088E-01  19.464      3896    .            
 0.27752E-02 0.10997E-01 0.59716E-02 0.50328E-02 0.10629E-01 0.12229E-01  19.469      3897    .            
 0.27882E-02 0.11263E-01 0.59665E-02 0.54823E-02 0.10572E-01 0.12370E-01  19.474      3898    .            
 0.28080E-02 0.11655E-01 0.59499E-02 0.67456E-02 0.10513E-01 0.12508E-01  19.479      3899    .            
 0.28344E-02 0.12153E-01 0.59219E-02 0.84278E-02 0.10455E-01 0.12641E-01  19.484      3900    .            
 0.28673E-02 0.12740E-01 0.58827E-02 0.10275E-01 0.10395E-01 0.12768E-01  19.489      3901    .            
 0.29067E-02 0.13391E-01 0.58329E-02 0.12155E-01 0.10335E-01 0.12885E-01  19.494      3902    .            
 0.29523E-02 0.14085E-01 0.57729E-02 0.13993E-01 0.10275E-01 0.12991E-01  19.499      3903    .            
 0.30039E-02 0.14801E-01 0.57033E-02 0.15745E-01 0.10214E-01 0.13086E-01  19.504      3904    .            
 0.30611E-02 0.15520E-01 0.56248E-02 0.17377E-01 0.10152E-01 0.13168E-01  19.509      3905    .            
 0.31238E-02 0.16221E-01 0.55383E-02 0.18867E-01 0.10091E-01 0.13237E-01  19.514      3906    .            
 0.31914E-02 0.16889E-01 0.54445E-02 0.20198E-01 0.10029E-01 0.13294E-01  19.519      3907    .            
 0.32636E-02 0.17505E-01 0.53443E-02 0.21355E-01 0.99664E-02 0.13338E-01  19.524      3908    .            
 0.33399E-02 0.18056E-01 0.52388E-02 0.22331E-01 0.99041E-02 0.13370E-01  19.529      3909    .            
 0.34198E-02 0.18526E-01 0.51289E-02 0.23119E-01 0.98416E-02 0.13392E-01  19.534      3910    .            
 0.35027E-02 0.18904E-01 0.50156E-02 0.23717E-01 0.97792E-02 0.13406E-01  19.539      3911    .            
 0.35878E-02 0.19176E-01 0.48999E-02 0.24126E-01 0.97168E-02 0.13413E-01  19.544      3912    .            
 0.36747E-02 0.19332E-01 0.47827E-02 0.24349E-01 0.96544E-02 0.13416E-01  19.549      3913    .            
 0.37626E-02 0.19363E-01 0.46651E-02 0.24392E-01 0.95920E-02 0.13417E-01  19.554      3914    .            
 0.38507E-02 0.19263E-01 0.45479E-02 0.24264E-01 0.95298E-02 0.13418E-01  19.559      3915    .            
 0.39383E-02 0.19024E-01 0.44320E-02 0.23974E-01 0.94676E-02 0.13421E-01  19.564      3916    .            
 0.40245E-02 0.18645E-01 0.43183E-02 0.23534E-01 0.94054E-02 0.13429E-01  19.569      3917    .            
 0.41087E-02 0.18125E-01 0.42075E-02 0.22958E-01 0.93433E-02 0.13443E-01  19.574      3918    .            
 0.41900E-02 0.17464E-01 0.41005E-02 0.22260E-01 0.92811E-02 0.13465E-01  19.579      3919    .            
 0.42676E-02 0.16668E-01 0.39977E-02 0.21454E-01 0.92189E-02 0.13497E-01  19.584      3920    .            
 0.43407E-02 0.15744E-01 0.38998E-02 0.20558E-01 0.91565E-02 0.13538E-01  19.589      3921    .            
 0.44086E-02 0.14705E-01 0.38074E-02 0.19587E-01 0.90940E-02 0.13591E-01  19.594      3922    .            
 0.44707E-02 0.13567E-01 0.37208E-02 0.18559E-01 0.90313E-02 0.13654E-01  19.599      3923    .            
 0.45262E-02 0.12351E-01 0.36405E-02 0.17492E-01 0.89682E-02 0.13727E-01  19.604      3924    .            
 0.45745E-02 0.11089E-01 0.35667E-02 0.16403E-01 0.89048E-02 0.13811E-01  19.609      3925    .            
 0.46153E-02 0.98242E-02 0.34999E-02 0.15313E-01 0.88410E-02 0.13903E-01  19.614      3926    .            
 0.46479E-02 0.86180E-02 0.34401E-02 0.14242E-01 0.87768E-02 0.14003E-01  19.619      3927    .            
 0.46721E-02 0.75612E-02 0.33875E-02 0.13214E-01 0.87121E-02 0.14109E-01  19.624      3928    .            
 0.46876E-02 0.67800E-02 0.33422E-02 0.12252E-01 0.86469E-02 0.14220E-01  19.629      3929    .            
 0.46941E-02 0.64158E-02 0.33042E-02 0.11385E-01 0.85812E-02 0.14333E-01  19.634      3930    .            
 0.46916E-02 0.65573E-02 0.32737E-02 0.10640E-01 0.85150E-02 0.14447E-01  19.639      3931    .            
 0.46801E-02 0.71723E-02 0.32504E-02 0.10046E-01 0.84482E-02 0.14560E-01  19.644      3932    .            
 0.46597E-02 0.81358E-02 0.32344E-02 0.96234E-02 0.83809E-02 0.14670E-01  19.649      3933    .            
 0.46307E-02 0.93104E-02 0.32255E-02 0.93870E-02 0.83132E-02 0.14775E-01  19.654      3934    .            
 0.45931E-02 0.10588E-01 0.32234E-02 0.93356E-02 0.82450E-02 0.14873E-01  19.659      3935    .            
 0.45476E-02 0.11896E-01 0.32280E-02 0.94533E-02 0.81765E-02 0.14964E-01  19.664      3936    .            
 0.44945E-02 0.13181E-01 0.32390E-02 0.97119E-02 0.81076E-02 0.15045E-01  19.669      3937    .            
 0.44343E-02 0.14407E-01 0.32561E-02 0.10076E-01 0.80384E-02 0.15117E-01  19.674      3938    .            
 0.43676E-02 0.15548E-01 0.32789E-02 0.10510E-01 0.79690E-02 0.15178E-01  19.679      3939    .            
 0.42952E-02 0.16584E-01 0.33070E-02 0.10978E-01 0.78994E-02 0.15230E-01  19.684      3940    .            
 0.42176E-02 0.17500E-01 0.33399E-02 0.11450E-01 0.78296E-02 0.15270E-01  19.689      3941    .            
 0.41357E-02 0.18287E-01 0.33772E-02 0.11899E-01 0.77599E-02 0.15302E-01  19.694      3942    .            
 0.40502E-02 0.18936E-01 0.34184E-02 0.12303E-01 0.76901E-02 0.15325E-01  19.699      3943    .            
 0.39619E-02 0.19445E-01 0.34628E-02 0.12644E-01 0.76203E-02 0.15340E-01  19.704      3944    .            
 0.38716E-02 0.19813E-01 0.35098E-02 0.12907E-01 0.75506E-02 0.15349E-01  19.709      3945    .            
 0.37801E-02 0.20040E-01 0.35588E-02 0.13080E-01 0.74810E-02 0.15353E-01  19.714      3946    .            
 0.36881E-02 0.20131E-01 0.36091E-02 0.13153E-01 0.74116E-02 0.15354E-01  19.719      3947    .            
 0.35964E-02 0.20092E-01 0.36600E-02 0.13119E-01 0.73423E-02 0.15355E-01  19.724      3948    .            
 0.35058E-02 0.19930E-01 0.37109E-02 0.12975E-01 0.72732E-02 0.15356E-01  19.729      3949    .            
 0.34169E-02 0.19656E-01 0.37609E-02 0.12721E-01 0.72042E-02 0.15359E-01  19.734      3950    .            
 0.33305E-02 0.19278E-01 0.38093E-02 0.12359E-01 0.71353E-02 0.15365E-01  19.739      3951    .            
 0.32470E-02 0.18811E-01 0.38555E-02 0.11894E-01 0.70666E-02 0.15377E-01  19.744      3952    .            
 0.31671E-02 0.18266E-01 0.38987E-02 0.11339E-01 0.69979E-02 0.15395E-01  19.749      3953    .            
 0.30913E-02 0.17658E-01 0.39382E-02 0.10709E-01 0.69293E-02 0.15420E-01  19.754      3954    .            
 0.30201E-02 0.17002E-01 0.39733E-02 0.10028E-01 0.68608E-02 0.15452E-01  19.759      3955    .            
 0.29538E-02 0.16314E-01 0.40036E-02 0.93276E-02 0.67922E-02 0.15492E-01  19.764      3956    .            
 0.28929E-02 0.15609E-01 0.40283E-02 0.86526E-02 0.67235E-02 0.15540E-01  19.769      3957    .            
 0.28376E-02 0.14905E-01 0.40470E-02 0.80607E-02 0.66548E-02 0.15595E-01  19.774      3958    .            
 0.27882E-02 0.14221E-01 0.40592E-02 0.76222E-02 0.65859E-02 0.15657E-01  19.779      3959    .            
 0.27451E-02 0.13575E-01 0.40646E-02 0.74103E-02 0.65169E-02 0.15724E-01  19.784      3960    .            
 0.27082E-02 0.12985E-01 0.40629E-02 0.74809E-02 0.64476E-02 0.15797E-01  19.789      3961    .            
 0.26778E-02 0.12472E-01 0.40537E-02 0.78513E-02 0.63782E-02 0.15873E-01  19.794      3962    .            
 0.26539E-02 0.12051E-01 0.40371E-02 0.84941E-02 0.63085E-02 0.15952E-01  19.799      3963    .            
 0.26367E-02 0.11739E-01 0.40129E-02 0.93533E-02 0.62387E-02 0.16032E-01  19.804      3964    .            
 0.26261E-02 0.11544E-01 0.39811E-02 0.10366E-01 0.61687E-02 0.16111E-01  19.809      3965    .            
 0.26221E-02 0.11471E-01 0.39420E-02 0.11475E-01 0.60984E-02 0.16190E-01  19.814      3966    .            
 0.26245E-02 0.11517E-01 0.38955E-02 0.12633E-01 0.60280E-02 0.16265E-01  19.819      3967    .            
 0.26334E-02 0.11675E-01 0.38421E-02 0.13801E-01 0.59575E-02 0.16337E-01  19.824      3968    .            
 0.26484E-02 0.11928E-01 0.37820E-02 0.14949E-01 0.58868E-02 0.16403E-01  19.829      3969    .            
 0.26695E-02 0.12260E-01 0.37157E-02 0.16053E-01 0.58161E-02 0.16464E-01  19.834      3970    .            
 0.26964E-02 0.12649E-01 0.36436E-02 0.17093E-01 0.57454E-02 0.16518E-01  19.839      3971    .            
 0.27288E-02 0.13076E-01 0.35663E-02 0.18054E-01 0.56747E-02 0.16566E-01  19.844      3972    .            
 0.27663E-02 0.13518E-01 0.34843E-02 0.18923E-01 0.56041E-02 0.16606E-01  19.849      3973    .            
 0.28087E-02 0.13958E-01 0.33982E-02 0.19690E-01 0.55337E-02 0.16639E-01  19.854      3974    .            
 0.28554E-02 0.14378E-01 0.33088E-02 0.20351E-01 0.54634E-02 0.16665E-01  19.859      3975    .            
 0.29060E-02 0.14760E-01 0.32166E-02 0.20900E-01 0.53934E-02 0.16685E-01  19.864      3976    .            
 0.29601E-02 0.15091E-01 0.31223E-02 0.21336E-01 0.53237E-02 0.16699E-01  19.869      3977    .            
 0.30170E-02 0.15358E-01 0.30266E-02 0.21660E-01 0.52543E-02 0.16708E-01  19.874      3978    .            
 0.30764E-02 0.15549E-01 0.29303E-02 0.21875E-01 0.51853E-02 0.16713E-01  19.879      3979    .            
 0.31374E-02 0.15654E-01 0.28339E-02 0.21986E-01 0.51168E-02 0.16716E-01  19.884      3980    .            
 0.31996E-02 0.15666E-01 0.27382E-02 0.21998E-01 0.50487E-02 0.16716E-01  19.889      3981    .            
 0.32622E-02 0.15579E-01 0.26438E-02 0.21920E-01 0.49810E-02 0.16716E-01  19.894      3982    .            
 0.33247E-02 0.15389E-01 0.25513E-02 0.21761E-01 0.49139E-02 0.16716E-01  19.899      3983    .            
 0.33862E-02 0.15095E-01 0.24614E-02 0.21531E-01 0.48472E-02 0.16717E-01  19.904      3984    .            
 0.34462E-02 0.14698E-01 0.23746E-02 0.21241E-01 0.47811E-02 0.16721E-01  19.909      3985    .            
 0.35040E-02 0.14200E-01 0.22914E-02 0.20903E-01 0.47155E-02 0.16727E-01  19.914      3986    .            
 0.35589E-02 0.13611E-01 0.22124E-02 0.20529E-01 0.46504E-02 0.16737E-01  19.919      3987    .            
 0.36103E-02 0.12940E-01 0.21381E-02 0.20131E-01 0.45858E-02 0.16750E-01  19.924      3988    .            
 0.36575E-02 0.12202E-01 0.20689E-02 0.19721E-01 0.45217E-02 0.16768E-01  19.929      3989    .            
 0.37001E-02 0.11417E-01 0.20053E-02 0.19313E-01 0.44582E-02 0.16790E-01  19.934      3990    .            
 0.37374E-02 0.10614E-01 0.19477E-02 0.18916E-01 0.43951E-02 0.16816E-01  19.939      3991    .            
 0.37690E-02 0.98271E-02 0.18965E-02 0.18544E-01 0.43326E-02 0.16846E-01  19.944      3992    .            
 0.37945E-02 0.91013E-02 0.18520E-02 0.18205E-01 0.42706E-02 0.16879E-01  19.949      3993    .            
 0.38136E-02 0.84918E-02 0.18145E-02 0.17910E-01 0.42091E-02 0.16915E-01  19.954      3994    .            
 0.38259E-02 0.80591E-02 0.17843E-02 0.17666E-01 0.41481E-02 0.16953E-01  19.959      3995    .            
 0.38312E-02 0.78589E-02 0.17617E-02 0.17481E-01 0.40877E-02 0.16993E-01  19.964      3996    .            
 0.38295E-02 0.79248E-02 0.17468E-02 0.17358E-01 0.40279E-02 0.17035E-01  19.969      3997    .            
 0.38206E-02 0.82549E-02 0.17397E-02 0.17299E-01 0.39687E-02 0.17076E-01  19.974      3998    .            
 0.38046E-02 0.88138E-02 0.17404E-02 0.17307E-01 0.39102E-02 0.17117E-01  19.979      3999    .            
 0.37817E-02 0.95470E-02 0.17489E-02 0.17378E-01 0.38525E-02 0.17157E-01  19.984      4000    .            
 0.37519E-02 0.10397E-01 0.17651E-02 0.17510E-01 0.37955E-02 0.17195E-01  19.989      4001    .            
 0.37156E-02 0.11311E-01 0.17888E-02 0.17695E-01 0.37393E-02 0.17231E-01  19.994      4002    .            
 0.36731E-02 0.12248E-01 0.18198E-02 0.17928E-01 0.36841E-02 0.17264E-01  19.999      4003    .            
 0.36248E-02 0.13173E-01 0.18578E-02 0.18198E-01 0.36298E-02 0.17295E-01  20.004      4004    .            
 0.35711E-02 0.14059E-01 0.19024E-02 0.18497E-01 0.35767E-02 0.17322E-01  20.009      4005    .            
 0.35125E-02 0.14885E-01 0.19532E-02 0.18813E-01 0.35246E-02 0.17345E-01  20.014      4006    .            
 0.34497E-02 0.15636E-01 0.20098E-02 0.19135E-01 0.34738E-02 0.17365E-01  20.019      4007    .            
 0.33831E-02 0.16300E-01 0.20717E-02 0.19451E-01 0.34244E-02 0.17381E-01  20.024      4008    .            
 0.33135E-02 0.16867E-01 0.21385E-02 0.19749E-01 0.33764E-02 0.17394E-01  20.029      4009    .            
 0.32414E-02 0.17333E-01 0.22097E-02 0.20018E-01 0.33298E-02 0.17404E-01  20.034      4010    .            
 0.31675E-02 0.17694E-01 0.22847E-02 0.20246E-01 0.32849E-02 0.17411E-01  20.039      4011    .            
 0.30926E-02 0.17950E-01 0.23629E-02 0.20422E-01 0.32417E-02 0.17416E-01  20.044      4012    .            
 0.30172E-02 0.18103E-01 0.24437E-02 0.20537E-01 0.32002E-02 0.17419E-01  20.049      4013    .            
 0.29420E-02 0.18156E-01 0.25266E-02 0.20579E-01 0.31606E-02 0.17419E-01  20.054      4014    .            
 0.28677E-02 0.18115E-01 0.26110E-02 0.20543E-01 0.31229E-02 0.17419E-01  20.059      4015    .            
 0.27948E-02 0.17988E-01 0.26962E-02 0.20420E-01 0.30872E-02 0.17418E-01  20.064      4016    .            
 0.27241E-02 0.17783E-01 0.27815E-02 0.20204E-01 0.30536E-02 0.17415E-01  20.069      4017    .            
 0.26560E-02 0.17510E-01 0.28663E-02 0.19894E-01 0.30220E-02 0.17413E-01  20.074      4018    .            
 0.25911E-02 0.17181E-01 0.29500E-02 0.19485E-01 0.29927E-02 0.17411E-01  20.079      4019    .            
 0.25298E-02 0.16807E-01 0.30319E-02 0.18979E-01 0.29656E-02 0.17408E-01  20.084      4020    .            
 0.24728E-02 0.16402E-01 0.31114E-02 0.18377E-01 0.29408E-02 0.17406E-01  20.089      4021    .            
 0.24203E-02 0.15979E-01 0.31878E-02 0.17685E-01 0.29183E-02 0.17404E-01  20.094      4022    .            
 0.23728E-02 0.15553E-01 0.32606E-02 0.16908E-01 0.28981E-02 0.17402E-01  20.099      4023    .            
 0.23307E-02 0.15138E-01 0.33292E-02 0.16058E-01 0.28803E-02 0.17401E-01  20.104      4024    .            
 0.22941E-02 0.14749E-01 0.33931E-02 0.15146E-01 0.28649E-02 0.17400E-01  20.109      4025    .            
 0.22635E-02 0.14400E-01 0.34518E-02 0.14188E-01 0.28519E-02 0.17399E-01  20.114      4026    .            
 0.22390E-02 0.14105E-01 0.35049E-02 0.13204E-01 0.28414E-02 0.17398E-01  20.119      4027    .            
 0.22207E-02 0.13876E-01 0.35520E-02 0.12219E-01 0.28333E-02 0.17398E-01  20.124      4028    .            
 0.22090E-02 0.13723E-01 0.35928E-02 0.11260E-01 0.28276E-02 0.17397E-01  20.129      4029    .            
 0.22038E-02 0.13653E-01 0.36272E-02 0.10362E-01 0.28245E-02 0.17397E-01  20.134      4030    .            
 0.22051E-02 0.13671E-01 0.36549E-02 0.95641E-02 0.28238E-02 0.17397E-01  20.139      4031    .            
 0.22131E-02 0.13777E-01 0.36759E-02 0.89101E-02 0.28255E-02 0.17397E-01  20.144      4032    .            
 0.22277E-02 0.13966E-01 0.36902E-02 0.84398E-02 0.28298E-02 0.17397E-01  20.149      4033    .            
 0.22487E-02 0.14233E-01 0.36978E-02 0.81826E-02 0.28364E-02 0.17397E-01  20.154      4034    .            
 0.22762E-02 0.14567E-01 0.36989E-02 0.81463E-02 0.28456E-02 0.17398E-01  20.159      4035    .            
 0.23098E-02 0.14956E-01 0.36938E-02 0.83132E-02 0.28572E-02 0.17398E-01  20.164      4036    .            
 0.23494E-02 0.15388E-01 0.36827E-02 0.86443E-02 0.28712E-02 0.17399E-01  20.169      4037    .            
 0.23948E-02 0.15847E-01 0.36659E-02 0.90908E-02 0.28876E-02 0.17400E-01  20.174      4038    .            
 0.24457E-02 0.16321E-01 0.36439E-02 0.96035E-02 0.29064E-02 0.17402E-01  20.179      4039    .            
 0.25017E-02 0.16793E-01 0.36173E-02 0.10139E-01 0.29276E-02 0.17403E-01  20.184      4040    .            
 0.25625E-02 0.17249E-01 0.35864E-02 0.10663E-01 0.29511E-02 0.17405E-01  20.189      4041    .            
 0.26276E-02 0.17676E-01 0.35519E-02 0.11147E-01 0.29769E-02 0.17408E-01  20.194      4042    .            
 0.26967E-02 0.18060E-01 0.35144E-02 0.11572E-01 0.30050E-02 0.17410E-01  20.199      4043    .            
 0.27692E-02 0.18388E-01 0.34746E-02 0.11923E-01 0.30353E-02 0.17412E-01  20.204      4044    .            
 0.28446E-02 0.18649E-01 0.34330E-02 0.12191E-01 0.30677E-02 0.17415E-01  20.209      4045    .            
 0.29223E-02 0.18831E-01 0.33904E-02 0.12370E-01 0.31022E-02 0.17416E-01  20.214      4046    .            
 0.30018E-02 0.18925E-01 0.33474E-02 0.12457E-01 0.31388E-02 0.17417E-01  20.219      4047    .            
 0.30823E-02 0.18923E-01 0.33047E-02 0.12456E-01 0.31773E-02 0.17417E-01  20.224      4048    .            
 0.31634E-02 0.18818E-01 0.32630E-02 0.12370E-01 0.32177E-02 0.17415E-01  20.229      4049    .            
 0.32443E-02 0.18604E-01 0.32229E-02 0.12206E-01 0.32599E-02 0.17412E-01  20.234      4050    .            
 0.33242E-02 0.18279E-01 0.31850E-02 0.11975E-01 0.33039E-02 0.17406E-01  20.239      4051    .            
 0.34026E-02 0.17841E-01 0.31499E-02 0.11690E-01 0.33495E-02 0.17397E-01  20.244      4052    .            
 0.34788E-02 0.17292E-01 0.31182E-02 0.11368E-01 0.33967E-02 0.17386E-01  20.249      4053    .            
 0.35520E-02 0.16636E-01 0.30904E-02 0.11028E-01 0.34453E-02 0.17371E-01  20.254      4054    .            
 0.36216E-02 0.15879E-01 0.30670E-02 0.10693E-01 0.34954E-02 0.17353E-01  20.259      4055    .            
 0.36870E-02 0.15031E-01 0.30485E-02 0.10389E-01 0.35467E-02 0.17331E-01  20.264      4056    .            
 0.37475E-02 0.14105E-01 0.30352E-02 0.10145E-01 0.35992E-02 0.17306E-01  20.269      4057    .            
 0.38027E-02 0.13120E-01 0.30276E-02 0.99898E-02 0.36528E-02 0.17277E-01  20.274      4058    .            
 0.38519E-02 0.12098E-01 0.30260E-02 0.99517E-02 0.37075E-02 0.17245E-01  20.279      4059    .            
 0.38949E-02 0.11070E-01 0.30306E-02 0.10052E-01 0.37631E-02 0.17209E-01  20.284      4060    .            
 0.39311E-02 0.10074E-01 0.30417E-02 0.10305E-01 0.38196E-02 0.17172E-01  20.289      4061    .            
 0.39603E-02 0.91591E-02 0.30596E-02 0.10713E-01 0.38769E-02 0.17132E-01  20.294      4062    .            
 0.39822E-02 0.83869E-02 0.30844E-02 0.11270E-01 0.39349E-02 0.17091E-01  20.299      4063    .            
 0.39967E-02 0.78261E-02 0.31161E-02 0.11960E-01 0.39937E-02 0.17049E-01  20.304      4064    .            
 0.40037E-02 0.75391E-02 0.31550E-02 0.12765E-01 0.40531E-02 0.17006E-01  20.309      4065    .            
 0.40033E-02 0.75594E-02 0.32011E-02 0.13663E-01 0.41131E-02 0.16965E-01  20.314      4066    .            
 0.39954E-02 0.78744E-02 0.32543E-02 0.14633E-01 0.41737E-02 0.16924E-01  20.319      4067    .            
 0.39802E-02 0.84304E-02 0.33145E-02 0.15651E-01 0.42349E-02 0.16886E-01  20.324      4068    .            
 0.39581E-02 0.91557E-02 0.33817E-02 0.16699E-01 0.42965E-02 0.16850E-01  20.329      4069    .            
 0.39294E-02 0.99807E-02 0.34557E-02 0.17757E-01 0.43587E-02 0.16818E-01  20.334      4070    .            
 0.38943E-02 0.10848E-01 0.35363E-02 0.18807E-01 0.44214E-02 0.16789E-01  20.339      4071    .            
 0.38535E-02 0.11712E-01 0.36233E-02 0.19831E-01 0.44846E-02 0.16764E-01  20.344      4072    .            
 0.38073E-02 0.12539E-01 0.37162E-02 0.20812E-01 0.45483E-02 0.16744E-01  20.349      4073    .            
 0.37564E-02 0.13304E-01 0.38148E-02 0.21733E-01 0.46125E-02 0.16727E-01  20.354      4074    .            
 0.37014E-02 0.13988E-01 0.39185E-02 0.22577E-01 0.46772E-02 0.16715E-01  20.359      4075    .            
 0.36430E-02 0.14577E-01 0.40268E-02 0.23328E-01 0.47424E-02 0.16706E-01  20.364      4076    .            
 0.35817E-02 0.15064E-01 0.41391E-02 0.23970E-01 0.48081E-02 0.16701E-01  20.369      4077    .            
 0.35184E-02 0.15440E-01 0.42549E-02 0.24489E-01 0.48744E-02 0.16698E-01  20.374      4078    .            
 0.34536E-02 0.15705E-01 0.43732E-02 0.24871E-01 0.49412E-02 0.16697E-01  20.379      4079    .            
 0.33881E-02 0.15858E-01 0.44935E-02 0.25102E-01 0.50084E-02 0.16697E-01  20.384      4080    .            
 0.33227E-02 0.15902E-01 0.46148E-02 0.25171E-01 0.50762E-02 0.16697E-01  20.389      4081    .            
 0.32579E-02 0.15841E-01 0.47362E-02 0.25068E-01 0.51444E-02 0.16696E-01  20.394      4082    .            
 0.31945E-02 0.15683E-01 0.48569E-02 0.24786E-01 0.52131E-02 0.16692E-01  20.399      4083    .            
 0.31330E-02 0.15436E-01 0.49758E-02 0.24319E-01 0.52821E-02 0.16685E-01  20.404      4084    .            
 0.30741E-02 0.15110E-01 0.50920E-02 0.23664E-01 0.53515E-02 0.16674E-01  20.409      4085    .            
 0.30183E-02 0.14719E-01 0.52045E-02 0.22821E-01 0.54213E-02 0.16657E-01  20.414      4086    .            
 0.29662E-02 0.14275E-01 0.53124E-02 0.21794E-01 0.54913E-02 0.16634E-01  20.419      4087    .            
 0.29183E-02 0.13795E-01 0.54146E-02 0.20588E-01 0.55615E-02 0.16604E-01  20.424      4088    .            
 0.28749E-02 0.13295E-01 0.55102E-02 0.19213E-01 0.56320E-02 0.16566E-01  20.429      4089    .            
 0.28366E-02 0.12796E-01 0.55984E-02 0.17682E-01 0.57025E-02 0.16522E-01  20.434      4090    .            
 0.28037E-02 0.12318E-01 0.56784E-02 0.16014E-01 0.57731E-02 0.16470E-01  20.439      4091    .            
 0.27764E-02 0.11884E-01 0.57493E-02 0.14232E-01 0.58437E-02 0.16411E-01  20.444      4092    .            
 0.27551E-02 0.11516E-01 0.58105E-02 0.12368E-01 0.59142E-02 0.16345E-01  20.449      4093    .            
 0.27399E-02 0.11237E-01 0.58614E-02 0.10467E-01 0.59847E-02 0.16274E-01  20.454      4094    .            
 0.27311E-02 0.11066E-01 0.59015E-02 0.85994E-02 0.60550E-02 0.16198E-01  20.459      4095    .            
 0.27289E-02 0.11019E-01 0.59306E-02 0.68911E-02 0.61252E-02 0.16119E-01  20.464      4096    .            
 0.27332E-02 0.11105E-01 0.59482E-02 0.55810E-02 0.61951E-02 0.16037E-01  20.469      4097    .            
 0.27442E-02 0.11324E-01 0.59542E-02 0.50488E-02 0.62649E-02 0.15954E-01  20.474      4098    .            
 0.27619E-02 0.11668E-01 0.59487E-02 0.55347E-02 0.63345E-02 0.15871E-01  20.479      4099    .            
 0.27862E-02 0.12126E-01 0.59317E-02 0.68010E-02 0.64038E-02 0.15791E-01  20.484      4100    .            
 0.28172E-02 0.12677E-01 0.59034E-02 0.84619E-02 0.64729E-02 0.15713E-01  20.489      4101    .            
 0.28546E-02 0.13303E-01 0.58642E-02 0.10274E-01 0.65417E-02 0.15640E-01  20.494      4102    .            
 0.28983E-02 0.13981E-01 0.58146E-02 0.12107E-01 0.66104E-02 0.15572E-01  20.499      4103    .            
 0.29482E-02 0.14691E-01 0.57550E-02 0.13893E-01 0.66789E-02 0.15511E-01  20.504      4104    .            
 0.30039E-02 0.15414E-01 0.56861E-02 0.15586E-01 0.67473E-02 0.15457E-01  20.509      4105    .            
 0.30651E-02 0.16129E-01 0.56087E-02 0.17155E-01 0.68156E-02 0.15411E-01  20.514      4106    .            
 0.31316E-02 0.16821E-01 0.55235E-02 0.18578E-01 0.68839E-02 0.15373E-01  20.519      4107    .            
 0.32029E-02 0.17471E-01 0.54314E-02 0.19839E-01 0.69521E-02 0.15342E-01  20.524      4108    .            
 0.32786E-02 0.18064E-01 0.53334E-02 0.20924E-01 0.70204E-02 0.15320E-01  20.529      4109    .            
 0.33582E-02 0.18586E-01 0.52303E-02 0.21827E-01 0.70887E-02 0.15304E-01  20.534      4110    .            
 0.34411E-02 0.19021E-01 0.51232E-02 0.22541E-01 0.71571E-02 0.15294E-01  20.539      4111    .            
 0.35268E-02 0.19359E-01 0.50131E-02 0.23066E-01 0.72257E-02 0.15288E-01  20.544      4112    .            
 0.36145E-02 0.19587E-01 0.49009E-02 0.23403E-01 0.72944E-02 0.15286E-01  20.549      4113    .            
 0.37037E-02 0.19696E-01 0.47877E-02 0.23555E-01 0.73632E-02 0.15286E-01  20.554      4114    .            
 0.37936E-02 0.19676E-01 0.46743E-02 0.23529E-01 0.74322E-02 0.15285E-01  20.559      4115    .            
 0.38834E-02 0.19521E-01 0.45618E-02 0.23334E-01 0.75014E-02 0.15282E-01  20.564      4116    .            
 0.39723E-02 0.19226E-01 0.44509E-02 0.22980E-01 0.75706E-02 0.15276E-01  20.569      4117    .            
 0.40597E-02 0.18789E-01 0.43425E-02 0.22479E-01 0.76400E-02 0.15264E-01  20.574      4118    .            
 0.41446E-02 0.18210E-01 0.42374E-02 0.21846E-01 0.77094E-02 0.15245E-01  20.579      4119    .            
 0.42263E-02 0.17492E-01 0.41362E-02 0.21093E-01 0.77789E-02 0.15217E-01  20.584      4120    .            
 0.43041E-02 0.16639E-01 0.40397E-02 0.20238E-01 0.78483E-02 0.15180E-01  20.589      4121    .            
 0.43770E-02 0.15662E-01 0.39483E-02 0.19295E-01 0.79176E-02 0.15133E-01  20.594      4122    .            
 0.44445E-02 0.14573E-01 0.38626E-02 0.18283E-01 0.79867E-02 0.15074E-01  20.599      4123    .            
 0.45058E-02 0.13390E-01 0.37831E-02 0.17220E-01 0.80556E-02 0.15005E-01  20.604      4124    .            
 0.45603E-02 0.12138E-01 0.37101E-02 0.16124E-01 0.81243E-02 0.14926E-01  20.609      4125    .            
 0.46075E-02 0.10849E-01 0.36438E-02 0.15015E-01 0.81926E-02 0.14836E-01  20.614      4126    .            
 0.46468E-02 0.95708E-02 0.35847E-02 0.13917E-01 0.82605E-02 0.14737E-01  20.619      4127    .            
 0.46779E-02 0.83704E-02 0.35329E-02 0.12853E-01 0.83280E-02 0.14631E-01  20.624      4128    .            
 0.47003E-02 0.73464E-02 0.34884E-02 0.11852E-01 0.83950E-02 0.14519E-01  20.629      4129    .            
 0.47140E-02 0.66326E-02 0.34515E-02 0.10944E-01 0.84615E-02 0.14402E-01  20.634      4130    .            
 0.47187E-02 0.63672E-02 0.34221E-02 0.10165E-01 0.85275E-02 0.14283E-01  20.639      4131    .            
 0.47143E-02 0.66157E-02 0.34002E-02 0.95494E-02 0.85929E-02 0.14163E-01  20.644      4132    .            
 0.47009E-02 0.73174E-02 0.33858E-02 0.91277E-02 0.86577E-02 0.14045E-01  20.649      4133    .            
 0.46787E-02 0.83353E-02 0.33788E-02 0.89196E-02 0.87220E-02 0.13930E-01  20.654      4134    .            
 0.46479E-02 0.95347E-02 0.33790E-02 0.89261E-02 0.87858E-02 0.13821E-01  20.659      4135    .            
 0.46088E-02 0.10816E-01 0.33861E-02 0.91284E-02 0.88491E-02 0.13719E-01  20.664      4136    .            
 0.45618E-02 0.12112E-01 0.34001E-02 0.94918E-02 0.89119E-02 0.13625E-01  20.669      4137    .            
 0.45074E-02 0.13373E-01 0.34205E-02 0.99737E-02 0.89744E-02 0.13542E-01  20.674      4138    .            
 0.44461E-02 0.14567E-01 0.34470E-02 0.10531E-01 0.90365E-02 0.13469E-01  20.679      4139    .            
 0.43786E-02 0.15669E-01 0.34792E-02 0.11125E-01 0.90983E-02 0.13407E-01  20.684      4140    .            
 0.43056E-02 0.16661E-01 0.35167E-02 0.11721E-01 0.91599E-02 0.13357E-01  20.689      4141    .            
 0.42277E-02 0.17530E-01 0.35590E-02 0.12291E-01 0.92213E-02 0.13317E-01  20.694      4142    .            
 0.41457E-02 0.18267E-01 0.36056E-02 0.12812E-01 0.92826E-02 0.13288E-01  20.699      4143    .            
 0.40604E-02 0.18865E-01 0.36559E-02 0.13263E-01 0.93439E-02 0.13268E-01  20.704      4144    .            
 0.39726E-02 0.19322E-01 0.37093E-02 0.13628E-01 0.94052E-02 0.13256E-01  20.709      4145    .            
 0.38830E-02 0.19637E-01 0.37650E-02 0.13894E-01 0.94664E-02 0.13250E-01  20.714      4146    .            
 0.37925E-02 0.19813E-01 0.38225E-02 0.14050E-01 0.95278E-02 0.13248E-01  20.719      4147    .            
 0.37018E-02 0.19854E-01 0.38810E-02 0.14088E-01 0.95892E-02 0.13247E-01  20.724      4148    .            
 0.36117E-02 0.19766E-01 0.39398E-02 0.14001E-01 0.96506E-02 0.13246E-01  20.729      4149    .            
 0.35229E-02 0.19558E-01 0.39980E-02 0.13788E-01 0.97122E-02 0.13241E-01  20.734      4150    .            
 0.34361E-02 0.19240E-01 0.40549E-02 0.13447E-01 0.97737E-02 0.13231E-01  20.739      4151    .            
 0.33520E-02 0.18822E-01 0.41097E-02 0.12983E-01 0.98353E-02 0.13213E-01  20.744      4152    .            
 0.32710E-02 0.18317E-01 0.41617E-02 0.12401E-01 0.98968E-02 0.13185E-01  20.749      4153    .            
 0.31938E-02 0.17739E-01 0.42102E-02 0.11715E-01 0.99582E-02 0.13145E-01  20.754      4154    .            
 0.31210E-02 0.17102E-01 0.42542E-02 0.10941E-01 0.10019E-01 0.13093E-01  20.759      4155    .            
 0.30528E-02 0.16421E-01 0.42933E-02 0.10104E-01 0.10080E-01 0.13028E-01  20.764      4156    .            
 0.29898E-02 0.15713E-01 0.43268E-02 0.92417E-02 0.10141E-01 0.12949E-01  20.769      4157    .            
 0.29323E-02 0.14995E-01 0.43540E-02 0.84039E-02 0.10201E-01 0.12856E-01  20.774      4158    .            
 0.28805E-02 0.14285E-01 0.43745E-02 0.76623E-02 0.10261E-01 0.12750E-01  20.779      4159    .            
 0.28348E-02 0.13602E-01 0.43878E-02 0.71095E-02 0.10320E-01 0.12631E-01  20.784      4160    .            
 0.27953E-02 0.12967E-01 0.43935E-02 0.68470E-02 0.10379E-01 0.12503E-01  20.789      4161    .            
 0.27623E-02 0.12399E-01 0.43913E-02 0.69510E-02 0.10437E-01 0.12365E-01  20.794      4162    .            
 0.27358E-02 0.11918E-01 0.43810E-02 0.74324E-02 0.10494E-01 0.12221E-01  20.799      4163    .            
 0.27159E-02 0.11542E-01 0.43625E-02 0.82360E-02 0.10551E-01 0.12073E-01  20.804      4164    .            
 0.27026E-02 0.11285E-01 0.43357E-02 0.92754E-02 0.10607E-01 0.11923E-01  20.809      4165    .            
 0.26959E-02 0.11156E-01 0.43008E-02 0.10467E-01 0.10662E-01 0.11773E-01  20.814      4166    .            
 0.26959E-02 0.11156E-01 0.42578E-02 0.11742E-01 0.10716E-01 0.11627E-01  20.819      4167    .            
 0.27023E-02 0.11279E-01 0.42070E-02 0.13051E-01 0.10770E-01 0.11486E-01  20.824      4168    .            
 0.27151E-02 0.11511E-01 0.41487E-02 0.14353E-01 0.10822E-01 0.11353E-01  20.829      4169    .            
 0.27340E-02 0.11836E-01 0.40833E-02 0.15619E-01 0.10875E-01 0.11231E-01  20.834      4170    .            
 0.27589E-02 0.12231E-01 0.40111E-02 0.16824E-01 0.10926E-01 0.11119E-01  20.839      4171    .            
 0.27895E-02 0.12675E-01 0.39328E-02 0.17949E-01 0.10977E-01 0.11021E-01  20.844      4172    .            
 0.28255E-02 0.13147E-01 0.38490E-02 0.18980E-01 0.11028E-01 0.10936E-01  20.849      4173    .            
 0.28665E-02 0.13625E-01 0.37601E-02 0.19905E-01 0.11078E-01 0.10865E-01  20.854      4174    .            
 0.29122E-02 0.14090E-01 0.36670E-02 0.20716E-01 0.11128E-01 0.10808E-01  20.859      4175    .            
 0.29621E-02 0.14524E-01 0.35702E-02 0.21406E-01 0.11178E-01 0.10765E-01  20.864      4176    .            
 0.30158E-02 0.14912E-01 0.34705E-02 0.21973E-01 0.11228E-01 0.10734E-01  20.869      4177    .            
 0.30726E-02 0.15240E-01 0.33686E-02 0.22415E-01 0.11277E-01 0.10713E-01  20.874      4178    .            
 0.31322E-02 0.15495E-01 0.32652E-02 0.22735E-01 0.11327E-01 0.10702E-01  20.879      4179    .            
 0.31939E-02 0.15666E-01 0.31611E-02 0.22934E-01 0.11376E-01 0.10696E-01  20.884      4180    .            
 0.32570E-02 0.15744E-01 0.30569E-02 0.23020E-01 0.11426E-01 0.10695E-01  20.889      4181    .            
 0.33210E-02 0.15722E-01 0.29533E-02 0.22998E-01 0.11475E-01 0.10694E-01  20.894      4182    .            
 0.33852E-02 0.15596E-01 0.28511E-02 0.22879E-01 0.11525E-01 0.10691E-01  20.899      4183    .            
 0.34488E-02 0.15361E-01 0.27507E-02 0.22670E-01 0.11574E-01 0.10684E-01  20.904      4184    .            
 0.35112E-02 0.15017E-01 0.26528E-02 0.22383E-01 0.11624E-01 0.10669E-01  20.909      4185    .            
 0.35718E-02 0.14567E-01 0.25580E-02 0.22031E-01 0.11673E-01 0.10644E-01  20.914      4186    .            
 0.36298E-02 0.14016E-01 0.24668E-02 0.21624E-01 0.11723E-01 0.10606E-01  20.919      4187    .            
 0.36845E-02 0.13371E-01 0.23797E-02 0.21176E-01 0.11772E-01 0.10555E-01  20.924      4188    .            
 0.37354E-02 0.12645E-01 0.22971E-02 0.20700E-01 0.11821E-01 0.10489E-01  20.929      4189    .            
 0.37818E-02 0.11856E-01 0.22195E-02 0.20208E-01 0.11869E-01 0.10407E-01  20.934      4190    .            
 0.38232E-02 0.11027E-01 0.21473E-02 0.19712E-01 0.11917E-01 0.10310E-01  20.939      4191    .            
 0.38590E-02 0.10189E-01 0.20809E-02 0.19225E-01 0.11965E-01 0.10196E-01  20.944      4192    .            
 0.38887E-02 0.93813E-02 0.20205E-02 0.18759E-01 0.12012E-01 0.10069E-01  20.949      4193    .            
 0.39121E-02 0.86572E-02 0.19666E-02 0.18323E-01 0.12058E-01 0.99280E-02  20.954      4194    .            
 0.39287E-02 0.80791E-02 0.19193E-02 0.17929E-01 0.12104E-01 0.97763E-02  20.959      4195    .            
 0.39383E-02 0.77140E-02 0.18789E-02 0.17585E-01 0.12148E-01 0.96159E-02  20.964      4196    .            
 0.39407E-02 0.76168E-02 0.18457E-02 0.17297E-01 0.12192E-01 0.94493E-02  20.969      4197    .            
 0.39359E-02 0.78101E-02 0.18198E-02 0.17072E-01 0.12235E-01 0.92794E-02  20.974      4198    .            
 0.39237E-02 0.82741E-02 0.18013E-02 0.16912E-01 0.12277E-01 0.91091E-02  20.979      4199    .            
 0.39042E-02 0.89571E-02 0.17903E-02 0.16818E-01 0.12318E-01 0.89413E-02  20.984      4200    .            
 0.38777E-02 0.97956E-02 0.17868E-02 0.16791E-01 0.12359E-01 0.87788E-02  20.989      4201    .            
 0.38443E-02 0.10730E-01 0.17907E-02 0.16826E-01 0.12398E-01 0.86243E-02  20.994      4202    .            
 0.38042E-02 0.11709E-01 0.18020E-02 0.16919E-01 0.12437E-01 0.84800E-02  20.999      4203    .            
 0.37579E-02 0.12693E-01 0.18203E-02 0.17062E-01 0.12474E-01 0.83480E-02  21.004      4204    .            
 0.37058E-02 0.13651E-01 0.18455E-02 0.17248E-01 0.12512E-01 0.82299E-02  21.009      4205    .            
 0.36483E-02 0.14558E-01 0.18773E-02 0.17466E-01 0.12548E-01 0.81268E-02  21.014      4206    .            
 0.35859E-02 0.15397E-01 0.19153E-02 0.17705E-01 0.12584E-01 0.80393E-02  21.019      4207    .            
 0.35193E-02 0.16152E-01 0.19591E-02 0.17956E-01 0.12620E-01 0.79676E-02  21.024      4208    .            
 0.34491E-02 0.16812E-01 0.20083E-02 0.18206E-01 0.12655E-01 0.79111E-02  21.029      4209    .            
 0.33758E-02 0.17371E-01 0.20624E-02 0.18444E-01 0.12690E-01 0.78690E-02  21.034      4210    .            
 0.33002E-02 0.17824E-01 0.21209E-02 0.18659E-01 0.12725E-01 0.78397E-02  21.039      4211    .            
 0.32230E-02 0.18168E-01 0.21833E-02 0.18839E-01 0.12760E-01 0.78214E-02  21.044      4212    .            
 0.31447E-02 0.18405E-01 0.22490E-02 0.18975E-01 0.12794E-01 0.78117E-02  21.049      4213    .            
 0.30660E-02 0.18535E-01 0.23176E-02 0.19057E-01 0.12829E-01 0.78078E-02  21.054      4214    .            
 0.29877E-02 0.18565E-01 0.23882E-02 0.19077E-01 0.12864E-01 0.78070E-02  21.059      4215    .            
 0.29104E-02 0.18500E-01 0.24605E-02 0.19028E-01 0.12899E-01 0.78060E-02  21.064      4216    .            
 0.28346E-02 0.18347E-01 0.25337E-02 0.18902E-01 0.12933E-01 0.78018E-02  21.069      4217    .            
 0.27610E-02 0.18116E-01 0.26072E-02 0.18697E-01 0.12968E-01 0.77914E-02  21.074      4218    .            
 0.26901E-02 0.17816E-01 0.26805E-02 0.18408E-01 0.13003E-01 0.77719E-02  21.079      4219    .            
 0.26225E-02 0.17460E-01 0.27529E-02 0.18036E-01 0.13038E-01 0.77410E-02  21.084      4220    .            
 0.25587E-02 0.17060E-01 0.28238E-02 0.17580E-01 0.13072E-01 0.76964E-02  21.089      4221    .            
 0.24991E-02 0.16628E-01 0.28925E-02 0.17045E-01 0.13106E-01 0.76367E-02  21.094      4222    .            
 0.24441E-02 0.16178E-01 0.29586E-02 0.16434E-01 0.13140E-01 0.75609E-02  21.099      4223    .            
 0.23941E-02 0.15724E-01 0.30215E-02 0.15757E-01 0.13173E-01 0.74687E-02  21.104      4224    .            
 0.23494E-02 0.15281E-01 0.30807E-02 0.15022E-01 0.13206E-01 0.73603E-02  21.109      4225    .            
 0.23104E-02 0.14864E-01 0.31357E-02 0.14244E-01 0.13238E-01 0.72366E-02  21.114      4226    .            
 0.22772E-02 0.14485E-01 0.31861E-02 0.13437E-01 0.13270E-01 0.70990E-02  21.119      4227    .            
 0.22502E-02 0.14160E-01 0.32314E-02 0.12622E-01 0.13300E-01 0.69496E-02  21.124      4228    .            
 0.22295E-02 0.13899E-01 0.32715E-02 0.11820E-01 0.13330E-01 0.67907E-02  21.129      4229    .            
 0.22151E-02 0.13712E-01 0.33060E-02 0.11059E-01 0.13359E-01 0.66251E-02  21.134      4230    .            
 0.22073E-02 0.13609E-01 0.33348E-02 0.10366E-01 0.13387E-01 0.64557E-02  21.139      4231    .            
 0.22060E-02 0.13591E-01 0.33576E-02 0.97738E-02 0.13414E-01 0.62857E-02  21.144      4232    .            
 0.22113E-02 0.13660E-01 0.33746E-02 0.93101E-02 0.13440E-01 0.61182E-02  21.149      4233    .            
 0.22231E-02 0.13812E-01 0.33856E-02 0.89989E-02 0.13465E-01 0.59560E-02  21.154      4234    .            
 0.22413E-02 0.14042E-01 0.33908E-02 0.88525E-02 0.13488E-01 0.58020E-02  21.159      4235    .            
 0.22658E-02 0.14339E-01 0.33903E-02 0.88683E-02 0.13511E-01 0.56583E-02  21.164      4236    .            
 0.22964E-02 0.14692E-01 0.33843E-02 0.90288E-02 0.13533E-01 0.55270E-02  21.169      4237    .            
 0.23330E-02 0.15088E-01 0.33731E-02 0.93052E-02 0.13555E-01 0.54095E-02  21.174      4238    .            
 0.23752E-02 0.15512E-01 0.33571E-02 0.96634E-02 0.13575E-01 0.53067E-02  21.179      4239    .            
 0.24228E-02 0.15951E-01 0.33366E-02 0.10069E-01 0.13595E-01 0.52191E-02  21.184      4240    .            
 0.24755E-02 0.16390E-01 0.33120E-02 0.10491E-01 0.13615E-01 0.51465E-02  21.189      4241    .            
 0.25329E-02 0.16814E-01 0.32840E-02 0.10902E-01 0.13633E-01 0.50886E-02  21.194      4242    .            
 0.25945E-02 0.17211E-01 0.32529E-02 0.11282E-01 0.13652E-01 0.50442E-02  21.199      4243    .            
 0.26600E-02 0.17566E-01 0.32195E-02 0.11614E-01 0.13670E-01 0.50122E-02  21.204      4244    .            
 0.27288E-02 0.17868E-01 0.31841E-02 0.11887E-01 0.13689E-01 0.49909E-02  21.209      4245    .            
 0.28004E-02 0.18105E-01 0.31475E-02 0.12092E-01 0.13707E-01 0.49784E-02  21.214      4246    .            
 0.28743E-02 0.18267E-01 0.31103E-02 0.12225E-01 0.13725E-01 0.49724E-02  21.219      4247    .            
 0.29499E-02 0.18344E-01 0.30730E-02 0.12285E-01 0.13743E-01 0.49705E-02  21.224      4248    .            
 0.30265E-02 0.18329E-01 0.30363E-02 0.12274E-01 0.13761E-01 0.49701E-02  21.229      4249    .            
 0.31036E-02 0.18215E-01 0.30007E-02 0.12198E-01 0.13779E-01 0.49687E-02  21.234      4250    .            
 0.31805E-02 0.17998E-01 0.29670E-02 0.12062E-01 0.13797E-01 0.49634E-02  21.239      4251    .            
 0.32565E-02 0.17675E-01 0.29356E-02 0.11878E-01 0.13815E-01 0.49520E-02  21.244      4252    .            
 0.33310E-02 0.17246E-01 0.29071E-02 0.11659E-01 0.13833E-01 0.49320E-02  21.249      4253    .            
 0.34032E-02 0.16712E-01 0.28819E-02 0.11419E-01 0.13851E-01 0.49017E-02  21.254      4254    .            
 0.34726E-02 0.16078E-01 0.28607E-02 0.11178E-01 0.13869E-01 0.48596E-02  21.259      4255    .            
 0.35385E-02 0.15350E-01 0.28438E-02 0.10955E-01 0.13886E-01 0.48049E-02  21.264      4256    .            
 0.36003E-02 0.14540E-01 0.28316E-02 0.10774E-01 0.13903E-01 0.47375E-02  21.269      4257    .            
 0.36574E-02 0.13661E-01 0.28246E-02 0.10656E-01 0.13919E-01 0.46578E-02  21.274      4258    .            
 0.37094E-02 0.12731E-01 0.28231E-02 0.10626E-01 0.13935E-01 0.45670E-02  21.279      4259    .            
 0.37556E-02 0.11773E-01 0.28273E-02 0.10700E-01 0.13950E-01 0.44669E-02  21.284      4260    .            
 0.37958E-02 0.10818E-01 0.28376E-02 0.10895E-01 0.13965E-01 0.43600E-02  21.289      4261    .            
 0.38295E-02 0.99040E-02 0.28542E-02 0.11218E-01 0.13978E-01 0.42491E-02  21.294      4262    .            
 0.38564E-02 0.90779E-02 0.28773E-02 0.11668E-01 0.13990E-01 0.41374E-02  21.299      4263    .            
 0.38764E-02 0.83966E-02 0.29070E-02 0.12240E-01 0.14002E-01 0.40281E-02  21.304      4264    .            
 0.38893E-02 0.79199E-02 0.29434E-02 0.12922E-01 0.14012E-01 0.39245E-02  21.309      4265    .            
 0.38950E-02 0.76982E-02 0.29867E-02 0.13700E-01 0.14021E-01 0.38295E-02  21.314      4266    .            
 0.38936E-02 0.77539E-02 0.30368E-02 0.14557E-01 0.14030E-01 0.37453E-02  21.319      4267    .            
 0.38851E-02 0.80711E-02 0.30938E-02 0.15475E-01 0.14037E-01 0.36736E-02  21.324      4268    .            
 0.38697E-02 0.86014E-02 0.31575E-02 0.16437E-01 0.14043E-01 0.36151E-02  21.329      4269    .            
 0.38477E-02 0.92824E-02 0.32280E-02 0.17425E-01 0.14048E-01 0.35697E-02  21.334      4270    .            
 0.38193E-02 0.10054E-01 0.33049E-02 0.18424E-01 0.14052E-01 0.35362E-02  21.339      4271    .            
 0.37850E-02 0.10863E-01 0.33883E-02 0.19415E-01 0.14056E-01 0.35133E-02  21.344      4272    .            
 0.37451E-02 0.11671E-01 0.34776E-02 0.20383E-01 0.14059E-01 0.34989E-02  21.349      4273    .            
 0.37002E-02 0.12444E-01 0.35728E-02 0.21312E-01 0.14061E-01 0.34910E-02  21.354      4274    .            
 0.36509E-02 0.13161E-01 0.36734E-02 0.22185E-01 0.14062E-01 0.34875E-02  21.359      4275    .            
 0.35977E-02 0.13802E-01 0.37789E-02 0.22987E-01 0.14064E-01 0.34869E-02  21.364      4276    .            
 0.35412E-02 0.14356E-01 0.38889E-02 0.23702E-01 0.14065E-01 0.34877E-02  21.369      4277    .            
 0.34821E-02 0.14812E-01 0.40027E-02 0.24314E-01 0.14065E-01 0.34889E-02  21.374      4278    .            
 0.34210E-02 0.15167E-01 0.41199E-02 0.24810E-01 0.14066E-01 0.34900E-02  21.379      4279    .            
 0.33587E-02 0.15416E-01 0.42396E-02 0.25175E-01 0.14066E-01 0.34908E-02  21.384      4280    .            
 0.32957E-02 0.15560E-01 0.43611E-02 0.25397E-01 0.14067E-01 0.34911E-02  21.389      4281    .            
 0.32329E-02 0.15602E-01 0.44837E-02 0.25465E-01 0.14067E-01 0.34911E-02  21.394      4282    .            
 0.31707E-02 0.15546E-01 0.46065E-02 0.25368E-01 0.14068E-01 0.34907E-02  21.399      4283    .            
 0.31099E-02 0.15399E-01 0.47285E-02 0.25099E-01 0.14068E-01 0.34901E-02  21.404      4284    .            
 0.30510E-02 0.15169E-01 0.48489E-02 0.24652E-01 0.14068E-01 0.34894E-02  21.409      4285    .            
 0.29947E-02 0.14866E-01 0.49668E-02 0.24024E-01 0.14069E-01 0.34888E-02  21.414      4286    .            
 0.29415E-02 0.14502E-01 0.50811E-02 0.23215E-01 0.14069E-01 0.34885E-02  21.419      4287    .            
 0.28919E-02 0.14091E-01 0.51909E-02 0.22228E-01 0.14069E-01 0.34890E-02  21.424      4288    .            
 0.28464E-02 0.13648E-01 0.52954E-02 0.21067E-01 0.14069E-01 0.34912E-02  21.429      4289    .            
 0.28054E-02 0.13189E-01 0.53935E-02 0.19741E-01 0.14069E-01 0.34962E-02  21.434      4290    .            
 0.27693E-02 0.12734E-01 0.54845E-02 0.18263E-01 0.14068E-01 0.35056E-02  21.439      4291    .            
 0.27384E-02 0.12302E-01 0.55675E-02 0.16650E-01 0.14066E-01 0.35212E-02  21.444      4292    .            
 0.27132E-02 0.11914E-01 0.56418E-02 0.14922E-01 0.14064E-01 0.35449E-02  21.449      4293    .            
 0.26937E-02 0.11591E-01 0.57067E-02 0.13106E-01 0.14061E-01 0.35786E-02  21.454      4294    .            
 0.26804E-02 0.11354E-01 0.57617E-02 0.11242E-01 0.14057E-01 0.36241E-02  21.459      4295    .            
 0.26732E-02 0.11221E-01 0.58062E-02 0.93859E-02 0.14053E-01 0.36825E-02  21.464      4296    .            
 0.26725E-02 0.11205E-01 0.58400E-02 0.76292E-02 0.14047E-01 0.37543E-02  21.469      4297    .            
 0.26782E-02 0.11312E-01 0.58627E-02 0.61425E-02 0.14040E-01 0.38390E-02  21.474      4298    .            
 0.26905E-02 0.11544E-01 0.58742E-02 0.52237E-02 0.14032E-01 0.39354E-02  21.479      4299    .            
 0.27094E-02 0.11894E-01 0.58744E-02 0.52043E-02 0.14023E-01 0.40415E-02  21.484      4300    .            
 0.27348E-02 0.12348E-01 0.58634E-02 0.60760E-02 0.14013E-01 0.41545E-02  21.489      4301    .            
 0.27667E-02 0.12891E-01 0.58415E-02 0.74951E-02 0.14002E-01 0.42714E-02  21.494      4302    .            
 0.28049E-02 0.13505E-01 0.58088E-02 0.91587E-02 0.13990E-01 0.43889E-02  21.499      4303    .            
 0.28494E-02 0.14169E-01 0.57659E-02 0.10896E-01 0.13978E-01 0.45035E-02  21.504      4304    .            
 0.29000E-02 0.14865E-01 0.57132E-02 0.12614E-01 0.13964E-01 0.46123E-02  21.509      4305    .            
 0.29563E-02 0.15574E-01 0.56514E-02 0.14260E-01 0.13949E-01 0.47125E-02  21.514      4306    .            
 0.30181E-02 0.16278E-01 0.55811E-02 0.15798E-01 0.13934E-01 0.48021E-02  21.519      4307    .            
 0.30851E-02 0.16960E-01 0.55031E-02 0.17201E-01 0.13918E-01 0.48795E-02  21.524      4308    .            
 0.31570E-02 0.17604E-01 0.54183E-02 0.18452E-01 0.13902E-01 0.49437E-02  21.529      4309    .            
 0.32332E-02 0.18195E-01 0.53274E-02 0.19537E-01 0.13885E-01 0.49946E-02  21.534      4310    .            
 0.33133E-02 0.18718E-01 0.52315E-02 0.20447E-01 0.13868E-01 0.50327E-02  21.539      4311    .            
 0.33968E-02 0.19159E-01 0.51315E-02 0.21175E-01 0.13851E-01 0.50590E-02  21.544      4312    .            
 0.34831E-02 0.19507E-01 0.50284E-02 0.21719E-01 0.13834E-01 0.50753E-02  21.549      4313    .            
 0.35715E-02 0.19750E-01 0.49230E-02 0.22080E-01 0.13816E-01 0.50836E-02  21.554      4314    .            
 0.36615E-02 0.19877E-01 0.48165E-02 0.22260E-01 0.13799E-01 0.50863E-02  21.559      4315    .            
 0.37523E-02 0.19880E-01 0.47097E-02 0.22265E-01 0.13782E-01 0.50862E-02  21.564      4316    .            
 0.38432E-02 0.19751E-01 0.46035E-02 0.22101E-01 0.13764E-01 0.50859E-02  21.569      4317    .            
 0.39335E-02 0.19487E-01 0.44988E-02 0.21780E-01 0.13747E-01 0.50882E-02  21.574      4318    .            
 0.40222E-02 0.19083E-01 0.43965E-02 0.21311E-01 0.13730E-01 0.50958E-02  21.579      4319    .            
 0.41088E-02 0.18540E-01 0.42972E-02 0.20708E-01 0.13712E-01 0.51110E-02  21.584      4320    .            
 0.41924E-02 0.17858E-01 0.42018E-02 0.19984E-01 0.13695E-01 0.51361E-02  21.589      4321    .            
 0.42721E-02 0.17044E-01 0.41108E-02 0.19155E-01 0.13677E-01 0.51730E-02  21.594      4322    .            
 0.43474E-02 0.16104E-01 0.40249E-02 0.18236E-01 0.13659E-01 0.52231E-02  21.599      4323    .            
 0.44174E-02 0.15050E-01 0.39446E-02 0.17245E-01 0.13641E-01 0.52878E-02  21.604      4324    .            
 0.44815E-02 0.13897E-01 0.38702E-02 0.16200E-01 0.13622E-01 0.53678E-02  21.609      4325    .            
 0.45391E-02 0.12668E-01 0.38024E-02 0.15120E-01 0.13602E-01 0.54634E-02  21.614      4326    .            
 0.45895E-02 0.11390E-01 0.37413E-02 0.14027E-01 0.13582E-01 0.55745E-02  21.619      4327    .            
 0.46323E-02 0.10103E-01 0.36872E-02 0.12945E-01 0.13561E-01 0.57004E-02  21.624      4328    .            
 0.46671E-02 0.88629E-02 0.36405E-02 0.11902E-01 0.13540E-01 0.58399E-02  21.629      4329    .            
 0.46934E-02 0.77506E-02 0.36011E-02 0.10932E-01 0.13517E-01 0.59913E-02  21.634      4330    .            
 0.47112E-02 0.68809E-02 0.35693E-02 0.10070E-01 0.13493E-01 0.61526E-02  21.639      4331    .            
 0.47201E-02 0.63926E-02 0.35452E-02 0.93589E-02 0.13469E-01 0.63211E-02  21.644      4332    .            
 0.47201E-02 0.63922E-02 0.35286E-02 0.88415E-02 0.13443E-01 0.64940E-02  21.649      4333    .            
 0.47112E-02 0.68773E-02 0.35197E-02 0.85516E-02 0.13416E-01 0.66681E-02  21.654      4334    .            
 0.46935E-02 0.77385E-02 0.35183E-02 0.85053E-02 0.13389E-01 0.68404E-02  21.659      4335    .            
 0.46673E-02 0.88366E-02 0.35242E-02 0.86933E-02 0.13360E-01 0.70077E-02  21.664      4336    .            
 0.46327E-02 0.10056E-01 0.35373E-02 0.90828E-02 0.13330E-01 0.71669E-02  21.669      4337    .            
 0.45903E-02 0.11318E-01 0.35574E-02 0.96276E-02 0.13300E-01 0.73155E-02  21.674      4338    .            
 0.45404E-02 0.12565E-01 0.35841E-02 0.10278E-01 0.13269E-01 0.74511E-02  21.679      4339    .            
 0.44835E-02 0.13760E-01 0.36172E-02 0.10989E-01 0.13237E-01 0.75718E-02  21.684      4340    .            
 0.44203E-02 0.14874E-01 0.36563E-02 0.11721E-01 0.13204E-01 0.76765E-02  21.689      4341    .            
 0.43513E-02 0.15888E-01 0.37009E-02 0.12442E-01 0.13171E-01 0.77644E-02  21.694      4342    .            
 0.42773E-02 0.16786E-01 0.37506E-02 0.13125E-01 0.13137E-01 0.78355E-02  21.699      4343    .            
 0.41990E-02 0.17558E-01 0.38049E-02 0.13747E-01 0.13103E-01 0.78903E-02  21.704      4344    .            
 0.41172E-02 0.18196E-01 0.38631E-02 0.14290E-01 0.13069E-01 0.79300E-02  21.709      4345    .            
 0.40326E-02 0.18695E-01 0.39246E-02 0.14737E-01 0.13035E-01 0.79564E-02  21.714      4346    .            
 0.39460E-02 0.19056E-01 0.39889E-02 0.15076E-01 0.13001E-01 0.79718E-02  21.719      4347    .            
 0.38581E-02 0.19278E-01 0.40550E-02 0.15294E-01 0.12966E-01 0.79788E-02  21.724      4348    .            
 0.37698E-02 0.19365E-01 0.41224E-02 0.15384E-01 0.12932E-01 0.79804E-02  21.729      4349    .            
 0.36818E-02 0.19323E-01 0.41903E-02 0.15338E-01 0.12897E-01 0.79797E-02  21.734      4350    .            
 0.35949E-02 0.19158E-01 0.42578E-02 0.15151E-01 0.12863E-01 0.79799E-02  21.739      4351    .            
 0.35096E-02 0.18880E-01 0.43241E-02 0.14823E-01 0.12829E-01 0.79841E-02  21.744      4352    .            
 0.34268E-02 0.18500E-01 0.43885E-02 0.14353E-01 0.12794E-01 0.79954E-02  21.749      4353    .            
 0.33469E-02 0.18027E-01 0.44501E-02 0.13747E-01 0.12760E-01 0.80162E-02  21.754      4354    .            
 0.32705E-02 0.17477E-01 0.45081E-02 0.13012E-01 0.12725E-01 0.80491E-02  21.759      4355    .            
 0.31982E-02 0.16862E-01 0.45617E-02 0.12162E-01 0.12691E-01 0.80957E-02  21.764      4356    .            
 0.31305E-02 0.16197E-01 0.46102E-02 0.11215E-01 0.12656E-01 0.81574E-02  21.769      4357    .            
 0.30677E-02 0.15499E-01 0.46529E-02 0.10198E-01 0.12620E-01 0.82351E-02  21.774      4358    .            
 0.30102E-02 0.14784E-01 0.46891E-02 0.91512E-02 0.12584E-01 0.83290E-02  21.779      4359    .            
 0.29583E-02 0.14070E-01 0.47183E-02 0.81332E-02 0.12548E-01 0.84389E-02  21.784      4360    .            
 0.29124E-02 0.13378E-01 0.47399E-02 0.72309E-02 0.12511E-01 0.85640E-02  21.789      4361    .            
 0.28725E-02 0.12726E-01 0.47536E-02 0.65659E-02 0.12473E-01 0.87030E-02  21.794      4362    .            
 0.28391E-02 0.12138E-01 0.47588E-02 0.62787E-02 0.12434E-01 0.88541E-02  21.799      4363    .            
 0.28120E-02 0.11633E-01 0.47555E-02 0.64661E-02 0.12395E-01 0.90151E-02  21.804      4364    .            
 0.27915E-02 0.11232E-01 0.47433E-02 0.71152E-02 0.12355E-01 0.91835E-02  21.809      4365    .            
 0.27777E-02 0.10952E-01 0.47223E-02 0.81221E-02 0.12313E-01 0.93566E-02  21.814      4366    .            
 0.27704E-02 0.10804E-01 0.46923E-02 0.93634E-02 0.12271E-01 0.95314E-02  21.819      4367    .            
 0.27697E-02 0.10790E-01 0.46536E-02 0.10738E-01 0.12228E-01 0.97048E-02  21.824      4368    .            
 0.27756E-02 0.10908E-01 0.46063E-02 0.12174E-01 0.12184E-01 0.98739E-02  21.829      4369    .            
 0.27878E-02 0.11144E-01 0.45507E-02 0.13620E-01 0.12139E-01 0.10036E-01  21.834      4370    .            
 0.28062E-02 0.11482E-01 0.44871E-02 0.15038E-01 0.12093E-01 0.10188E-01  21.839      4371    .            
 0.28307E-02 0.11898E-01 0.44160E-02 0.16400E-01 0.12046E-01 0.10329E-01  21.844      4372    .            
 0.28610E-02 0.12371E-01 0.43379E-02 0.17684E-01 0.11999E-01 0.10456E-01  21.849      4373    .            
 0.28969E-02 0.12877E-01 0.42534E-02 0.18872E-01 0.11951E-01 0.10567E-01  21.854      4374    .            
 0.29379E-02 0.13394E-01 0.41630E-02 0.19949E-01 0.11903E-01 0.10662E-01  21.859      4375    .            
 0.29837E-02 0.13904E-01 0.40675E-02 0.20906E-01 0.11854E-01 0.10741E-01  21.864      4376    .            
 0.30340E-02 0.14386E-01 0.39676E-02 0.21735E-01 0.11805E-01 0.10804E-01  21.869      4377    .            
 0.30883E-02 0.14826E-01 0.38640E-02 0.22431E-01 0.11756E-01 0.10852E-01  21.874      4378    .            
 0.31460E-02 0.15207E-01 0.37574E-02 0.22991E-01 0.11706E-01 0.10885E-01  21.879      4379    .            
 0.32066E-02 0.15518E-01 0.36486E-02 0.23416E-01 0.11656E-01 0.10907E-01  21.884      4380    .            
 0.32696E-02 0.15745E-01 0.35384E-02 0.23708E-01 0.11606E-01 0.10919E-01  21.889      4381    .            
 0.33344E-02 0.15881E-01 0.34275E-02 0.23870E-01 0.11557E-01 0.10923E-01  21.894      4382    .            
 0.34003E-02 0.15916E-01 0.33166E-02 0.23910E-01 0.11507E-01 0.10924E-01  21.899      4383    .            
 0.34667E-02 0.15844E-01 0.32064E-02 0.23835E-01 0.11457E-01 0.10923E-01  21.904      4384    .            
 0.35328E-02 0.15662E-01 0.30976E-02 0.23655E-01 0.11408E-01 0.10923E-01  21.909      4385    .            
 0.35981E-02 0.15367E-01 0.29908E-02 0.23379E-01 0.11358E-01 0.10929E-01  21.914      4386    .            
 0.36617E-02 0.14960E-01 0.28866E-02 0.23020E-01 0.11308E-01 0.10941E-01  21.919      4387    .            
 0.37231E-02 0.14444E-01 0.27855E-02 0.22589E-01 0.11258E-01 0.10963E-01  21.924      4388    .            
 0.37815E-02 0.13826E-01 0.26881E-02 0.22100E-01 0.11209E-01 0.10997E-01  21.929      4389    .            
 0.38362E-02 0.13115E-01 0.25948E-02 0.21566E-01 0.11159E-01 0.11043E-01  21.934      4390    .            
 0.38867E-02 0.12325E-01 0.25060E-02 0.20998E-01 0.11108E-01 0.11104E-01  21.939      4391    .            
 0.39323E-02 0.11477E-01 0.24221E-02 0.20411E-01 0.11058E-01 0.11179E-01  21.944      4392    .            
 0.39725E-02 0.10596E-01 0.23436E-02 0.19818E-01 0.11007E-01 0.11269E-01  21.949      4393    .            
 0.40068E-02 0.97170E-02 0.22705E-02 0.19230E-01 0.10955E-01 0.11373E-01  21.954      4394    .            
 0.40347E-02 0.88874E-02 0.22034E-02 0.18661E-01 0.10903E-01 0.11489E-01  21.959      4395    .            
 0.40559E-02 0.81672E-02 0.21423E-02 0.18120E-01 0.10850E-01 0.11618E-01  21.964      4396    .            
 0.40700E-02 0.76288E-02 0.20876E-02 0.17619E-01 0.10797E-01 0.11756E-01  21.969      4397    .            
 0.40769E-02 0.73449E-02 0.20394E-02 0.17166E-01 0.10743E-01 0.11903E-01  21.974      4398    .            
 0.40764E-02 0.73668E-02 0.19978E-02 0.16770E-01 0.10688E-01 0.12054E-01  21.979      4399    .            
 0.40683E-02 0.77003E-02 0.19630E-02 0.16437E-01 0.10632E-01 0.12209E-01  21.984      4400    .            
 0.40528E-02 0.83042E-02 0.19351E-02 0.16170E-01 0.10576E-01 0.12364E-01  21.989      4401    .            
 0.40299E-02 0.91111E-02 0.19141E-02 0.15973E-01 0.10518E-01 0.12516E-01  21.994      4402    .            
 0.39998E-02 0.10051E-01 0.19000E-02 0.15845E-01 0.10460E-01 0.12663E-01  21.999      4403    .            
 0.39626E-02 0.11065E-01 0.18928E-02 0.15784E-01 0.10401E-01 0.12804E-01  22.004      4404    .            
 0.39188E-02 0.12104E-01 0.18923E-02 0.15784E-01 0.10342E-01 0.12934E-01  22.009      4405    .            
 0.38687E-02 0.13132E-01 0.18985E-02 0.15840E-01 0.10282E-01 0.13054E-01  22.014      4406    .            
 0.38128E-02 0.14120E-01 0.19111E-02 0.15943E-01 0.10221E-01 0.13161E-01  22.019      4407    .            
 0.37514E-02 0.15046E-01 0.19298E-02 0.16084E-01 0.10160E-01 0.13254E-01  22.024      4408    .            
 0.36853E-02 0.15893E-01 0.19544E-02 0.16251E-01 0.10099E-01 0.13333E-01  22.029      4409    .            
 0.36150E-02 0.16650E-01 0.19846E-02 0.16435E-01 0.10037E-01 0.13398E-01  22.034      4410    .            
 0.35411E-02 0.17306E-01 0.20199E-02 0.16623E-01 0.99746E-02 0.13448E-01  22.039      4411    .            
 0.34642E-02 0.17854E-01 0.20599E-02 0.16805E-01 0.99123E-02 0.13486E-01  22.044      4412    .            
 0.33851E-02 0.18292E-01 0.21041E-02 0.16970E-01 0.98499E-02 0.13512E-01  22.049      4413    .            
 0.33043E-02 0.18618E-01 0.21522E-02 0.17107E-01 0.97874E-02 0.13528E-01  22.054      4414    .            
 0.32227E-02 0.18833E-01 0.22035E-02 0.17208E-01 0.97250E-02 0.13536E-01  22.059      4415    .            
 0.31408E-02 0.18940E-01 0.22575E-02 0.17262E-01 0.96626E-02 0.13539E-01  22.064      4416    .            
 0.30593E-02 0.18944E-01 0.23137E-02 0.17264E-01 0.96002E-02 0.13539E-01  22.069      4417    .            
 0.29788E-02 0.18852E-01 0.23715E-02 0.17207E-01 0.95379E-02 0.13538E-01  22.074      4418    .            
 0.29001E-02 0.18670E-01 0.24303E-02 0.17085E-01 0.94757E-02 0.13539E-01  22.079      4419    .            
 0.28235E-02 0.18410E-01 0.24897E-02 0.16896E-01 0.94135E-02 0.13544E-01  22.084      4420    .            
 0.27498E-02 0.18081E-01 0.25488E-02 0.16639E-01 0.93514E-02 0.13556E-01  22.089      4421    .            
 0.26793E-02 0.17694E-01 0.26073E-02 0.16312E-01 0.92892E-02 0.13576E-01  22.094      4422    .            
 0.26127E-02 0.17262E-01 0.26646E-02 0.15919E-01 0.92270E-02 0.13606E-01  22.099      4423    .            
 0.25503E-02 0.16798E-01 0.27200E-02 0.15463E-01 0.91646E-02 0.13647E-01  22.104      4424    .            
 0.24925E-02 0.16316E-01 0.27732E-02 0.14952E-01 0.91021E-02 0.13699E-01  22.109      4425    .            
 0.24397E-02 0.15829E-01 0.28235E-02 0.14392E-01 0.90393E-02 0.13763E-01  22.114      4426    .            
 0.23923E-02 0.15352E-01 0.28706E-02 0.13796E-01 0.89762E-02 0.13839E-01  22.119      4427    .            
 0.23504E-02 0.14898E-01 0.29140E-02 0.13177E-01 0.89127E-02 0.13927E-01  22.124      4428    .            
 0.23144E-02 0.14482E-01 0.29534E-02 0.12550E-01 0.88488E-02 0.14024E-01  22.129      4429    .            
 0.22845E-02 0.14118E-01 0.29884E-02 0.11934E-01 0.87844E-02 0.14130E-01  22.134      4430    .            
 0.22607E-02 0.13816E-01 0.30187E-02 0.11351E-01 0.87195E-02 0.14244E-01  22.139      4431    .            
 0.22433E-02 0.13589E-01 0.30443E-02 0.10821E-01 0.86540E-02 0.14363E-01  22.144      4432    .            
 0.22323E-02 0.13442E-01 0.30648E-02 0.10368E-01 0.85880E-02 0.14485E-01  22.149      4433    .            
 0.22278E-02 0.13381E-01 0.30802E-02 0.10011E-01 0.85213E-02 0.14610E-01  22.154      4434    .            
 0.22297E-02 0.13407E-01 0.30904E-02 0.97668E-02 0.84541E-02 0.14733E-01  22.159      4435    .            
 0.22380E-02 0.13517E-01 0.30956E-02 0.96441E-02 0.83863E-02 0.14854E-01  22.164      4436    .            
 0.22527E-02 0.13705E-01 0.30957E-02 0.96426E-02 0.83179E-02 0.14971E-01  22.169      4437    .            
 0.22735E-02 0.13962E-01 0.30910E-02 0.97527E-02 0.82491E-02 0.15080E-01  22.174      4438    .            
 0.23004E-02 0.14276E-01 0.30816E-02 0.99570E-02 0.81797E-02 0.15182E-01  22.179      4439    .            
 0.23331E-02 0.14634E-01 0.30678E-02 0.10233E-01 0.81100E-02 0.15275E-01  22.184      4440    .            
 0.23713E-02 0.15023E-01 0.30500E-02 0.10558E-01 0.80398E-02 0.15357E-01  22.189      4441    .            
 0.24149E-02 0.15427E-01 0.30284E-02 0.10907E-01 0.79694E-02 0.15428E-01  22.194      4442    .            
 0.24634E-02 0.15834E-01 0.30036E-02 0.11259E-01 0.78987E-02 0.15488E-01  22.199      4443    .            
 0.25165E-02 0.16228E-01 0.29759E-02 0.11595E-01 0.78279E-02 0.15536E-01  22.204      4444    .            
 0.25738E-02 0.16596E-01 0.29458E-02 0.11902E-01 0.77569E-02 0.15573E-01  22.209      4445    .            
 0.26349E-02 0.16926E-01 0.29139E-02 0.12166E-01 0.76859E-02 0.15601E-01  22.214      4446    .            
 0.26992E-02 0.17205E-01 0.28807E-02 0.12381E-01 0.76149E-02 0.15620E-01  22.219      4447    .            
 0.27662E-02 0.17423E-01 0.28468E-02 0.12540E-01 0.75440E-02 0.15631E-01  22.224      4448    .            
 0.28355E-02 0.17569E-01 0.28126E-02 0.12640E-01 0.74732E-02 0.15636E-01  22.229      4449    .            
 0.29064E-02 0.17635E-01 0.27788E-02 0.12683E-01 0.74025E-02 0.15638E-01  22.234      4450    .            
 0.29784E-02 0.17613E-01 0.27458E-02 0.12670E-01 0.73319E-02 0.15637E-01  22.239      4451    .            
 0.30509E-02 0.17497E-01 0.27144E-02 0.12607E-01 0.72615E-02 0.15636E-01  22.244      4452    .            
 0.31231E-02 0.17285E-01 0.26849E-02 0.12501E-01 0.71912E-02 0.15637E-01  22.249      4453    .            
 0.31945E-02 0.16972E-01 0.26580E-02 0.12361E-01 0.71211E-02 0.15641E-01  22.254      4454    .            
 0.32644E-02 0.16560E-01 0.26340E-02 0.12199E-01 0.70511E-02 0.15650E-01  22.259      4455    .            
 0.33322E-02 0.16051E-01 0.26135E-02 0.12029E-01 0.69812E-02 0.15665E-01  22.264      4456    .            
 0.33972E-02 0.15449E-01 0.25970E-02 0.11867E-01 0.69113E-02 0.15687E-01  22.269      4457    .            
 0.34589E-02 0.14761E-01 0.25847E-02 0.11728E-01 0.68415E-02 0.15717E-01  22.274      4458    .            
 0.35167E-02 0.13999E-01 0.25772E-02 0.11631E-01 0.67717E-02 0.15756E-01  22.279      4459    .            
 0.35701E-02 0.13176E-01 0.25747E-02 0.11592E-01 0.67018E-02 0.15803E-01  22.284      4460    .            
 0.36184E-02 0.12312E-01 0.25775E-02 0.11629E-01 0.66318E-02 0.15858E-01  22.289      4461    .            
 0.36613E-02 0.11428E-01 0.25860E-02 0.11755E-01 0.65617E-02 0.15920E-01  22.294      4462    .            
 0.36984E-02 0.10556E-01 0.26004E-02 0.11978E-01 0.64913E-02 0.15990E-01  22.299      4463    .            
 0.37294E-02 0.97317E-02 0.26208E-02 0.12306E-01 0.64208E-02 0.16065E-01  22.304      4464    .            
 0.37539E-02 0.90008E-02 0.26474E-02 0.12738E-01 0.63501E-02 0.16145E-01  22.309      4465    .            
 0.37717E-02 0.84143E-02 0.26805E-02 0.13271E-01 0.62791E-02 0.16229E-01  22.314      4466    .            
 0.37828E-02 0.80236E-02 0.27200E-02 0.13896E-01 0.62078E-02 0.16315E-01  22.319      4467    .            
 0.37871E-02 0.78682E-02 0.27660E-02 0.14604E-01 0.61363E-02 0.16401E-01  22.324      4468    .            
 0.37845E-02 0.79617E-02 0.28186E-02 0.15381E-01 0.60645E-02 0.16486E-01  22.329      4469    .            
 0.37752E-02 0.82863E-02 0.28777E-02 0.16214E-01 0.59926E-02 0.16569E-01  22.334      4470    .            
 0.37594E-02 0.87987E-02 0.29433E-02 0.17089E-01 0.59204E-02 0.16649E-01  22.339      4471    .            
 0.37372E-02 0.94449E-02 0.30153E-02 0.17991E-01 0.58481E-02 0.16723E-01  22.344      4472    .            
 0.37089E-02 0.10172E-01 0.30935E-02 0.18906E-01 0.57756E-02 0.16792E-01  22.349      4473    .            
 0.36750E-02 0.10935E-01 0.31778E-02 0.19817E-01 0.57031E-02 0.16854E-01  22.354      4474    .            
 0.36358E-02 0.11696E-01 0.32679E-02 0.20711E-01 0.56306E-02 0.16909E-01  22.359      4475    .            
 0.35919E-02 0.12426E-01 0.33636E-02 0.21571E-01 0.55581E-02 0.16956E-01  22.364      4476    .            
 0.35437E-02 0.13104E-01 0.34644E-02 0.22384E-01 0.54857E-02 0.16996E-01  22.369      4477    .            
 0.34918E-02 0.13713E-01 0.35699E-02 0.23133E-01 0.54135E-02 0.17028E-01  22.374      4478    .            
 0.34368E-02 0.14239E-01 0.36798E-02 0.23804E-01 0.53415E-02 0.17052E-01  22.379      4479    .            
 0.33793E-02 0.14675E-01 0.37935E-02 0.24383E-01 0.52698E-02 0.17070E-01  22.384      4480    .            
 0.33199E-02 0.15015E-01 0.39103E-02 0.24855E-01 0.51984E-02 0.17082E-01  22.389      4481    .            
 0.32594E-02 0.15257E-01 0.40297E-02 0.25206E-01 0.51274E-02 0.17090E-01  22.394      4482    .            
 0.31983E-02 0.15400E-01 0.41509E-02 0.25425E-01 0.50567E-02 0.17093E-01  22.399      4483    .            
 0.31373E-02 0.15447E-01 0.42732E-02 0.25500E-01 0.49866E-02 0.17094E-01  22.404      4484 exit            
 0.31373E-02 0.15447E-01 0.42732E-02 0.25500E-01 0.49866E-02 0.17094E-01  22.404      4485    .            
 0.30772E-02 0.15447E-01 0.43953E-02 0.25500E-01 0.49172E-02 0.17094E-01  22.409      4486 .               
 0.30179E-02 0.15447E-01 0.45177E-02 0.25500E-01 0.48483E-02 0.17094E-01  22.414      4487 .               
 0.29594E-02 0.15447E-01 0.46403E-02 0.25500E-01 0.47799E-02 0.17094E-01  22.419      4488 .               
 0.29018E-02 0.15447E-01 0.47631E-02 0.25500E-01 0.47120E-02 0.17094E-01  22.424      4489 .               
 0.28450E-02 0.15447E-01 0.48862E-02 0.25500E-01 0.46447E-02 0.17094E-01  22.429      4490 .               
 0.27892E-02 0.15447E-01 0.50094E-02 0.25500E-01 0.45780E-02 0.17094E-01  22.434      4491 .               
 0.27345E-02 0.15447E-01 0.51328E-02 0.25500E-01 0.45119E-02 0.17094E-01  22.439      4492 .               
 0.26808E-02 0.15447E-01 0.52564E-02 0.25500E-01 0.44465E-02 0.17094E-01  22.444      4493 .               
 0.26283E-02 0.15447E-01 0.53801E-02 0.25500E-01 0.43817E-02 0.17094E-01  22.449      4494 .               
 0.25770E-02 0.15447E-01 0.55039E-02 0.25500E-01 0.43176E-02 0.17094E-01  22.454      4495 .               
 0.25270E-02 0.15447E-01 0.56279E-02 0.25500E-01 0.42543E-02 0.17094E-01  22.459      4496 .               
 0.24783E-02 0.15447E-01 0.57520E-02 0.25500E-01 0.41917E-02 0.17094E-01  22.464      4497 .               
 0.24311E-02 0.15447E-01 0.58763E-02 0.25500E-01 0.41300E-02 0.17094E-01  22.469      4498 .               
 0.23855E-02 0.15447E-01 0.60006E-02 0.25500E-01 0.40690E-02 0.17094E-01  22.474      4499 .               
 0.23415E-02 0.15447E-01 0.61251E-02 0.25500E-01 0.40090E-02 0.17094E-01  22.479      4500 .               
 0.22992E-02 0.15447E-01 0.62496E-02 0.25500E-01 0.39499E-02 0.17094E-01  22.484      4501 .               
 0.22588E-02 0.15447E-01 0.63743E-02 0.25500E-01 0.38917E-02 0.17094E-01  22.489      4502 .               
 0.22202E-02 0.15447E-01 0.64990E-02 0.25500E-01 0.38345E-02 0.17094E-01  22.494      4503 .               
 0.21837E-02 0.15447E-01 0.66238E-02 0.25500E-01 0.37784E-02 0.17094E-01  22.499      4504 .               
 0.21493E-02 0.15447E-01 0.67487E-02 0.25500E-01 0.37234E-02 0.17094E-01  22.504      4505 .               
 0.21172E-02 0.15447E-01 0.68736E-02 0.25500E-01 0.36695E-02 0.17094E-01  22.509      4506 .               
 0.20874E-02 0.15447E-01 0.69986E-02 0.25500E-01 0.36168E-02 0.17094E-01  22.514      4507 .               
 0.20600E-02 0.15447E-01 0.71237E-02 0.25500E-01 0.35654E-02 0.17094E-01  22.519      4508 .               
 0.20352E-02 0.15447E-01 0.72488E-02 0.25500E-01 0.35153E-02 0.17094E-01  22.524      4509 .               
 0.20129E-02 0.15447E-01 0.73740E-02 0.25500E-01 0.34665E-02 0.17094E-01  22.529      4510 .               
 0.19935E-02 0.15447E-01 0.74993E-02 0.25500E-01 0.34191E-02 0.17094E-01  22.533      4511 .               
 0.19767E-02 0.15447E-01 0.76246E-02 0.25500E-01 0.33733E-02 0.17094E-01  22.538      4512 .               
 0.19629E-02 0.15447E-01 0.77500E-02 0.25500E-01 0.33289E-02 0.17094E-01  22.543      4513 .               
 0.19520E-02 0.15447E-01 0.78754E-02 0.25500E-01 0.32862E-02 0.17094E-01  22.548      4514 .               
 0.19441E-02 0.15447E-01 0.80008E-02 0.25500E-01 0.32451E-02 0.17094E-01  22.553      4515 .               
 0.19392E-02 0.15447E-01 0.81263E-02 0.25500E-01 0.32058E-02 0.17094E-01  22.558      4516 .               
 0.19373E-02 0.15447E-01 0.82519E-02 0.25500E-01 0.31683E-02 0.17094E-01  22.563      4517 .               
 0.19385E-02 0.15447E-01 0.83774E-02 0.25500E-01 0.31326E-02 0.17094E-01  22.568      4518 .               
 0.19427E-02 0.15447E-01 0.85031E-02 0.25500E-01 0.30988E-02 0.17094E-01  22.573      4519 .               
 0.19499E-02 0.15447E-01 0.86287E-02 0.25500E-01 0.30671E-02 0.17094E-01  22.578      4520 .               
 0.19601E-02 0.15447E-01 0.87544E-02 0.25500E-01 0.30373E-02 0.17094E-01  22.583      4521 .               
 0.19733E-02 0.15447E-01 0.88801E-02 0.25500E-01 0.30097E-02 0.17094E-01  22.588      4522 .               
 0.19893E-02 0.15447E-01 0.90059E-02 0.25500E-01 0.29843E-02 0.17094E-01  22.593      4523 .               
 0.20082E-02 0.15447E-01 0.91316E-02 0.25500E-01 0.29611E-02 0.17094E-01  22.598      4524 .               
 0.20298E-02 0.15447E-01 0.92575E-02 0.25500E-01 0.29401E-02 0.17094E-01  22.603      4525 .               
 0.20540E-02 0.15447E-01 0.93833E-02 0.25500E-01 0.29215E-02 0.17094E-01  22.608      4526 .               
 0.20808E-02 0.15447E-01 0.95092E-02 0.25500E-01 0.29053E-02 0.17094E-01  22.613      4527 .               
 0.21101E-02 0.15447E-01 0.96350E-02 0.25500E-01 0.28914E-02 0.17094E-01  22.618      4528 .               
 0.21417E-02 0.15447E-01 0.97610E-02 0.25500E-01 0.28800E-02 0.17094E-01  22.623      4529 .               
 0.21756E-02 0.15447E-01 0.98869E-02 0.25500E-01 0.28711E-02 0.17094E-01  22.628      4530 .               
 0.22116E-02 0.15447E-01 0.10013E-01 0.25500E-01 0.28647E-02 0.17094E-01  22.633      4531 .               
 0.22497E-02 0.15447E-01 0.10139E-01 0.25500E-01 0.28608E-02 0.17094E-01  22.638      4532 .               
 0.22897E-02 0.15447E-01 0.10265E-01 0.25500E-01 0.28594E-02 0.17094E-01  22.643      4533 .               
 0.23316E-02 0.15447E-01 0.10391E-01 0.25500E-01 0.28605E-02 0.17094E-01  22.648      4534 .               
 0.23752E-02 0.15447E-01 0.10517E-01 0.25500E-01 0.28642E-02 0.17094E-01  22.653      4535 .               
 0.24205E-02 0.15447E-01 0.10643E-01 0.25500E-01 0.28704E-02 0.17094E-01  22.658      4536 .               
 0.24673E-02 0.15447E-01 0.10769E-01 0.25500E-01 0.28790E-02 0.17094E-01  22.663      4537 .               
 0.25156E-02 0.15447E-01 0.10895E-01 0.25500E-01 0.28902E-02 0.17094E-01  22.668      4538 .               
 0.25653E-02 0.15447E-01 0.11021E-01 0.25500E-01 0.29038E-02 0.17094E-01  22.673      4539 .               
 0.26163E-02 0.15447E-01 0.11147E-01 0.25500E-01 0.29198E-02 0.17094E-01  22.678      4540 .               
 0.26686E-02 0.15447E-01 0.11274E-01 0.25500E-01 0.29382E-02 0.17094E-01  22.683      4541 .               
 0.27220E-02 0.15447E-01 0.11400E-01 0.25500E-01 0.29589E-02 0.17094E-01  22.688      4542 .               
 0.27765E-02 0.15447E-01 0.11526E-01 0.25500E-01 0.29819E-02 0.17094E-01  22.693      4543 .               
 0.28320E-02 0.15447E-01 0.11652E-01 0.25500E-01 0.30072E-02 0.17094E-01  22.698      4544 .               
 0.28886E-02 0.15447E-01 0.11778E-01 0.25500E-01 0.30346E-02 0.17094E-01  22.703      4545 .               
 0.29460E-02 0.15447E-01 0.11905E-01 0.25500E-01 0.30641E-02 0.17094E-01  22.708      4546 .               
 0.30043E-02 0.15447E-01 0.12031E-01 0.25500E-01 0.30957E-02 0.17094E-01  22.713      4547 .               
 0.30635E-02 0.15447E-01 0.12157E-01 0.25500E-01 0.31292E-02 0.17094E-01  22.718      4548 .               
 0.31234E-02 0.15447E-01 0.12283E-01 0.25500E-01 0.31647E-02 0.17094E-01  22.723      4549 .               
 0.31840E-02 0.15447E-01 0.12410E-01 0.25500E-01 0.32021E-02 0.17094E-01  22.727      4550 .               
 0.32453E-02 0.15447E-01 0.12536E-01 0.25500E-01 0.32412E-02 0.17094E-01  22.732      4551 .               
 0.33073E-02 0.15447E-01 0.12662E-01 0.25500E-01 0.32821E-02 0.17094E-01  22.737      4552 .               
 0.33699E-02 0.15447E-01 0.12788E-01 0.25500E-01 0.33247E-02 0.17094E-01  22.742      4553 .               
 0.34330E-02 0.15447E-01 0.12915E-01 0.25500E-01 0.33689E-02 0.17094E-01  22.747      4554 .               
 0.34967E-02 0.15447E-01 0.13041E-01 0.25500E-01 0.34146E-02 0.17094E-01  22.752      4555 .               
 0.35609E-02 0.15447E-01 0.13167E-01 0.25500E-01 0.34618E-02 0.17094E-01  22.757      4556 .               
 0.36257E-02 0.15447E-01 0.13294E-01 0.25500E-01 0.35104E-02 0.17094E-01  22.762      4557 .               
 0.36908E-02 0.15447E-01 0.13420E-01 0.25500E-01 0.35604E-02 0.17094E-01  22.767      4558 .               
 0.37565E-02 0.15447E-01 0.13546E-01 0.25500E-01 0.36117E-02 0.17094E-01  22.772      4559 .               
 0.38225E-02 0.15447E-01 0.13673E-01 0.25500E-01 0.36643E-02 0.17094E-01  22.777      4560 .               
 0.38889E-02 0.15447E-01 0.13799E-01 0.25500E-01 0.37181E-02 0.17094E-01  22.782      4561 .               
 0.39557E-02 0.15447E-01 0.13926E-01 0.25500E-01 0.37730E-02 0.17094E-01  22.787      4562 .               
 0.40229E-02 0.15447E-01 0.14052E-01 0.25500E-01 0.38290E-02 0.17094E-01  22.792      4563 .               
 0.40904E-02 0.15447E-01 0.14178E-01 0.25500E-01 0.38861E-02 0.17094E-01  22.797      4564 .               
 0.41583E-02 0.15447E-01 0.14305E-01 0.25500E-01 0.39441E-02 0.17094E-01  22.802      4565 .               
 0.42264E-02 0.15447E-01 0.14431E-01 0.25500E-01 0.40032E-02 0.17094E-01  22.807      4566 .               
 0.42948E-02 0.15447E-01 0.14558E-01 0.25500E-01 0.40631E-02 0.17094E-01  22.812      4567 .               
 0.43636E-02 0.15447E-01 0.14684E-01 0.25500E-01 0.41240E-02 0.17094E-01  22.817      4568 .               
 0.44325E-02 0.15447E-01 0.14811E-01 0.25500E-01 0.41857E-02 0.17094E-01  22.822      4569 .               
 0.45018E-02 0.15447E-01 0.14937E-01 0.25500E-01 0.42482E-02 0.17094E-01  22.827      4570 .               
 0.45713E-02 0.15447E-01 0.15063E-01 0.25500E-01 0.43114E-02 0.17094E-01  22.832      4571 .               
 0.46410E-02 0.15447E-01 0.15190E-01 0.25500E-01 0.43754E-02 0.17094E-01  22.837      4572 .               
 0.47109E-02 0.15447E-01 0.15316E-01 0.25500E-01 0.44401E-02 0.17094E-01  22.842      4573 .               
 0.47810E-02 0.15447E-01 0.15443E-01 0.25500E-01 0.45055E-02 0.17094E-01  22.847      4574 .               
 0.48514E-02 0.15447E-01 0.15569E-01 0.25500E-01 0.45715E-02 0.17094E-01  22.852      4575 .               
 0.49219E-02 0.15447E-01 0.15696E-01 0.25500E-01 0.46382E-02 0.17094E-01  22.857      4576 .               
 0.49927E-02 0.15447E-01 0.15822E-01 0.25500E-01 0.47054E-02 0.17094E-01  22.862      4577 .               
 0.50636E-02 0.15447E-01 0.15949E-01 0.25500E-01 0.47732E-02 0.17094E-01  22.867      4578 .               
 0.51346E-02 0.15447E-01 0.16075E-01 0.25500E-01 0.48416E-02 0.17094E-01  22.872      4579 .               
 0.52059E-02 0.15447E-01 0.16202E-01 0.25500E-01 0.49104E-02 0.17094E-01  22.877      4580 .               
 0.52773E-02 0.15447E-01 0.16328E-01 0.25500E-01 0.49798E-02 0.17094E-01  22.882      4581 .               
 0.53488E-02 0.15447E-01 0.16455E-01 0.25500E-01 0.50496E-02 0.17094E-01  22.887      4582 .               
 0.54205E-02 0.15447E-01 0.16581E-01 0.25500E-01 0.51200E-02 0.17094E-01  22.892      4583 .               
 0.54924E-02 0.15447E-01 0.16708E-01 0.25500E-01 0.51907E-02 0.17094E-01  22.897      4584 .               
 0.55643E-02 0.15447E-01 0.16835E-01 0.25500E-01 0.52619E-02 0.17094E-01  22.902      4585 .               
 0.56364E-02 0.15447E-01 0.16961E-01 0.25500E-01 0.53334E-02 0.17094E-01  22.907      4586 .               
 0.57086E-02 0.15447E-01 0.17088E-01 0.25500E-01 0.54054E-02 0.17094E-01  22.912      4587 .               
 0.57810E-02 0.15447E-01 0.17214E-01 0.25500E-01 0.54778E-02 0.17094E-01  22.917      4588 .               
 0.58534E-02 0.15447E-01 0.17341E-01 0.25500E-01 0.55505E-02 0.17094E-01  22.921      4589 .               
 0.59260E-02 0.15447E-01 0.17467E-01 0.25500E-01 0.56235E-02 0.17094E-01  22.926      4590 .               
 0.59987E-02 0.15447E-01 0.17594E-01 0.25500E-01 0.56969E-02 0.17094E-01  22.931      4591 .               
 0.60714E-02 0.15447E-01 0.17720E-01 0.25500E-01 0.57706E-02 0.17094E-01  22.936      4592 .               
 0.61443E-02 0.15447E-01 0.17847E-01 0.25500E-01 0.58446E-02 0.17094E-01  22.941      4593 .               
 0.62173E-02 0.15447E-01 0.17974E-01 0.25500E-01 0.59189E-02 0.17094E-01  22.946      4594 .               
 0.62903E-02 0.15447E-01 0.18100E-01 0.25500E-01 0.59935E-02 0.17094E-01  22.951      4595 .               
 0.63635E-02 0.15447E-01 0.18227E-01 0.25500E-01 0.60683E-02 0.17094E-01  22.956      4596 .               
 0.64367E-02 0.15447E-01 0.18353E-01 0.25500E-01 0.61435E-02 0.17094E-01  22.961      4597 .               
 0.65100E-02 0.15447E-01 0.18480E-01 0.25500E-01 0.62188E-02 0.17094E-01  22.966      4598 .               
 0.65834E-02 0.15447E-01 0.18606E-01 0.25500E-01 0.62945E-02 0.17094E-01  22.971      4599 .               
 0.66569E-02 0.15447E-01 0.18733E-01 0.25500E-01 0.63703E-02 0.17094E-01  22.976      4600 .               
 0.67305E-02 0.15447E-01 0.18860E-01 0.25500E-01 0.64464E-02 0.17094E-01  22.981      4601 .               
 0.68041E-02 0.15447E-01 0.18986E-01 0.25500E-01 0.65227E-02 0.17094E-01  22.986      4602 .               
 0.68778E-02 0.15447E-01 0.19113E-01 0.25500E-01 0.65992E-02 0.17094E-01  22.991      4603 .               
 0.69515E-02 0.15447E-01 0.19239E-01 0.25500E-01 0.66760E-02 0.17094E-01  22.996      4604 .               
 0.70254E-02 0.15447E-01 0.19366E-01 0.25500E-01 0.67529E-02 0.17094E-01  23.001      4605 .               
 0.70993E-02 0.15447E-01 0.19493E-01 0.25500E-01 0.68300E-02 0.17094E-01  23.006      4606 .               
 0.71732E-02 0.15447E-01 0.19619E-01 0.25500E-01 0.69073E-02 0.17094E-01  23.011      4607 .               
 0.72472E-02 0.15447E-01 0.19746E-01 0.25500E-01 0.69848E-02 0.17094E-01  23.016      4608 .               
 0.73213E-02 0.15447E-01 0.19873E-01 0.25500E-01 0.70625E-02 0.17094E-01  23.021      4609 .               
 0.73954E-02 0.15447E-01 0.19999E-01 0.25500E-01 0.71403E-02 0.17094E-01  23.026      4610 .               
 0.74696E-02 0.15447E-01 0.20126E-01 0.25500E-01 0.72183E-02 0.17094E-01  23.031      4611 .               
 0.75439E-02 0.15447E-01 0.20252E-01 0.25500E-01 0.72964E-02 0.17094E-01  23.036      4612 .               
 0.76181E-02 0.15447E-01 0.20379E-01 0.25500E-01 0.73747E-02 0.17094E-01  23.041      4613 .               
 0.76925E-02 0.15447E-01 0.20506E-01 0.25500E-01 0.74532E-02 0.17094E-01  23.046      4614 .               
 0.77669E-02 0.15447E-01 0.20632E-01 0.25500E-01 0.75318E-02 0.17094E-01  23.051      4615 .               
 0.78413E-02 0.15447E-01 0.20759E-01 0.25500E-01 0.76105E-02 0.17094E-01  23.056      4616 .               
 0.79158E-02 0.15447E-01 0.20886E-01 0.25500E-01 0.76894E-02 0.17094E-01  23.061      4617 .               
 0.79903E-02 0.15447E-01 0.21012E-01 0.25500E-01 0.77684E-02 0.17094E-01  23.066      4618 .               
 0.80649E-02 0.15447E-01 0.21139E-01 0.25500E-01 0.78475E-02 0.17094E-01  23.071      4619 .               
 0.81395E-02 0.15447E-01 0.21266E-01 0.25500E-01 0.79267E-02 0.17094E-01  23.076      4620 .               
 0.82141E-02 0.15447E-01 0.21392E-01 0.25500E-01 0.80061E-02 0.17094E-01  23.081      4621 .               
 0.82888E-02 0.15447E-01 0.21519E-01 0.25500E-01 0.80856E-02 0.17094E-01  23.086      4622 .               
 0.83636E-02 0.15447E-01 0.21646E-01 0.25500E-01 0.81651E-02 0.17094E-01  23.091      4623 .               
 0.84383E-02 0.15447E-01 0.21772E-01 0.25500E-01 0.82448E-02 0.17094E-01  23.096      4624 .               
 0.85131E-02 0.15447E-01 0.21899E-01 0.25500E-01 0.83246E-02 0.17094E-01  23.101      4625 .               
 0.85880E-02 0.15447E-01 0.22026E-01 0.25500E-01 0.84045E-02 0.17094E-01  23.106      4626 .               
 0.86628E-02 0.15447E-01 0.22152E-01 0.25500E-01 0.84845E-02 0.17094E-01  23.111      4627 .               
 0.87378E-02 0.15447E-01 0.22279E-01 0.25500E-01 0.85646E-02 0.17094E-01  23.115      4628 .               
 0.88127E-02 0.15447E-01 0.22406E-01 0.25500E-01 0.86448E-02 0.17094E-01  23.120      4629 .               
 0.88877E-02 0.15447E-01 0.22532E-01 0.25500E-01 0.87251E-02 0.17094E-01  23.125      4630 .               
 0.89627E-02 0.15447E-01 0.22659E-01 0.25500E-01 0.88055E-02 0.17094E-01  23.130      4631 .               
 0.90377E-02 0.15447E-01 0.22786E-01 0.25500E-01 0.88860E-02 0.17094E-01  23.135      4632 .               
 0.91128E-02 0.15447E-01 0.22912E-01 0.25500E-01 0.89665E-02 0.17094E-01  23.140      4633 .               
 0.91879E-02 0.15447E-01 0.23039E-01 0.25500E-01 0.90471E-02 0.17094E-01  23.145      4634 .               
 0.92630E-02 0.15447E-01 0.23166E-01 0.25500E-01 0.91278E-02 0.17094E-01  23.150      4635 .               
 0.93382E-02 0.15447E-01 0.23292E-01 0.25500E-01 0.92086E-02 0.17094E-01  23.155      4636 .               
 0.94133E-02 0.15447E-01 0.23419E-01 0.25500E-01 0.92895E-02 0.17094E-01  23.160      4637 .               
 0.94886E-02 0.15447E-01 0.23546E-01 0.25500E-01 0.93704E-02 0.17094E-01  23.165      4638 .               
 0.95638E-02 0.15447E-01 0.23672E-01 0.25500E-01 0.94514E-02 0.17094E-01  23.170      4639 .               
 0.96390E-02 0.15447E-01 0.23799E-01 0.25500E-01 0.95325E-02 0.17094E-01  23.175      4640 .               
 0.97143E-02 0.15447E-01 0.23926E-01 0.25500E-01 0.96136E-02 0.17094E-01  23.180      4641 .               
 0.97896E-02 0.15447E-01 0.24052E-01 0.25500E-01 0.96948E-02 0.17094E-01  23.185      4642 .               
 0.98650E-02 0.15447E-01 0.24179E-01 0.25500E-01 0.97761E-02 0.17094E-01  23.190      4643 .               
 0.99403E-02 0.15447E-01 0.24306E-01 0.25500E-01 0.98575E-02 0.17094E-01  23.195      4644 .               
 0.10016E-01 0.15447E-01 0.24433E-01 0.25500E-01 0.99389E-02 0.17094E-01  23.200      4645 .               
 0.10091E-01 0.15447E-01 0.24559E-01 0.25500E-01 0.10020E-01 0.17094E-01  23.205      4646 .               
 0.10167E-01 0.15447E-01 0.24686E-01 0.25500E-01 0.10102E-01 0.17094E-01  23.210      4647 .               
 0.10242E-01 0.15447E-01 0.24813E-01 0.25500E-01 0.10183E-01 0.17094E-01  23.215      4648 .               
 0.10317E-01 0.15447E-01 0.24939E-01 0.25500E-01 0.10265E-01 0.17094E-01  23.220      4649 .               
 0.10393E-01 0.15447E-01 0.25066E-01 0.25500E-01 0.10347E-01 0.17094E-01  23.225      4650 .               
 0.10468E-01 0.15447E-01 0.25193E-01 0.25500E-01 0.10428E-01 0.17094E-01  23.230      4651 .               
 0.10544E-01 0.15447E-01 0.25320E-01 0.25500E-01 0.10510E-01 0.17094E-01  23.235      4652 .               
 0.10619E-01 0.15447E-01 0.25446E-01 0.25500E-01 0.10592E-01 0.17094E-01  23.240      4653 .               
 0.10695E-01 0.15447E-01 0.25573E-01 0.25500E-01 0.10674E-01 0.17094E-01  23.245      4654 .               
 0.10771E-01 0.15447E-01 0.25700E-01 0.25500E-01 0.10756E-01 0.17094E-01  23.250      4655 .               
 0.10846E-01 0.15447E-01 0.25826E-01 0.25500E-01 0.10838E-01 0.17094E-01  23.255      4656 .               
 0.10922E-01 0.15447E-01 0.25953E-01 0.25500E-01 0.10920E-01 0.17094E-01  23.260      4657 .               
 0.10997E-01 0.15447E-01 0.26080E-01 0.25500E-01 0.11002E-01 0.17094E-01  23.265      4658 .               
 0.11073E-01 0.15447E-01 0.26207E-01 0.25500E-01 0.11084E-01 0.17094E-01  23.270      4659 .               
 0.11149E-01 0.15447E-01 0.26333E-01 0.25500E-01 0.11166E-01 0.17094E-01  23.275      4660 .               
 0.11224E-01 0.15447E-01 0.26460E-01 0.25500E-01 0.11249E-01 0.17094E-01  23.280      4661 .               
 0.11300E-01 0.15447E-01 0.26587E-01 0.25500E-01 0.11331E-01 0.17094E-01  23.285      4662 .               
 0.11376E-01 0.15447E-01 0.26713E-01 0.25500E-01 0.11413E-01 0.17094E-01  23.290      4663 .               
 0.11452E-01 0.15447E-01 0.26840E-01 0.25500E-01 0.11495E-01 0.17094E-01  23.295      4664 .               
 0.11527E-01 0.15447E-01 0.26967E-01 0.25500E-01 0.11578E-01 0.17094E-01  23.300      4665 .               
 0.11603E-01 0.15447E-01 0.27094E-01 0.25500E-01 0.11660E-01 0.17094E-01  23.305      4666 .               
 0.11679E-01 0.15447E-01 0.27220E-01 0.25500E-01 0.11743E-01 0.17094E-01  23.309      4667 .               
 0.11755E-01 0.15447E-01 0.27347E-01 0.25500E-01 0.11825E-01 0.17094E-01  23.314      4668 .               
 0.11830E-01 0.15447E-01 0.27474E-01 0.25500E-01 0.11908E-01 0.17094E-01  23.319      4669 .               
 0.11906E-01 0.15447E-01 0.27600E-01 0.25500E-01 0.11990E-01 0.17094E-01  23.324      4670 .               
 0.11982E-01 0.15447E-01 0.27727E-01 0.25500E-01 0.12073E-01 0.17094E-01  23.329      4671 .               
 0.12058E-01 0.15447E-01 0.27854E-01 0.25500E-01 0.12155E-01 0.17094E-01  23.334      4672 .               
 0.12134E-01 0.15447E-01 0.27981E-01 0.25500E-01 0.12238E-01 0.17094E-01  23.339      4673 .               
 0.12210E-01 0.15447E-01 0.28107E-01 0.25500E-01 0.12321E-01 0.17094E-01  23.344      4674 .               
 0.12285E-01 0.15447E-01 0.28234E-01 0.25500E-01 0.12404E-01 0.17094E-01  23.349      4675 .               
 0.12361E-01 0.15447E-01 0.28361E-01 0.25500E-01 0.12486E-01 0.17094E-01  23.354      4676 .               
 0.12437E-01 0.15447E-01 0.28488E-01 0.25500E-01 0.12569E-01 0.17094E-01  23.359      4677 .               
 0.12513E-01 0.15447E-01 0.28614E-01 0.25500E-01 0.12652E-01 0.17094E-01  23.364      4678 .               
 0.12589E-01 0.15447E-01 0.28741E-01 0.25500E-01 0.12735E-01 0.17094E-01  23.369      4679 .               
 0.12665E-01 0.15447E-01 0.28868E-01 0.25500E-01 0.12818E-01 0.17094E-01  23.374      4680 .               
 0.12741E-01 0.15447E-01 0.28995E-01 0.25500E-01 0.12900E-01 0.17094E-01  23.379      4681 .               
 0.12817E-01 0.15447E-01 0.29121E-01 0.25500E-01 0.12983E-01 0.17094E-01  23.384      4682 .               
 0.12893E-01 0.15447E-01 0.29248E-01 0.25500E-01 0.13066E-01 0.17094E-01  23.389      4683 .               
 0.12969E-01 0.15447E-01 0.29375E-01 0.25500E-01 0.13149E-01 0.17094E-01  23.394      4684 .               
 0.13045E-01 0.15447E-01 0.29502E-01 0.25500E-01 0.13232E-01 0.17094E-01  23.399      4685 .               
 0.13121E-01 0.15447E-01 0.29628E-01 0.25500E-01 0.13315E-01 0.17094E-01  23.404      4686    .            
                                                                        fit arbitrary parameter  0 0  0.0000      10.000      1  FIT
                                                                                                      0.26985     Value
                                                                            Beam matrix element  6 5  0.0000      1.0000      1  FIT
                                                                                                      0.97667     Value
